data;horario;n_da_ocorrencia;tipo_de_ocorrencia;km;trecho;sentido;tipo_de_acidente;automovel;bicicleta;caminhao;moto;onibus;outros;tracao_animal;transporte_de_cargas_especiais;trator_maquinas;utilitarios;ilesos;levemente_feridos;moderadamente_feridos;gravemente_feridos;mortos
"30/08/2011";"04:13:00";"53";"com vítima";"103";"BR-393/RJ";"Sul";"Choque - Poste";1;0;0;0;0;0;0;0;0;0;0;2;2;0;0
"31/08/2011";"08:07:00";"30";"com vítima";"286";"BR-393/RJ";"Sul";"Engavetamento";2;0;1;0;0;0;0;0;0;0;0;3;0;0;0
"31/08/2011";"08:27:00";"32";"com vítima";"285";"BR-393/RJ";"Norte";"Colisão Lateral";2;0;0;0;0;0;0;0;0;0;0;2;0;0;0
"01/09/2011";"01:14:00";"52";"com vítima";"179.5";"BR-393/RJ";"Sul";"Choque - Outros";1;0;0;0;0;0;0;0;0;0;0;2;0;0;0
"02/09/2011";"11:35:00";"30";"com vítima";"270.48";"BR-393/RJ";"Norte";"Tombamento";0;0;1;0;0;0;0;0;0;0;0;1;0;0;0
"02/09/2011";"06:22:00";"55";"com vítima";"283.63";"BR-393/RJ";"Sul";"Colisão Transversal";2;0;0;0;0;0;0;0;0;0;0;2;0;0;0
"03/09/2011";"07:16:00";"15";"com vítima";"157.26";"BR-393/RJ";"Sul";"Tombamento";0;0;1;0;0;0;0;0;0;0;1;1;0;0;0
"03/09/2011";"07:37:00";"17";"com vítima";"239.23";"BR-393/RJ";"Norte";"Capotamento";1;0;0;0;0;0;0;0;0;0;0;1;0;0;0
"03/09/2011";"09:26:00";"31";"com vítima";"200.587";"BR-393/RJ";"Norte";"Colisão Traseira";1;0;1;0;0;0;0;0;0;0;2;2;0;0;0
"03/09/2011";"09:28:00";"32";"com vítima";"195.062";"BR-393/RJ";"Norte";"Choque - Outros";0;0;1;0;0;0;0;0;0;0;0;1;0;0;0
"03/09/2011";"10:52:00";"38";"com vítima";"285.45";"BR-393/RJ";"Norte";"Colisão Lateral";2;0;0;0;0;0;0;0;0;0;0;2;0;0;0
"03/09/2011";"11:46:00";"42";"com vítima";"285.4";"BR-393/RJ";"Sul";"Engavetamento";4;0;0;0;0;0;0;0;0;0;0;5;0;0;0
"03/09/2011";"12:35:00";"44";"sem vítima";"284.915";"BR-393/RJ";"Sul";"Colisão Traseira";2;0;0;0;0;0;0;0;0;0;2;0;0;0;0
"03/09/2011";"06:44:00";"62";"com vítima";"143.45";"BR-393/RJ";"Norte";"Capotamento";0;0;1;0;0;0;0;0;0;0;0;0;0;0;1
"03/09/2011";"09:08:00";"75";"sem vítima";"284.67";"BR-393/RJ";"Norte";"Colisão Traseira";2;0;0;0;0;0;0;0;0;0;2;0;0;0;0
"04/09/2011";"12:25:00";"5";"sem vítima";"217.6";"BR-393/RJ";"Sul";"Choque - Outros";1;0;0;0;0;0;0;0;0;0;1;0;0;0;0
"04/09/2011";"04:32:00";"18";"sem vítima";"166.9";"BR-393/RJ";"Sul";"Choque - Defensa, barreira ou "submarino"";1;0;0;0;0;0;0;0;0;0;1;0;0;0;0
"04/09/2011";"04:54:00";"20";"com vítima";"284.3";"BR-393/RJ";"Norte";"Choque - Defensa, barreira ou "submarino"";1;0;0;0;0;0;0;0;0;0;0;1;0;0;0
"04/09/2011";"05:09:00";"21";"com vítima";"285.25";"BR-393/RJ";"Norte";"Saida de Pista";1;0;0;0;0;0;0;0;0;0;0;1;0;0;0
"04/09/2011";"10:14:00";"91";"com vítima";"151.92";"BR-393/RJ";"Sul";"Tombamento";0;0;1;0;0;0;0;0;0;0;0;1;0;0;0
"05/09/2011";"07:15:00";"23";"sem vítima";"211.3";"BR-393/RJ";"Norte";"Saida de Pista";1;0;0;0;0;0;0;0;0;0;1;0;0;0;0
"05/09/2011";"08:16:00";"28";"com vítima";"200.5";"BR-393/RJ";"Norte";"Queda de Moto";0;0;0;1;0;0;0;0;0;0;0;1;0;0;0
"05/09/2011";"11:32:00";"44";"com vítima";"131.98";"BR-393/RJ";"Norte";"Colisão Lateral";1;0;1;0;0;0;0;0;0;0;1;4;0;0;0
"05/09/2011";"06:18:00";"68";"sem vítima";"189.6";"BR-393/RJ";"Sul";"Atropelamento de Animal";0;0;1;0;0;0;0;0;0;0;1;0;0;0;0
"06/09/2011";"10:03:00";"24";"com vítima";"177.8";"BR-393/RJ";"Norte";"Colisão Lateral";3;0;0;0;0;0;0;0;0;0;1;2;0;0;0
"06/09/2011";"01:30:00";"40";"sem vítima";"159.68";"BR-393/RJ";"Norte";"Choque - Suporte de Sinalização";1;0;0;0;0;0;0;0;0;0;1;0;0;0;0
"06/09/2011";"11:32:00";"66";"com vítima";"143.475";"BR-393/RJ";"Norte";"Capotamento";0;0;1;0;0;0;0;0;0;0;0;0;0;0;1
"07/09/2011";"10:18:00";"21";"com vítima";"169.46";"BR-393/RJ";"Sul";"Choque - Elemento de Drenagem";1;0;0;0;0;0;0;0;0;0;0;1;0;0;0
"07/09/2011";"12:06:00";"27";"com vítima";"241.9";"BR-393/RJ";"Norte";"Queda de Moto";0;0;0;1;0;0;0;0;0;0;0;0;0;1;0
"07/09/2011";"07:02:00";"45";"com vítima";"281.5";"BR-393/RJ";"Sul";"Colisão Traseira";2;0;0;0;0;0;0;0;0;0;2;1;0;0;0
"07/09/2011";"07:14:00";"47";"sem vítima";"226.9";"BR-393/RJ";"Sul";"Atropelamento de Animal";0;0;1;0;0;0;0;0;0;0;1;0;0;0;0
"07/09/2011";"08:24:00";"56";"sem vítima";"255.75";"BR-393/RJ";"Norte";"Abalroamento Mesmo Sentido ";2;0;0;0;0;0;0;0;0;0;2;0;0;0;0
"08/09/2011";"03:04:00";"60";"sem vítima";"177";"BR-393/RJ";"Norte";"Engavetamento";3;0;0;0;0;0;0;0;0;0;5;0;0;0;0
"08/09/2011";"05:55:00";"71";"com vítima";"278";"BR-393/RJ";"Sul";"Atropelamento - Andarilho";1;0;0;0;0;0;0;0;0;0;1;0;1;0;0
"09/09/2011";"03:56:00";"4";"sem vítima";"244";"BR-393/RJ";"Norte";"Saida de Pista";1;0;0;0;0;0;0;0;0;0;1;0;0;0;0
"09/09/2011";"04:13:00";"50";"com vítima";"200";"BR-393/RJ";"Norte";"Saida de Pista";1;0;0;0;0;0;0;0;0;0;0;2;0;0;0
"09/09/2011";"05:14:00";"56";"com vítima";"281";"BR-393/RJ";"Sul";"Colisão Lateral";2;0;0;0;0;0;0;0;0;0;0;2;0;0;0
"10/09/2011";"04:08:00";"9";"com vítima";"157";"BR-393/RJ";"Norte";"Saida de Pista";0;0;1;0;0;0;0;0;0;0;0;1;0;0;0
"10/09/2011";"08:49:00";"23";"sem vítima";"156";"BR-393/RJ";"Norte";"Colisão Lateral";1;0;1;0;0;0;0;0;0;0;3;0;0;0;0
"10/09/2011";"11:29:00";"30";"com vítima";"104.213";"BR-393/RJ";"Norte";"Colisão Lateral";2;0;0;0;0;0;0;0;0;0;0;4;0;0;0
"10/09/2011";"02:26:00";"39";"com vítima";"157";"BR-393/RJ";"Norte";"Saida de Pista";0;0;1;0;0;0;0;0;0;0;0;1;0;0;0
"11/09/2011";"10:35:00";"26";"com vítima";"252.5";"BR-393/RJ";"Sul";"Colisão Transversal";2;0;0;0;0;0;0;0;0;0;0;7;0;0;0
"11/09/2011";"07:13:00";"64";"sem vítima";"271.1";"BR-393/RJ";"Norte";"Outros - Sequência";4;0;0;0;0;0;0;0;0;0;6;0;0;0;0
"12/09/2011";"03:20:00";"63";"com vítima";"257";"BR-393/RJ";"Norte";"Queda de Moto";0;0;0;1;0;0;0;0;0;0;0;1;0;0;0
"12/09/2011";"04:20:00";"67";"sem vítima";"254.6";"BR-393/RJ";"Sul";"Choque - Talude";0;0;1;0;0;0;0;0;0;0;1;0;0;0;0
"12/09/2011";"06:25:00";"78";"sem vítima";"227.5";"BR-393/RJ";"Norte";"Atropelamento de Animal";1;0;0;0;0;0;0;0;0;0;1;0;0;0;0
"12/09/2011";"11:12:00";"93";"sem vítima";"213.5";"BR-393/RJ";"Sul";"Abalroamento Sentido Oposto";0;0;3;0;0;0;0;0;0;0;5;0;0;0;0
"13/09/2011";"03:05:00";"8";"sem vítima";"131";"BR-393/RJ";"Norte";"Choque - Poste";0;0;1;0;0;0;0;0;0;0;2;0;0;0;0
"13/09/2011";"10:23:00";"29";"com vítima";"112";"BR-393/RJ";"Sul";"Abalroamento Mesmo Sentido ";0;0;2;0;0;0;0;0;0;0;0;4;0;0;0
"14/09/2011";"02:06:00";"52";"com vítima";"265";"BR-393/RJ";"Norte";"Colisão Traseira";2;0;0;0;0;0;0;0;0;0;0;2;0;0;0
"14/09/2011";"03:03:00";"56";"com vítima";"248";"BR-393/RJ";"Sul";"Colisão Lateral";1;0;0;1;0;0;0;0;0;0;0;3;0;0;0
"14/09/2011";"06:12:00";"62";"com vítima";"220";"BR-393/RJ";"Sul";"Colisão Transversal";2;0;0;0;0;0;0;0;0;0;2;1;0;0;0
"15/09/2011";"11:33:00";"30";"com vítima";"178";"BR-393/RJ";"Norte";"Colisão Traseira";2;0;0;0;0;0;0;0;0;0;1;1;0;0;0
"16/09/2011";"12:55:00";"2";"sem vítima";"284.2";"BR-393/RJ";"Norte";"Engavetamento";2;0;1;0;0;0;0;0;0;0;3;0;0;0;0
"16/09/2011";"04:50:00";"14";"com vítima";"266.5";"BR-393/RJ";"Sul";"Abalroamento Sentido Oposto";0;0;1;0;1;0;0;0;0;0;0;2;0;0;0
"16/09/2011";"09:22:00";"30";"com vítima";"199";"BR-393/RJ";"Norte";"Colisão Traseira";2;0;0;0;0;0;0;0;0;0;0;3;0;0;0
"16/09/2011";"04:21:00";"54";"sem vítima";"161";"BR-393/RJ";"Sul";"Choque - Elemento de Drenagem";1;0;0;0;0;0;0;0;0;0;11;0;0;0;0
"17/09/2011";"02:49:00";"6";"com vítima";"199.5";"BR-393/RJ";"Norte";"Outros - Sequência";0;0;3;0;0;0;0;0;0;0;2;1;0;0;0
"17/09/2011";"07:56:00";"13";"com vítima";"280";"BR-393/RJ";"Sul";"Atropelamento - Ciclista";1;0;0;0;0;0;0;0;0;0;0;1;1;0;0
"17/09/2011";"09:44:00";"16";"com vítima";"283";"BR-393/RJ";"Norte";"Colisão Traseira";0;0;1;0;1;0;0;0;0;0;0;2;0;0;0
"17/09/2011";"10:02:00";"18";"com vítima";"227";"BR-393/RJ";"Norte";"Saida de Pista";1;0;0;0;0;0;0;0;0;0;1;1;0;0;0
"17/09/2011";"05:50:00";"44";"com vítima";"168";"BR-393/RJ";"Sul";"Colisão Frontal";1;0;1;0;0;0;0;0;0;0;1;0;1;0;0
"18/09/2011";"05:02:00";"6";"com vítima";"281.5";"BR-393/RJ";"Norte";"Capotamento";1;0;0;0;0;0;0;0;0;0;0;1;0;0;0
"18/09/2011";"08:55:00";"11";"com vítima";"151.8";"BR-393/RJ";"Sul";"Tombamento";0;0;1;0;0;0;0;0;0;0;0;1;0;0;0
"18/09/2011";"04:55:00";"28";"sem vítima";"241";"BR-393/RJ";"Sul";"Colisão Transversal";2;0;0;0;0;0;0;0;0;0;4;0;0;0;0
"18/09/2011";"08:20:00";"46";"com vítima";"243";"BR-393/RJ";"Sul";"Choque - Elemento de Drenagem";1;0;0;0;0;0;0;0;0;0;1;1;0;0;0
"18/09/2011";"10:35:00";"52";"sem vítima";"285";"BR-393/RJ";"Norte";"Colisão Traseira";2;0;0;0;0;0;0;0;0;0;2;0;0;0;0
"19/09/2011";"09:27:00";"27";"com vítima";"247";"BR-393/RJ";"Norte";"Colisão Lateral";1;0;1;0;0;0;0;0;0;0;1;1;0;0;0
"19/09/2011";"06:08:00";"53";"sem vítima";"103.8";"BR-393/RJ";"Sul";"Choque - Defensa, barreira ou "submarino"";1;0;0;0;0;0;0;0;0;0;2;0;0;0;0
"19/09/2011";"10:10:00";"63";"sem vítima";"274";"BR-393/RJ";"Sul";"Capotamento";1;0;0;0;0;0;0;0;0;0;1;0;0;0;0
"21/09/2011";"06:41:00";"12";"sem vítima";"279.7";"BR-393/RJ";"Norte";"Choque - Outros";0;0;1;0;0;0;0;0;0;0;1;0;0;0;0
"21/09/2011";"06:21:00";"59";"com vítima";"204.2";"BR-393/RJ";"Norte";"Colisão Lateral";1;0;0;1;0;0;0;0;0;0;1;2;0;0;0
"22/09/2011";"10:20:00";"32";"com vítima";"284";"BR-393/RJ";"Sul";"Colisão Traseira";0;0;2;0;0;0;0;0;0;0;1;1;0;0;0
"22/09/2011";"02:01:00";"50";"com vítima";"175";"BR-393/RJ";"Norte";"Saida de Pista";1;0;0;0;0;0;0;0;0;0;0;3;0;0;0
"23/09/2011";"07:54:00";"24";"com vítima";"286";"BR-393/RJ";"Sul";"Colisão Traseira";1;0;0;1;0;0;0;0;0;0;1;1;0;0;0
"23/09/2011";"08:20:00";"28";"sem vítima";"285";"BR-393/RJ";"Sul";"Colisão Traseira";1;0;1;0;0;0;0;0;0;0;2;0;0;0;0
"23/09/2011";"12:31:00";"47";"com vítima";"178";"BR-393/RJ";"Norte";"Colisão Traseira";2;0;0;0;0;0;0;0;0;0;1;5;0;0;0
"23/09/2011";"07:34:00";"81";"com vítima";"229";"BR-393/RJ";"Sul";"Capotamento";1;0;0;0;0;0;0;0;0;0;0;0;0;1;0
"23/09/2011";"08:20:00";"83";"sem vítima";"176";"BR-393/RJ";"Norte";"Engavetamento";3;0;0;0;0;0;0;0;0;0;3;0;0;0;0
"24/09/2011";"03:55:00";"9";"sem vítima";"192.6";"BR-393/RJ";"Norte";"Atropelamento de Animal";0;0;1;0;0;0;0;0;0;0;2;0;0;0;0
"24/09/2011";"05:21:00";"11";"sem vítima";"268.9";"BR-393/RJ";"Sul";"Capotamento";1;0;0;0;0;0;0;0;0;0;1;0;0;0;0
"24/09/2011";"05:52:00";"14";"sem vítima";"182";"BR-393/RJ";"Norte";"Choque - Elemento de Drenagem";1;0;0;0;0;0;0;0;0;0;1;0;0;0;0
"24/09/2011";"10:35:00";"28";"com vítima";"107.8";"BR-393/RJ";"Sul";"Choque - Outros";1;0;0;0;0;0;0;0;0;0;0;1;0;0;0
"24/09/2011";"12:55:00";"32";"com vítima";"244.2";"BR-393/RJ";"Sul";"Capotamento";1;0;0;0;0;0;0;0;0;0;0;2;0;0;0
"24/09/2011";"01:11:00";"33";"sem vítima";"169";"BR-393/RJ";"Sul";"Outros - Sequência";1;0;1;0;0;0;0;0;0;0;2;0;0;0;0
"24/09/2011";"01:13:00";"34";"com vítima";"244.2";"BR-393/RJ";"Sul";"Colisão Traseira";1;0;1;0;0;0;0;0;0;0;0;2;1;0;0
"24/09/2011";"01:46:00";"37";"com vítima";"158";"BR-393/RJ";"Norte";"Choque - Elemento de Drenagem";0;0;0;1;0;0;0;0;0;0;0;0;1;0;1
"24/09/2011";"03:12:00";"38";"sem vítima";"136.4";"BR-393/RJ";"Norte";"Saida de Pista";1;0;0;0;0;0;0;0;0;0;2;0;0;0;0
"25/09/2011";"06:24:00";"33";"com vítima";"286";"BR-393/RJ";"Norte";"Colisão Lateral";1;0;0;1;0;0;0;0;0;0;1;1;0;0;0
"25/09/2011";"07:20:00";"36";"sem vítima";"285.5";"BR-393/RJ";"Sul";"Colisão Lateral";1;0;1;0;0;0;0;0;0;0;2;0;0;0;0
"25/09/2011";"09:06:00";"43";"sem vítima";"215";"BR-393/RJ";"Sul";"Saida de Pista";1;0;0;0;0;0;0;0;0;0;2;0;0;0;0
"26/09/2011";"08:21:00";"22";"com vítima";"183.2";"BR-393/RJ";"Norte";"Colisão Traseira";0;0;2;0;0;0;0;0;0;0;1;1;0;0;0
"27/09/2011";"03:46:00";"6";"com vítima";"226";"BR-393/RJ";"Sul";"Capotamento";1;0;0;0;0;0;0;0;0;0;0;1;0;0;0
"27/09/2011";"03:06:00";"54";"com vítima";"285";"BR-393/RJ";"Norte";"Colisão Frontal";1;0;0;1;0;0;0;0;0;0;1;1;0;0;0
"28/09/2011";"07:05:00";"16";"com vítima";"262";"BR-393/RJ";"Norte";"Saida de Pista";1;0;0;0;0;0;0;0;0;0;0;1;0;0;0
"28/09/2011";"05:47:00";"62";"com vítima";"278.1";"BR-393/RJ";"Sul";"Outros - Sequência";2;0;0;0;0;0;0;0;0;0;0;7;0;0;0
"29/09/2011";"11:43:00";"34";"com vítima";"256.8";"BR-393/RJ";"Sul";"Colisão Lateral";2;0;0;0;0;0;0;0;0;0;0;4;0;0;0
"29/09/2011";"06:36:00";"52";"sem vítima";"283";"BR-393/RJ";"Sul";"Colisão Transversal";2;0;0;0;0;0;0;0;0;0;2;0;0;0;0
"01/10/2011";"06:52:00";"12";"com vítima";"195.07";"BR-393/RJ";"Norte";"Colisão Traseira";2;0;0;0;0;0;0;0;0;0;0;3;0;0;0
"01/10/2011";"07:12:00";"13";"com vítima";"244.26";"BR-393/RJ";"Norte";"Outros - Sequência";1;0;1;0;0;0;0;0;0;0;0;3;0;0;0
"01/10/2011";"12:46:00";"37";"sem vítima";"178.23";"BR-393/RJ";"Norte";"Colisão Traseira";1;0;1;0;0;0;0;0;0;0;5;0;0;0;0
"02/10/2011";"11:12:00";"32";"com vítima";"266";"BR-393/RJ";"Norte";"Saida de Pista";1;0;0;0;0;0;0;0;0;0;0;2;0;0;0
"02/10/2011";"01:19:00";"35";"com vítima";"243.66";"BR-393/RJ";"Sul";"Queda de Moto";0;0;0;1;0;0;0;0;0;0;0;1;0;0;0
"02/10/2011";"03:50:00";"53";"sem vítima";"153";"BR-393/RJ";"Norte";"Colisão Lateral";0;0;0;1;0;0;0;0;1;0;2;0;0;0;0
"03/10/2011";"12:27:00";"3";"com vítima";"103.68";"BR-393/RJ";"Norte";"Queda de Moto";0;0;0;1;0;0;0;0;0;0;0;0;1;0;0
"03/10/2011";"09:39:00";"35";"com vítima";"146.34";"BR-393/RJ";"Sul";"Choque - Talude";1;0;0;0;0;0;0;0;0;0;0;2;0;0;0
"03/10/2011";"11:07:00";"42";"com vítima";"153.75";"BR-393/RJ";"Norte";"Engavetamento";2;0;1;0;0;0;0;0;0;0;1;8;0;0;0
"06/10/2011";"01:30:00";"43";"com vítima";"103.45";"BR-393/RJ";"Sul";"Colisão Transversal";2;0;0;0;0;0;0;0;0;0;0;5;0;0;0
"06/10/2011";"04:05:00";"52";"sem vítima";"229.5";"BR-393/RJ";"Norte";"Abalroamento Sentido Oposto";0;0;1;0;1;0;0;0;0;0;2;0;0;0;0
"06/10/2011";"06:48:00";"64";"com vítima";"280.23";"BR-393/RJ";"Sul";"Abalroamento Mesmo Sentido ";1;0;0;1;0;0;0;0;0;0;1;2;0;0;0
"06/10/2011";"07:23:00";"65";"sem vítima";"187.3";"BR-393/RJ";"Norte";"Saida de Pista";1;0;0;0;0;0;0;0;0;0;1;0;0;0;0
"07/10/2011";"05:56:00";"28";"com vítima";"280.1";"BR-393/RJ";"Sul";"Colisão Traseira";0;0;1;1;0;0;0;0;0;0;1;1;0;0;0
"07/10/2011";"07:09:00";"34";"com vítima";"232.03";"BR-393/RJ";"Norte";"Abalroamento Mesmo Sentido ";0;0;2;0;0;0;0;0;0;0;1;2;0;0;0
"07/10/2011";"12:39:00";"60";"com vítima";"125.75";"BR-393/RJ";"Sul";"Colisão Traseira";0;0;2;0;0;0;0;0;0;0;1;1;0;0;0
"07/10/2011";"03:42:00";"71";"sem vítima";"194.7";"BR-393/RJ";"Norte";"Colisão Traseira";0;0;2;0;0;0;0;0;0;0;2;0;0;0;0
"08/10/2011";"05:21:00";"20";"sem vítima";"182.13";"BR-393/RJ";"Norte";"Colisão Lateral";1;0;0;0;0;0;0;0;0;1;3;0;0;0;0
"08/10/2011";"08:25:00";"79";"com vítima";"283.5";"BR-393/RJ";"Sul";"Atropelamento - Ciclista";1;1;0;0;0;0;0;0;0;0;1;1;0;0;0
"08/10/2011";"11:17:00";"86";"com vítima";"105.48";"BR-393/RJ";"Norte";"Atropelamento de Animal";1;0;0;0;0;0;0;0;0;0;2;1;0;0;0
"09/10/2011";"06:34:00";"21";"com vítima";"245.08";"BR-393/RJ";"Sul";"Colisão Frontal";1;0;1;0;0;0;0;0;0;0;0;1;0;0;1
"10/10/2011";"11:30:00";"169";"com vítima";"200.09";"BR-393/RJ";"Norte";"Saida de Pista";1;0;0;0;0;0;0;0;0;0;0;2;0;0;0
"11/10/2011";"06:33:00";"37";"com vítima";"264.14";"BR-393/RJ";"Sul";"Saida de Pista";1;0;0;0;0;0;0;0;0;0;0;1;0;0;0
"11/10/2011";"10:22:00";"55";"com vítima";"241.6";"BR-393/RJ";"Norte";"Saida de Pista";1;0;0;0;0;0;0;0;0;0;0;1;0;0;0
"11/10/2011";"11:22:00";"61";"com vítima";"157.25";"BR-393/RJ";"Norte";"Saida de Pista";1;0;0;0;0;0;0;0;0;0;0;2;0;0;0
"11/10/2011";"02:26:00";"74";"com vítima";"159.6";"BR-393/RJ";"Sul";"Saida de Pista";1;0;0;0;0;0;0;0;0;0;0;1;0;0;0
"11/10/2011";"04:19:00";"81";"com vítima";"243.68";"BR-393/RJ";"Norte";"Queda de Moto";0;0;0;1;0;0;0;0;0;0;0;1;0;0;0
"11/10/2011";"06:26:00";"92";"sem vítima";"285.48";"BR-393/RJ";"Sul";"Colisão Lateral";1;0;1;0;0;0;0;0;0;0;2;0;0;0;0
"11/10/2011";"06:55:00";"98";"sem vítima";"285.48";"BR-393/RJ";"Sul";"Colisão Lateral";1;0;1;0;0;0;0;0;0;0;2;0;0;0;0
"11/10/2011";"07:00:00";"99";"sem vítima";"285.48";"BR-393/RJ";"Sul";"Colisão Lateral";1;0;1;0;0;0;0;0;0;0;2;0;0;0;0
"11/10/2011";"07:20:00";"100";"sem vítima";"285.483";"BR-393/RJ";"Sul";"Colisão Lateral";1;0;1;0;0;0;0;0;0;0;2;0;0;0;0
"12/10/2011";"10:37:00";"36";"com vítima";"154.03";"BR-393/RJ";"Norte";"Saida de Pista";0;0;1;0;0;0;0;0;0;0;0;1;0;0;0
"13/10/2011";"10:55:00";"62";"com vítima";"244.7";"BR-393/RJ";"Norte";"Saida de Pista";0;0;1;0;0;0;0;0;0;0;0;1;0;0;0
"13/10/2011";"01:17:00";"73";"com vítima";"146";"BR-393/RJ";"Norte";"Queda de Moto";0;0;0;1;0;0;0;0;0;0;0;2;0;0;0
"13/10/2011";"04:36:00";"88";"sem vítima";"209";"BR-393/RJ";"Sul";"Saida de Pista";1;0;0;0;0;0;0;0;0;0;3;0;0;0;0
"13/10/2011";"04:48:00";"89";"com vítima";"280.1";"BR-393/RJ";"Sul";"Capotamento";1;0;0;0;0;0;0;0;0;0;0;2;0;0;0
"14/10/2011";"02:23:00";"23";"com vítima";"130.5";"BR-393/RJ";"Sul";"Colisão Frontal";1;0;1;0;0;0;0;0;0;0;0;1;1;2;2
"15/10/2011";"12:35:00";"14";"com vítima";"104.77";"BR-393/RJ";"Norte";"Atropelamento - Outros";0;0;0;1;0;0;0;0;0;0;0;3;0;0;0
"15/10/2011";"06:51:00";"126";"com vítima";"2.4443";"Alça Sul";"Sul";"Choque - Talude";1;0;0;0;0;0;0;0;0;0;0;1;0;0;0
"15/10/2011";"01:57:00";"65";"com vítima";"281.35";"BR-393/RJ";"Sul";"Colisão Traseira";2;0;0;0;0;0;0;0;0;0;0;3;0;0;0
"15/10/2011";"02:47:00";"67";"com vítima";"163.8";"BR-393/RJ";"Norte";"Choque - Talude";1;0;0;0;0;0;0;0;0;0;0;1;0;0;0
"15/10/2011";"03:08:00";"70";"com vítima";"235.89";"BR-393/RJ";"Sul";"Colisão Transversal";2;0;0;0;0;0;0;0;0;0;0;6;0;0;0
"16/10/2011";"07:48:00";"33";"sem vítima";"198.75";"BR-393/RJ";"Sul";"Choque - Defensa, barreira ou "submarino"";1;0;0;0;0;0;0;0;0;0;5;0;0;0;0
"16/10/2011";"08:01:00";"34";"com vítima";"250.5";"BR-393/RJ";"Norte";"Atropelamento - Morador";1;0;0;0;0;0;0;0;0;0;3;2;0;0;0
"16/10/2011";"08:11:00";"35";"sem vítima";"179.4";"BR-393/RJ";"Sul";"Saida de Pista";1;0;0;0;0;0;0;0;0;0;2;0;0;0;0
"17/10/2011";"05:43:00";"47";"sem vítima";"284.2";"BR-393/RJ";"Sul";"Choque - Outros";1;0;0;0;0;0;0;0;0;0;1;0;0;0;0
"17/10/2011";"07:26:00";"50";"sem vítima";"274";"BR-393/RJ";"Sul";"Outros - Sequência";1;0;2;0;0;0;0;0;0;0;3;0;0;0;0
"17/10/2011";"08:13:00";"57";"sem vítima";"274";"BR-393/RJ";"Sul";"Saida de Pista";0;0;1;0;0;0;0;0;0;0;1;0;0;0;0
"18/10/2011";"12:26:00";"9";"com vítima";"238.8";"BR-393/RJ";"Norte";"Saida de Pista";1;0;0;0;0;0;0;0;0;0;0;0;2;0;0
"18/10/2011";"12:49:00";"81";"sem vítima";"190.15";"BR-393/RJ";"Norte";"Colisão Traseira";0;0;2;0;0;0;0;0;0;0;2;0;0;0;0
"19/10/2011";"02:11:00";"7";"com vítima";"227";"BR-393/RJ";"Norte";"Abalroamento Mesmo Sentido ";1;0;1;0;0;0;0;0;0;0;1;2;0;0;0
"20/10/2011";"11:37:00";"72";"com vítima";"284.45";"BR-393/RJ";"Sul";"Colisão Traseira";2;0;0;0;0;0;0;0;0;0;1;1;0;0;0
"20/10/2011";"03:08:00";"86";"com vítima";"286";"BR-393/RJ";"Norte";"Colisão Traseira";2;0;0;0;0;0;0;0;0;0;0;2;0;0;0
"21/10/2011";"03:23:00";"116";"com vítima";"285.99";"BR-393/RJ";"Sul";"Colisão Traseira";2;0;0;0;0;0;0;0;0;0;1;1;1;0;0
"21/10/2011";"07:26:00";"137";"sem vítima";"183.9";"BR-393/RJ";"Sul";"Atropelamento de Animal";0;0;1;0;0;0;0;0;0;0;1;0;0;0;0
"21/10/2011";"09:23:00";"147";"com vítima";"252.41";"BR-393/RJ";"Norte";"Colisão Transversal";2;0;0;0;0;0;0;0;0;0;0;2;0;0;0
"21/10/2011";"10:36:00";"151";"com vítima";"175.6";"BR-393/RJ";"Norte";"Capotamento";1;0;0;0;0;0;0;0;0;0;0;1;0;0;0
"21/10/2011";"11:35:00";"153";"com vítima";"108.915";"BR-393/RJ";"Norte";"Colisão Traseira";1;0;0;1;0;0;0;0;0;0;1;0;1;0;0
"22/10/2011";"02:14:00";"25";"com vítima";"198.82";"BR-393/RJ";"Sul";"Capotamento";0;0;1;0;0;0;0;0;0;0;0;2;0;0;0
"22/10/2011";"04:26:00";"32";"com vítima";"123.65";"BR-393/RJ";"Norte";"Colisão Frontal";1;0;1;0;0;0;0;0;0;0;2;2;0;0;0
"22/10/2011";"11:19:00";"57";"com vítima";"245.85";"BR-393/RJ";"Norte";"Colisão Traseira";0;0;2;0;0;0;0;0;0;0;0;2;0;0;0
"22/10/2011";"04:42:00";"69";"com vítima";"243.69";"BR-393/RJ";"Sul";"Capotamento";1;0;0;0;0;0;0;0;0;0;0;3;0;0;0
"22/10/2011";"07:28:00";"81";"com vítima";"259.627";"BR-393/RJ";"Sul";"Saida de Pista";2;0;0;0;0;0;0;0;0;0;1;1;0;0;0
"23/10/2011";"02:22:00";"24";"com vítima";"229.84";"BR-393/RJ";"Sul";"Choque - Talude";1;0;0;0;0;0;0;0;0;0;0;0;1;0;0
"23/10/2011";"04:29:00";"31";"com vítima";"256.147";"BR-393/RJ";"Norte";"Atropelamento de Animal";1;0;0;0;0;0;0;0;0;0;0;3;0;1;0
"24/10/2011";"11:33:00";"79";"sem vítima";"175.58";"BR-393/RJ";"Norte";"Colisão Lateral";1;0;1;0;0;0;0;0;0;0;2;0;0;0;0
"25/10/2011";"07:13:00";"33";"com vítima";"204.13";"BR-393/RJ";"Norte";"Choque - Arvore";1;0;0;0;0;0;0;0;0;0;0;1;0;0;0
"25/10/2011";"09:08:00";"47";"com vítima";"281.41";"BR-393/RJ";"Norte";"Queda de Moto";0;0;0;1;0;0;0;0;0;0;0;1;0;0;0