data;horario;n_da_ocorrencia;tipo_de_ocorrencia;km;trecho;sentido;tipo_de_acidente;automovel;bicicleta;caminhao;moto;onibus;outros;tracao_animal;transporte_de_cargas_especiais;trator_maquinas;utilitarios;ilesos;levemente_feridos;moderadamente_feridos;gravemente_feridos;mortos
"25/10/2011";"09:11:00";"48";"sem vítima";"239.28";"BR-393/RJ";"Sul";"Colisão Lateral";0;0;2;0;0;0;0;0;0;0;2;0;0;0;0
"25/10/2011";"07:01:00";"116";"sem vítima";"125.67";"BR-393/RJ";"Norte";"Colisão Traseira";1;0;1;0;0;0;0;0;0;0;3;0;0;0;0
"27/10/2011";"11:41:00";"44";"com vítima";"235.09";"BR-393/RJ";"Sul";"Colisão Transversal";2;0;0;0;0;0;0;0;0;0;0;2;0;0;0
"27/10/2011";"08:38:00";"73";"sem vítima";"175.7";"BR-393/RJ";"Sul";"Choque - Elemento de Drenagem";1;0;0;0;0;0;0;0;0;0;6;0;0;0;0
"28/10/2011";"10:43:00";"41";"com vítima";"168.77";"BR-393/RJ";"Norte";"Colisão Traseira";2;0;0;0;0;0;0;0;0;0;1;1;0;0;0
"28/10/2011";"02:24:00";"58";"com vítima";"157.89";"BR-393/RJ";"Norte";"Colisão Lateral";1;0;1;0;0;0;0;0;0;0;1;2;0;0;0
"28/10/2011";"08:43:00";"82";"com vítima";"200.56";"BR-393/RJ";"Sul";"Colisão Traseira";2;0;0;0;0;0;0;0;0;0;0;8;0;0;0
"29/10/2011";"09:50:00";"103";"com vítima";"280.195";"BR-393/RJ";"Norte";"Abalroamento Mesmo Sentido ";2;0;0;0;0;0;0;0;0;0;0;2;0;0;0
"29/10/2011";"11:19:00";"156";"sem vítima";"243.68";"BR-393/RJ";"Norte";"Atropelamento de Animal";1;0;1;0;0;0;0;0;0;0;6;0;0;0;0
"30/10/2011";"08:16:00";"93";"com vítima";"235.07";"BR-393/RJ";"Sul";"Colisão Transversal";1;0;0;1;0;0;0;0;0;0;1;0;2;0;0
"30/10/2011";"11:42:00";"104";"sem vítima";"136.73";"BR-393/RJ";"Norte";"Choque - Elemento de Drenagem";1;0;0;0;0;0;0;0;0;0;1;0;0;0;0
"31/10/2011";"06:52:00";"37";"com vítima";"168.52";"BR-393/RJ";"Sul";"Atropelamento - Ciclista";1;1;0;0;0;0;0;0;0;0;1;1;0;0;0
"31/10/2011";"09:08:00";"41";"com vítima";"139.5";"BR-393/RJ";"Sul";"Capotamento";1;0;0;0;0;0;0;0;0;0;0;2;0;0;0
"31/10/2011";"09:15:00";"43";"com vítima";"168.44";"BR-393/RJ";"Norte";"Colisão Transversal";2;0;0;0;0;0;0;0;0;0;0;2;0;0;0
"31/10/2011";"02:39:00";"62";"com vítima";"216.57";"BR-393/RJ";"Sul";"Saida de Pista";1;0;0;0;0;0;0;0;0;0;0;5;0;0;0
"31/10/2011";"07:46:00";"77";"com vítima";"245.37";"BR-393/RJ";"Norte";"Atropelamento de Animal";1;0;0;0;0;0;0;0;0;0;0;0;1;0;0
"01/11/2011";"03:54:00";"71";"sem vítima";"167.3";"BR-393/RJ";"Sul";"Saida de Pista";1;0;0;0;0;0;0;0;0;0;1;0;0;0;0
"02/11/2011";"12:23:00";"54";"com vítima";"142";"BR-393/RJ";"Sul";"Outros - Sequência";2;0;0;1;0;0;0;0;0;0;1;2;0;0;0
"02/11/2011";"03:48:00";"68";"sem vítima";"284";"BR-393/RJ";"Norte";"Colisão Lateral";1;0;1;0;0;0;0;0;0;0;2;0;0;0;0
"02/11/2011";"05:24:00";"75";"com vítima";"176.5";"BR-393/RJ";"Norte";"Abalroamento Mesmo Sentido ";2;0;0;0;0;0;0;0;0;0;0;4;0;0;0
"03/11/2011";"06:53:00";"84";"com vítima";"286.002";"BR-393/RJ";"Norte";"Colisão Traseira";2;0;0;0;0;0;0;0;0;0;1;1;0;0;0
"04/11/2011";"10:04:00";"47";"com vítima";"255.755";"BR-393/RJ";"Norte";"Colisão Lateral";2;0;0;0;0;0;0;0;0;0;0;3;0;0;0
"04/11/2011";"10:14:00";"80";"com vítima";"274.75";"BR-393/RJ";"Sul";"Capotamento";1;0;0;0;0;0;0;0;0;0;0;2;0;0;0
"04/11/2011";"10:48:00";"82";"com vítima";"282.36";"BR-393/RJ";"Sul";"Colisão Frontal";1;0;0;1;0;0;0;0;0;0;0;3;0;0;0
"05/11/2011";"09:51:00";"30";"com vítima";"181.95";"BR-393/RJ";"Norte";"Colisão Traseira";2;0;0;0;0;0;0;0;0;0;1;1;0;0;0
"05/11/2011";"02:35:00";"48";"com vítima";"286";"BR-393/RJ";"Norte";"Colisão Traseira";2;0;0;0;0;0;0;0;0;0;0;3;0;0;0
"05/11/2011";"05:39:00";"62";"com vítima";"203.5";"BR-393/RJ";"Norte";"Queda de Moto";0;0;0;1;0;0;0;0;0;0;0;1;0;0;0
"05/11/2011";"06:07:00";"64";"com vítima";"271.72";"BR-393/RJ";"Norte";"Choque - Arvore";1;0;0;0;0;0;0;0;0;0;0;0;1;0;1
"06/11/2011";"12:45:00";"3";"com vítima";"286";"BR-393/RJ";"Norte";"Colisão Traseira";2;0;0;0;0;0;0;0;0;0;1;2;0;0;0
"06/11/2011";"09:16:00";"37";"sem vítima";"255.75";"BR-393/RJ";"Sul";"Colisão Lateral";1;0;1;0;0;0;0;0;0;0;2;0;0;0;0
"06/11/2011";"07:23:00";"74";"com vítima";"168.5";"BR-393/RJ";"Norte";"Queda de Moto";0;0;0;1;0;0;0;0;0;0;0;2;0;0;0
"06/11/2011";"10:49:00";"90";"sem vítima";"103";"BR-393/RJ";"Sul";"Choque - Outros";1;0;0;0;0;0;0;0;0;0;2;0;0;0;0
"08/11/2011";"02:10:00";"73";"com vítima";"104";"BR-393/RJ";"Norte";"Colisão Lateral";1;0;0;1;0;0;0;0;0;0;0;5;0;0;0
"08/11/2011";"05:24:00";"81";"com vítima";"128.65";"BR-393/RJ";"Sul";"Tombamento";0;0;1;0;0;0;0;0;0;0;0;1;0;1;0
"08/11/2011";"08:18:00";"89";"com vítima";"240.4";"BR-393/RJ";"Norte";"Colisão Lateral";1;0;1;0;0;0;0;0;0;0;0;2;0;0;0
"09/11/2011";"08:34:00";"31";"sem vítima";"285.49";"BR-393/RJ";"Sul";"Abalroamento Mesmo Sentido ";1;0;1;0;0;0;0;0;0;0;3;0;0;0;0
"10/11/2011";"06:40:00";"30";"sem vítima";"277";"BR-393/RJ";"Sul";"Colisão Lateral";1;0;1;0;0;0;0;0;0;0;2;0;0;0;0
"10/11/2011";"08:01:00";"101";"sem vítima";"195";"BR-393/RJ";"Norte";"Abalroamento Mesmo Sentido ";2;0;0;0;0;0;0;0;0;0;2;0;0;0;0
"11/11/2011";"06:05:00";"91";"sem vítima";"125.84";"BR-393/RJ";"Norte";"Colisão Traseira";1;0;0;0;1;0;0;0;0;0;7;0;0;0;0
"12/11/2011";"12:28:00";"53";"sem vítima";"282.54";"BR-393/RJ";"Sul";"Colisão Traseira";2;0;0;0;0;0;0;0;0;0;2;0;0;0;0
"12/11/2011";"01:03:00";"55";"com vítima";"273.7";"BR-393/RJ";"Norte";"Tombamento";0;0;1;0;0;0;0;0;0;0;0;1;0;0;0
"12/11/2011";"05:13:00";"65";"com vítima";"254.87";"BR-393/RJ";"Norte";"Atropelamento - Ciclista";1;1;0;0;0;0;0;0;0;0;0;3;0;0;0
"12/11/2011";"08:44:00";"73";"sem vítima";"274.07";"BR-393/RJ";"Norte";"Saida de Pista";1;0;0;0;0;0;0;0;0;0;1;0;0;0;0
"13/11/2011";"03:00:00";"4";"com vítima";"122.07";"BR-393/RJ";"Sul";"Choque - Outros";1;0;0;0;0;0;0;0;0;0;0;0;0;0;1
"13/11/2011";"02:37:00";"55";"com vítima";"251.61";"BR-393/RJ";"Sul";"Colisão Frontal";2;0;0;1;0;0;0;0;0;0;1;0;0;1;1
"13/11/2011";"03:22:00";"57";"com vítima";"157.25";"BR-393/RJ";"Sul";"Tombamento";0;0;1;0;0;0;0;0;0;0;0;0;1;0;0
"14/11/2011";"12:45:00";"5";"sem vítima";"284.33";"BR-393/RJ";"Sul";"Choque - Elemento de Drenagem";1;0;0;0;0;0;0;0;0;0;1;0;0;0;0
"14/11/2011";"09:57:00";"44";"com vítima";"182.274";"BR-393/RJ";"Norte";"Colisão Traseira";1;0;0;1;0;0;0;0;0;0;1;2;0;0;0
"14/11/2011";"11:32:00";"51";"sem vítima";"286";"BR-393/RJ";"Sul";"Colisão Traseira";1;0;1;0;0;0;0;0;0;0;2;0;0;0;0
"14/11/2011";"01:10:00";"58";"com vítima";"121.54";"BR-393/RJ";"Sul";"Queda de Moto";0;0;0;1;0;0;0;0;0;0;0;2;0;0;0
"14/11/2011";"05:41:00";"74";"sem vítima";"283.2";"BR-393/RJ";"Sul";"Colisão Traseira";2;0;0;0;0;0;0;0;0;0;3;0;0;0;0
"14/11/2011";"06:28:00";"77";"com vítima";"102";"BR-393/RJ";"Norte";"Abalroamento Sentido Oposto";1;0;1;0;0;0;0;0;0;0;1;2;0;0;0
"15/11/2011";"12:19:00";"1";"com vítima";"151.9";"BR-393/RJ";"Sul";"Colisão Traseira";2;0;0;0;0;0;0;0;0;0;1;2;0;0;0
"15/11/2011";"05:03:00";"28";"sem vítima";"259";"BR-393/RJ";"Norte";"Outros - Sequência";0;0;0;0;2;0;0;0;0;0;2;0;0;0;0
"15/11/2011";"07:36:00";"86";"sem vítima";"283";"BR-393/RJ";"Sul";"Colisão Traseira";2;0;0;0;0;0;0;0;0;0;2;0;0;0;0
"16/11/2011";"01:19:00";"80";"com vítima";"140.62";"BR-393/RJ";"Norte";"Engavetamento";4;0;0;0;0;0;0;0;0;0;0;15;0;0;0
"16/11/2011";"02:31:00";"86";"sem vítima";"284.6";"BR-393/RJ";"Sul";"Colisão Traseira";2;0;0;0;0;0;0;0;0;0;2;0;0;0;0
"17/11/2011";"01:12:00";"13";"sem vítima";"265.3";"BR-393/RJ";"Norte";"Abalroamento Mesmo Sentido ";0;0;1;0;1;0;0;0;0;0;2;0;0;0;0
"17/11/2011";"04:49:00";"40";"sem vítima";"230.4";"BR-393/RJ";"Norte";"Choque - Elemento de Drenagem";0;0;1;0;0;0;0;0;0;0;1;0;0;0;0
"18/11/2011";"03:41:00";"86";"com vítima";"210.97";"BR-393/RJ";"Norte";"Saida de Pista";0;0;1;0;0;0;0;0;0;0;0;1;0;0;0
"18/11/2011";"04:59:00";"93";"com vítima";"284";"BR-393/RJ";"Sul";"Abalroamento Mesmo Sentido ";1;0;1;0;0;0;0;0;0;0;1;1;0;0;0
"19/11/2011";"08:14:00";"57";"com vítima";"161.92";"BR-393/RJ";"Norte";"Outros - Sequência";2;0;1;0;0;0;0;0;0;0;0;1;1;1;2
"20/11/2011";"10:33:00";"95";"com vítima";"282";"BR-393/RJ";"Norte";"Colisão Lateral";1;0;0;1;0;0;0;0;0;0;1;1;0;0;0
"23/11/2011";"05:55:00";"57";"sem vítima";"205.12";"BR-393/RJ";"Norte";"Abalroamento Sentido Oposto";0;0;2;0;0;0;0;0;0;0;2;0;0;0;0
"23/11/2011";"07:54:00";"59";"sem vítima";"286.3";"BR-393/RJ";"Sul";"Colisão Lateral";1;0;0;1;0;0;0;0;0;0;2;0;0;0;0
"23/11/2011";"07:56:00";"60";"com vítima";"260";"BR-393/RJ";"Norte";"Capotamento";1;0;0;0;0;0;0;0;0;0;0;1;0;0;0
"23/11/2011";"01:01:00";"85";"com vítima";"265.15";"BR-393/RJ";"Sul";"Colisão Traseira";1;0;1;0;0;0;0;0;0;0;1;2;0;0;0
"23/11/2011";"09:06:00";"114";"sem vítima";"106";"BR-393/RJ";"Norte";"Colisão Transversal";1;0;0;0;1;0;0;0;0;0;2;0;0;0;0
"24/11/2011";"11:16:00";"75";"com vítima";"195.087";"BR-393/RJ";"Norte";"Colisão Traseira";0;0;2;0;0;0;0;0;0;0;0;2;0;0;0
"24/11/2011";"11:34:00";"76";"com vítima";"265.13";"BR-393/RJ";"Sul";"Colisão Lateral";2;0;0;0;0;0;0;0;0;0;0;4;0;0;0
"25/11/2011";"04:33:00";"43";"com vítima";"118.94";"BR-393/RJ";"Sul";"Choque - Outros";1;0;0;0;0;0;0;0;0;0;0;2;0;0;0
"25/11/2011";"05:28:00";"114";"sem vítima";"284.66";"BR-393/RJ";"Norte";"Engavetamento";3;0;0;0;0;0;0;0;0;0;3;0;0;0;0
"26/11/2011";"08:57:00";"104";"sem vítima";"268";"BR-393/RJ";"Sul";"Atropelamento de Animal";1;0;0;0;0;0;0;0;0;0;1;0;0;0;0
"26/11/2011";"11:33:00";"110";"com vítima";"147.14";"BR-393/RJ";"Sul";"Saida de Pista";1;0;0;0;0;0;0;0;0;0;3;1;0;0;0
"27/11/2011";"07:57:00";"59";"com vítima";"274.12";"BR-393/RJ";"Norte";"Capotamento";1;0;0;0;0;0;0;0;0;0;0;1;0;0;0
"27/11/2011";"09:51:00";"67";"com vítima";"129.9";"BR-393/RJ";"Sul";"Saida de Pista";1;0;0;0;0;0;0;0;0;0;0;1;0;0;0
"27/11/2011";"04:35:00";"90";"sem vítima";"102";"BR-393/RJ";"Norte";"Colisão Transversal";2;0;0;0;0;0;0;0;0;0;4;0;0;0;0
"28/11/2011";"12:31:00";"5";"com vítima";"177.806";"BR-393/RJ";"Sul";"Colisão Traseira";1;0;1;0;0;0;0;0;0;0;4;1;0;0;0
"28/11/2011";"02:03:00";"97";"sem vítima";"249";"BR-393/RJ";"Norte";"Choque - Poste";1;0;0;0;0;0;0;0;0;0;2;0;0;0;0
"28/11/2011";"03:08:00";"99";"com vítima";"266.62";"BR-393/RJ";"Sul";"Colisão Lateral";1;0;1;0;0;0;0;0;0;0;1;2;0;0;0
"28/11/2011";"05:48:00";"106";"com vítima";"284.67";"BR-393/RJ";"Sul";"Colisão Traseira";3;0;0;0;0;0;0;0;0;0;2;4;0;0;0
"28/11/2011";"06:04:00";"110";"sem vítima";"278.87";"BR-393/RJ";"Norte";"Colisão Traseira";2;0;0;0;0;0;0;0;0;0;2;0;0;0;0
"30/11/2011";"07:30:00";"80";"com vítima";"285.54";"BR-393/RJ";"Sul";"Abalroamento Mesmo Sentido ";1;0;1;0;0;0;0;0;0;0;1;1;0;0;0
"30/11/2011";"10:26:00";"100";"com vítima";"183.7";"BR-393/RJ";"Norte";"Queda de Bicicleta";0;1;0;0;0;0;0;0;0;0;0;1;0;0;0
"30/11/2011";"10:32:00";"151";"com vítima";"284.35";"BR-393/RJ";"Norte";"Capotamento";1;0;0;0;0;0;0;0;0;0;0;1;0;0;0
"01/12/2011";"07:47:00";"58";"sem vítima";"284.42";"BR-393/RJ";"Norte";"Outros - Sequência";0;0;1;0;1;0;0;0;0;0;2;0;0;0;0
"01/12/2011";"11:18:00";"77";"sem vítima";"274.48";"BR-393/RJ";"Sul";"Outros";0;0;2;0;0;0;0;0;0;0;2;0;0;0;0
"01/12/2011";"01:41:00";"85";"com vítima";"200.64";"BR-393/RJ";"Norte";"Engavetamento";2;0;1;0;0;0;0;0;0;0;1;2;0;0;0
"01/12/2011";"03:22:00";"93";"com vítima";"164.1";"BR-393/RJ";"Norte";"Outros - Sequência";3;0;0;0;0;0;0;0;0;0;5;2;0;0;0
"01/12/2011";"06:20:00";"109";"sem vítima";"150";"BR-393/RJ";"Norte";"Outros";0;0;1;0;0;0;0;0;0;0;1;0;0;0;0
"01/12/2011";"06:40:00";"110";"com vítima";"284.2";"BR-393/RJ";"Norte";"Engavetamento";3;0;0;0;0;0;0;0;0;0;3;1;0;0;0
"02/12/2011";"06:42:00";"14";"com vítima";"286.001";"BR-393/RJ";"Norte";"Colisão Lateral";2;0;0;0;0;0;0;0;0;0;0;2;0;0;0
"02/12/2011";"07:29:00";"16";"com vítima";"284.2";"BR-393/RJ";"Sul";"Atropelamento - Usuário";0;0;0;1;0;0;0;0;0;0;0;2;1;0;0
"02/12/2011";"03:18:00";"49";"com vítima";"286";"BR-393/RJ";"Sul";"Engavetamento";3;0;0;0;0;0;0;0;0;0;0;4;0;0;0
"02/12/2011";"05:28:00";"60";"com vítima";"286";"BR-393/RJ";"Sul";"Engavetamento";3;0;0;0;0;0;0;0;0;0;1;4;0;0;0
"02/12/2011";"06:26:00";"62";"com vítima";"286";"BR-393/RJ";"Sul";"Colisão Traseira";2;0;0;0;0;0;0;0;0;0;0;2;0;0;0
"02/12/2011";"10:12:00";"77";"com vítima";"103.57";"BR-393/RJ";"Norte";"Atropelamento - Morador";1;0;0;0;0;0;0;0;0;0;1;0;0;0;1
"03/12/2011";"05:41:00";"35";"sem vítima";"181.35";"BR-393/RJ";"Norte";"Saida de Pista";1;0;0;0;0;0;0;0;0;0;2;0;0;0;0
"03/12/2011";"06:28:00";"40";"com vítima";"145.73";"BR-393/RJ";"Norte";"Saida de Pista";1;0;0;0;0;0;0;0;0;0;1;2;0;0;0
"03/12/2011";"07:19:00";"43";"sem vítima";"284.67";"BR-393/RJ";"Norte";"Colisão Traseira";2;0;0;0;0;0;0;0;0;0;2;0;0;0;0
"03/12/2011";"11:18:00";"54";"com vítima";"246.94";"BR-393/RJ";"Norte";"Colisão Traseira";2;0;0;0;0;0;0;0;0;0;1;1;0;0;0
"04/12/2011";"01:58:00";"19";"sem vítima";"127.39";"BR-393/RJ";"Norte";"Colisão Traseira";1;0;1;0;0;0;0;0;0;0;2;0;0;0;0
"04/12/2011";"09:25:00";"50";"com vítima";"240.85";"BR-393/RJ";"Sul";"Outros - Sequência";3;0;0;0;1;0;0;0;0;0;2;1;1;0;1
"05/12/2011";"04:49:00";"17";"com vítima";"268.5";"BR-393/RJ";"Sul";"Choque - Objeto sobre a pista";1;0;0;0;0;0;0;0;0;0;2;1;0;0;0
"05/12/2011";"10:03:00";"41";"com vítima";"168.43";"BR-393/RJ";"Norte";"Colisão Frontal";1;0;1;0;0;0;0;0;0;0;2;2;0;0;0
"06/12/2011";"09:19:00";"23";"com vítima";"115";"BR-393/RJ";"Norte";"Capotamento";1;0;0;0;0;0;0;0;0;0;0;0;0;1;0
"06/12/2011";"02:50:00";"43";"sem vítima";"159.5";"BR-393/RJ";"Norte";"Colisão Lateral";2;0;0;0;0;0;0;0;0;0;2;0;0;0;0
"07/12/2011";"05:46:00";"5";"com vítima";"140";"BR-393/RJ";"Sul";"Queda de Moto";0;0;0;1;0;0;0;0;0;0;0;1;0;0;0
"07/12/2011";"10:00:00";"23";"com vítima";"211.15";"BR-393/RJ";"Norte";"Colisão Traseira";1;0;1;0;0;0;0;0;0;0;1;1;0;0;0
"07/12/2011";"10:04:00";"25";"com vítima";"285.5";"BR-393/RJ";"Norte";"Colisão Traseira";2;0;0;0;0;0;0;0;0;0;0;2;0;0;0
"07/12/2011";"02:35:00";"45";"sem vítima";"166";"BR-393/RJ";"Sul";"Colisão Lateral";0;0;2;0;0;0;0;0;0;0;2;0;0;0;0
"07/12/2011";"10:24:00";"83";"com vítima";"286";"BR-393/RJ";"Norte";"Engavetamento";4;0;0;0;0;0;0;0;0;0;0;5;0;0;0
"08/12/2011";"07:39:00";"13";"com vítima";"232.14";"BR-393/RJ";"Norte";"Colisão Traseira";1;0;1;0;0;0;0;0;0;0;1;2;0;0;0
"08/12/2011";"02:29:00";"48";"com vítima";"274.15";"BR-393/RJ";"Sul";"Saida de Pista";0;0;0;0;0;0;0;0;0;1;0;2;0;0;0
"08/12/2011";"04:08:00";"55";"com vítima";"274";"BR-393/RJ";"Sul";"Saida de Pista";1;0;0;0;0;0;0;0;0;0;1;1;0;0;0
"08/12/2011";"07:27:00";"72";"sem vítima";"284.2";"BR-393/RJ";"Sul";"Abalroamento Mesmo Sentido ";1;0;1;0;0;0;0;0;0;0;2;0;0;0;0
"09/12/2011";"07:41:00";"46";"com vítima";"246.2";"BR-393/RJ";"Sul";"Choque - Defensa, barreira ou "submarino"";0;0;1;0;0;0;0;0;0;0;0;1;0;0;0
"09/12/2011";"04:00:00";"77";"com vítima";"163.75";"BR-393/RJ";"Norte";"Choque - Talude";1;0;0;0;0;0;0;0;0;0;0;1;0;0;0
"09/12/2011";"06:48:00";"88";"com vítima";"182.35";"BR-393/RJ";"Norte";"Colisão Lateral";2;0;0;0;0;0;0;0;0;0;0;1;1;0;0
"10/12/2011";"05:57:00";"17";"com vítima";"195";"BR-393/RJ";"Norte";"Colisão Traseira";0;0;2;0;0;0;0;0;0;0;1;1;0;0;0
"10/12/2011";"06:51:00";"20";"com vítima";"213";"BR-393/RJ";"Norte";"Saida de Pista";1;0;0;0;0;0;0;0;0;0;0;1;0;0;0
"10/12/2011";"06:57:00";"21";"com vítima";"221.6";"BR-393/RJ";"Norte";"Tombamento";1;0;0;0;0;0;0;0;0;0;0;2;0;0;0
"10/12/2011";"09:10:00";"64";"com vítima";"274.09";"BR-393/RJ";"Norte";"Capotamento";1;0;0;0;0;0;0;0;0;0;0;1;0;0;0
"10/12/2011";"11:37:00";"69";"com vítima";"281.2";"BR-393/RJ";"Norte";"Colisão Transversal";2;0;0;0;0;0;0;0;0;0;0;2;0;0;0
"11/12/2011";"05:07:00";"9";"sem vítima";"221.17";"BR-393/RJ";"Sul";"Saida de Pista";1;0;0;0;0;0;0;0;0;0;1;0;0;0;0
"11/12/2011";"06:25:00";"11";"com vítima";"285.27";"BR-393/RJ";"Norte";"Saida de Pista";1;0;0;0;0;0;0;0;0;0;0;3;0;0;0
"11/12/2011";"11:30:00";"24";"com vítima";"283.15";"BR-393/RJ";"Sul";"Colisão Lateral";1;0;0;1;0;0;0;0;0;0;0;2;0;0;0
"11/12/2011";"11:40:00";"25";"com vítima";"285.4";"BR-393/RJ";"Norte";"Colisão Traseira";1;0;0;0;1;0;0;0;0;0;0;2;0;0;0
"11/12/2011";"02:12:00";"29";"com vítima";"167.78";"BR-393/RJ";"Sul";"Colisão Traseira";3;0;0;0;0;0;0;0;0;0;2;1;0;0;0
"12/12/2011";"12:38:00";"40";"com vítima";"103.78";"BR-393/RJ";"Sul";"Abalroamento Mesmo Sentido ";1;0;1;0;0;0;0;0;0;0;3;1;0;0;0
"12/12/2011";"11:07:00";"72";"sem vítima";"234";"BR-393/RJ";"Norte";"Outros";0;0;1;0;0;0;0;0;0;0;1;0;0;0;0
"13/12/2011";"11:04:00";"38";"sem vítima";"132.95";"BR-393/RJ";"Sul";"Colisão Lateral";1;0;1;0;0;0;0;0;0;0;2;0;0;0;0
"14/12/2011";"07:08:00";"10";"com vítima";"157.33";"BR-393/RJ";"Norte";"Tombamento";0;0;1;0;0;0;0;0;0;0;0;1;0;0;0
"14/12/2011";"04:35:00";"47";"com vítima";"285.54";"BR-393/RJ";"Norte";"Colisão Traseira";2;0;0;1;0;0;0;0;0;0;0;4;0;0;0
"14/12/2011";"05:31:00";"54";"com vítima";"254.5";"BR-393/RJ";"Norte";"Capotamento";1;0;0;0;0;0;0;0;0;0;0;2;0;0;0
"14/12/2011";"09:10:00";"73";"com vítima";"209.57";"BR-393/RJ";"Sul";"Capotamento";1;0;0;0;0;0;0;0;0;0;0;2;0;0;0
"15/12/2011";"07:48:00";"8";"com vítima";"169.7";"BR-393/RJ";"Sul";"Choque - Talude";1;0;0;0;0;0;0;0;0;0;0;1;0;0;0
"15/12/2011";"11:25:00";"65";"com vítima";"212.22";"BR-393/RJ";"Norte";"Saida de Pista";0;0;1;0;0;0;0;0;0;0;0;1;0;0;0
"16/12/2011";"10:30:00";"30";"com vítima";"285.5";"BR-393/RJ";"Sul";"Colisão Traseira";1;0;1;0;0;0;0;0;0;0;1;1;0;0;0
"16/12/2011";"10:44:00";"33";"sem vítima";"285.54";"BR-393/RJ";"Sul";"Abalroamento Mesmo Sentido ";1;0;1;0;0;0;0;0;0;0;2;0;0;0;0
"16/12/2011";"02:42:00";"43";"sem vítima";"236.81";"BR-393/RJ";"Norte";"Abalroamento Mesmo Sentido ";1;0;0;0;1;0;0;0;0;0;4;0;0;0;0
"16/12/2011";"05:54:00";"60";"sem vítima";"128.9";"BR-393/RJ";"Norte";"Abalroamento Mesmo Sentido ";0;0;2;0;0;0;0;0;0;0;2;0;0;0;0
"17/12/2011";"09:18:00";"33";"com vítima";"191.22";"BR-393/RJ";"Norte";"Colisão Frontal";0;0;1;0;0;0;0;0;0;1;0;1;0;1;1
"17/12/2011";"09:27:00";"34";"sem vítima";"285.53";"BR-393/RJ";"Sul";"Colisão Lateral";1;0;1;0;0;0;0;0;0;0;2;0;0;0;0
"17/12/2011";"10:50:00";"38";"sem vítima";"237.15";"BR-393/RJ";"Sul";"Colisão Lateral";2;0;0;0;0;0;0;0;0;0;5;0;0;0;0
"17/12/2011";"01:33:00";"48";"com vítima";"284.48";"BR-393/RJ";"Sul";"Engavetamento";3;0;0;0;0;0;0;0;0;0;3;2;0;0;0
"17/12/2011";"04:27:00";"58";"com vítima";"155.41";"BR-393/RJ";"Sul";"Colisão Frontal";0;0;2;0;0;0;0;0;0;0;0;4;0;0;0
"17/12/2011";"04:31:00";"61";"sem vítima";"157.8";"BR-393/RJ";"Norte";"Choque - Outros";0;0;1;0;0;0;0;0;0;0;1;0;0;0;0
"17/12/2011";"08:07:00";"75";"com vítima";"250.07";"BR-393/RJ";"Norte";"Saida de Pista";0;0;0;0;1;0;0;0;0;0;0;1;0;0;0
"17/12/2011";"09:05:00";"79";"com vítima";"238.44";"BR-393/RJ";"Norte";"Outros - Sequência";3;0;0;0;0;0;0;0;0;0;0;4;0;0;0
"17/12/2011";"09:48:00";"81";"sem vítima";"239.2";"BR-393/RJ";"Norte";"Saida de Pista";1;0;0;0;0;0;0;0;0;0;6;0;0;0;0
"17/12/2011";"11:36:00";"89";"com vítima";"1.663";"Alça Sul";"Sul";"Abalroamento Sentido Oposto";2;0;0;0;0;0;0;0;0;0;1;6;0;0;0
"18/12/2011";"08:14:00";"28";"com vítima";"244.4";"BR-393/RJ";"Sul";"Saida de Pista";1;0;0;0;0;0;0;0;0;0;0;0;1;1;0
"18/12/2011";"02:41:00";"43";"com vítima";"284.5";"BR-393/RJ";"Norte";"Colisão Traseira";2;0;0;0;0;0;0;0;0;0;0;5;0;0;0
"19/12/2011";"07:04:00";"15";"com vítima";"157.94";"BR-393/RJ";"Norte";"Saida de Pista";1;0;0;0;0;0;0;0;0;0;0;4;0;0;0
"19/12/2011";"06:14:00";"69";"sem vítima";"281.22";"BR-393/RJ";"Norte";"Colisão Traseira";2;0;0;0;0;0;0;0;0;0;2;0;0;0;0
"19/12/2011";"08:28:00";"77";"com vítima";"284.5";"BR-393/RJ";"Norte";"Colisão Traseira";2;0;0;0;0;0;0;0;0;0;0;2;0;0;0
"20/12/2011";"08:14:00";"37";"sem vítima";"256.83";"BR-393/RJ";"Norte";"Outros - Sequência";1;0;1;0;0;0;0;0;0;0;2;0;0;0;0
"20/12/2011";"08:38:00";"38";"sem vítima";"257.01";"BR-393/RJ";"Norte";"Colisão Traseira";0;0;1;0;0;0;0;0;0;1;6;0;0;0;0
"20/12/2011";"01:49:00";"84";"com vítima";"123.6";"BR-393/RJ";"Norte";"Queda de Moto";0;0;0;1;0;0;0;0;0;0;0;1;0;0;0
"20/12/2011";"03:13:00";"92";"com vítima";"208.48";"BR-393/RJ";"Sul";"Tombamento";0;0;1;0;0;0;0;0;0;0;0;1;0;0;0
"20/12/2011";"08:14:00";"129";"com vítima";"286";"BR-393/RJ";"Norte";"Colisão Transversal";1;0;0;1;0;0;0;0;0;0;0;2;0;0;0
"21/12/2011";"06:44:00";"29";"sem vítima";"102.5";"BR-393/RJ";"Sul";"Colisão Lateral";1;0;1;0;0;0;0;0;0;0;4;0;0;0;0
"21/12/2011";"08:43:00";"42";"sem vítima";"187.02";"BR-393/RJ";"Norte";"Outros";0;0;1;0;0;0;0;0;0;0;1;0;0;0;0
"21/12/2011";"09:14:00";"43";"sem vítima";"282.46";"BR-393/RJ";"Norte";"Colisão Traseira";2;0;0;0;0;0;0;0;0;0;6;0;0;0;0
"21/12/2011";"10:10:00";"49";"com vítima";"187.08";"BR-393/RJ";"Norte";"Colisão Frontal";1;0;1;0;0;0;0;0;0;0;1;1;0;0;0