data;horario;n_da_ocorrencia;tipo_de_ocorrencia;km;trecho;sentido;tipo_de_acidente;automovel;bicicleta;caminhao;moto;onibus;outros;tracao_animal;transporte_de_cargas_especiais;trator_maquinas;utilitarios;ilesos;levemente_feridos;moderadamente_feridos;gravemente_feridos;mortos
"21/12/2011";"10:31:00";"51";"com vítima";"130.58";"BR-393/RJ";"Norte";"Atropelamento - Ciclista";0;1;1;0;0;0;0;0;0;0;1;0;0;0;1
"21/12/2011";"10:32:00";"52";"sem vítima";"106.19";"BR-393/RJ";"Sul";"Colisão Traseira";2;0;0;0;0;0;0;0;0;0;4;0;0;0;0
"21/12/2011";"01:48:00";"71";"com vítima";"107.11";"BR-393/RJ";"Norte";"Colisão Traseira";0;0;1;0;1;0;0;0;0;0;1;1;0;0;0
"22/12/2011";"06:58:00";"7";"com vítima";"103.42";"BR-393/RJ";"Norte";"Colisão Traseira";1;0;0;0;1;0;0;0;0;0;2;1;0;0;0
"22/12/2011";"09:40:00";"22";"com vítima";"221.77";"BR-393/RJ";"Norte";"Colisão Frontal";0;0;2;0;0;0;0;0;0;0;0;3;0;0;1
"22/12/2011";"11:32:00";"30";"com vítima";"250.16";"BR-393/RJ";"Norte";"Outros - Sequência";3;0;1;0;0;0;0;0;0;0;1;3;0;0;0
"22/12/2011";"06:53:00";"62";"com vítima";"284.17";"BR-393/RJ";"Norte";"Engavetamento";3;0;0;0;0;0;0;0;0;0;0;4;0;0;0
"23/12/2011";"12:16:00";"1";"com vítima";"223.3";"BR-393/RJ";"Norte";"Colisão Traseira";1;0;1;0;0;0;0;0;0;0;1;1;0;0;0
"23/12/2011";"07:52:00";"68";"com vítima";"187.76";"BR-393/RJ";"Sul";"Choque - Outros";1;0;0;0;0;0;0;0;0;0;0;0;0;1;0
"23/12/2011";"09:35:00";"81";"com vítima";"235.2";"BR-393/RJ";"Norte";"Queda de Moto";0;0;0;1;0;0;0;0;0;0;0;1;0;0;0
"24/12/2011";"03:52:00";"20";"com vítima";"163.28";"BR-393/RJ";"Norte";"Tombamento";0;0;1;0;0;0;0;0;0;0;0;1;0;0;0
"24/12/2011";"10:14:00";"84";"com vítima";"1.668";"Alça Sul";"Norte";"Atropelamento - Outros";0;0;0;0;0;1;0;0;0;0;1;0;0;0;1
"25/12/2011";"11:24:00";"57";"sem vítima";"284.4";"BR-393/RJ";"Sul";"Saida de Pista";1;0;0;0;0;0;0;0;0;0;2;0;0;0;0
"26/12/2011";"05:32:00";"16";"sem vítima";"121.55";"BR-393/RJ";"Norte";"Saida de Pista";1;0;0;0;0;0;0;0;0;0;1;0;0;0;0
"26/12/2011";"07:30:00";"19";"com vítima";"131.79";"BR-393/RJ";"Norte";"Abalroamento Mesmo Sentido ";0;0;0;2;0;0;0;0;0;0;2;1;0;0;0
"26/12/2011";"05:37:00";"57";"com vítima";"243.8";"BR-393/RJ";"Sul";"Capotamento";0;0;0;0;0;0;0;0;0;1;0;2;0;0;0
"27/12/2011";"07:33:00";"17";"com vítima";"167";"BR-393/RJ";"Norte";"Colisão Lateral";1;0;0;1;0;0;0;0;0;0;1;1;0;0;0
"27/12/2011";"09:51:00";"26";"com vítima";"175";"BR-393/RJ";"Norte";"Colisão Traseira";2;0;0;0;0;0;0;0;0;0;0;2;0;0;0
"27/12/2011";"10:31:00";"27";"com vítima";"282";"BR-393/RJ";"Norte";"Engavetamento";3;0;0;0;0;0;0;0;0;0;0;3;0;0;0
"28/12/2011";"04:33:00";"8";"com vítima";"226.62";"BR-393/RJ";"Sul";"Colisão Lateral";0;0;1;0;1;0;0;0;0;0;0;4;0;0;1
"28/12/2011";"12:19:00";"38";"com vítima";"286.4";"BR-393/RJ";"Norte";"Colisão Traseira";2;0;0;0;0;0;0;0;0;0;2;2;0;0;0
"28/12/2011";"12:40:00";"40";"com vítima";"169.46";"BR-393/RJ";"Sul";"Colisão Lateral";2;0;0;0;0;0;0;0;0;0;0;2;0;0;0
"28/12/2011";"08:03:00";"89";"sem vítima";"255.76";"BR-393/RJ";"Sul";"Colisão Transversal";1;0;1;0;0;0;0;0;0;0;2;0;0;0;0
"29/12/2011";"12:07:00";"2";"com vítima";"201.54";"BR-393/RJ";"Norte";"Tombamento";0;0;1;0;0;0;0;0;0;0;0;0;1;0;0
"29/12/2011";"11:36:00";"79";"sem vítima";"1";"Alça Sul";"Sul";"Colisão Lateral";1;0;1;0;0;0;0;0;0;0;3;0;0;0;0
"30/12/2011";"09:38:00";"45";"com vítima";"286";"BR-393/RJ";"Norte";"Colisão Lateral";2;0;0;0;0;0;0;0;0;0;0;4;0;0;0
"30/12/2011";"09:58:00";"46";"sem vítima";"157.23";"BR-393/RJ";"Sul";"Atropelamento de Animal";1;0;0;0;0;0;0;0;0;0;3;0;0;0;0
"31/12/2011";"12:47:00";"2";"sem vítima";"256.5";"BR-393/RJ";"Sul";"Colisão Transversal";0;0;0;0;0;0;0;0;0;2;14;0;0;0;0
"31/12/2011";"04:43:00";"7";"sem vítima";"169.46";"BR-393/RJ";"Sul";"Choque - Outros";1;0;0;0;0;0;0;0;0;0;4;0;0;0;0
"31/12/2011";"07:07:00";"33";"com vítima";"163.3";"BR-393/RJ";"Norte";"Tombamento";0;0;1;0;0;0;0;0;0;0;0;0;1;0;0
"01/01/2012";"12:09:00";"1";"com vítima";"104.52";"BR-393/RJ";"Norte";"Choque - Poste";1;0;0;0;0;0;0;0;0;0;0;1;0;0;0
"01/01/2012";"06:18:00";"11";"com vítima";"226.35";"BR-393/RJ";"Norte";"Saida de Pista";1;0;0;0;0;0;0;0;0;0;0;2;0;0;0
"01/01/2012";"08:05:00";"13";"sem vítima";"272.88";"BR-393/RJ";"Norte";"Saida de Pista";1;0;0;0;0;0;0;0;0;0;1;0;0;0;0
"01/01/2012";"01:37:00";"36";"com vítima";"103.78";"BR-393/RJ";"Sul";"Colisão Transversal";1;0;0;0;0;0;0;0;0;1;0;4;0;0;0
"01/01/2012";"04:42:00";"44";"com vítima";"243.75";"BR-393/RJ";"Norte";"Saida de Pista";1;0;0;0;0;0;0;0;0;0;0;2;0;0;0
"01/01/2012";"05:02:00";"45";"sem vítima";"116.5";"BR-393/RJ";"Norte";"Saida de Pista";1;0;0;0;0;0;0;0;0;0;2;0;0;0;0
"02/01/2012";"03:35:00";"42";"sem vítima";"177.37";"BR-393/RJ";"Sul";"Saida de Pista";1;0;0;0;0;0;0;0;0;0;1;0;0;0;0
"02/01/2012";"09:11:00";"54";"sem vítima";"177.82";"BR-393/RJ";"Sul";"Colisão Traseira";1;0;0;0;0;0;0;0;0;1;6;0;0;0;0
"02/01/2012";"09:17:00";"55";"sem vítima";"160.88";"BR-393/RJ";"Sul";"Saida de Pista";1;0;0;0;0;0;0;0;0;0;1;0;0;0;0
"02/01/2012";"11:53:00";"69";"com vítima";"181.5";"BR-393/RJ";"Sul";"Outros - Sequência";3;0;1;0;0;0;0;0;0;0;0;6;0;0;1
"02/01/2012";"04:52:00";"88";"sem vítima";"175.55";"BR-393/RJ";"Sul";"Colisão Lateral";1;0;1;0;0;0;0;0;0;0;2;0;0;0;0
"03/01/2012";"05:10:00";"56";"com vítima";"205.1";"BR-393/RJ";"Sul";"Colisão Lateral";1;0;1;0;0;0;0;0;0;0;3;3;0;0;0
"03/01/2012";"06:49:00";"58";"sem vítima";"252.3";"BR-393/RJ";"Norte";"Colisão Traseira";1;0;1;0;0;0;0;0;0;0;2;0;0;0;0
"04/01/2012";"01:29:00";"6";"sem vítima";"194";"BR-393/RJ";"Norte";"Atropelamento de Animal";1;0;0;0;0;0;0;0;0;0;1;0;0;0;0
"04/01/2012";"08:24:00";"25";"com vítima";"182";"BR-393/RJ";"Sul";"Colisão Lateral";1;0;1;0;0;0;0;0;0;0;1;1;0;1;0
"04/01/2012";"08:47:00";"72";"sem vítima";"171";"BR-393/RJ";"Sul";"Colisão Transversal";1;0;1;0;0;0;0;0;0;0;2;0;0;0;0
"04/01/2012";"09:33:00";"73";"sem vítima";"265";"BR-393/RJ";"Sul";"Colisão Traseira";2;0;0;0;0;0;0;0;0;0;2;0;0;0;0
"06/01/2012";"03:43:00";"9";"com vítima";"252.3";"BR-393/RJ";"Norte";"Tombamento";0;0;1;0;0;0;0;0;0;0;0;2;0;0;0
"06/01/2012";"06:59:00";"18";"com vítima";"200.5";"BR-393/RJ";"Norte";"Colisão Lateral";0;0;2;0;0;0;0;0;0;0;0;5;0;0;0
"08/01/2012";"12:42:00";"1";"sem vítima";"178.46";"BR-393/RJ";"Norte";"Colisão Traseira";1;0;0;1;0;0;0;0;0;0;2;0;0;0;0
"08/01/2012";"07:20:00";"10";"com vítima";"163.29";"BR-393/RJ";"Norte";"Tombamento";0;0;1;0;0;0;0;0;0;0;0;0;1;0;0
"08/01/2012";"03:13:00";"23";"com vítima";"168.8";"BR-393/RJ";"Norte";"Colisão Lateral";2;0;0;0;0;0;0;0;0;0;0;7;0;0;0
"08/01/2012";"08:50:00";"44";"sem vítima";"284";"BR-393/RJ";"Sul";"Saida de Pista";1;0;0;0;0;0;0;0;0;0;1;0;0;0;0
"08/01/2012";"10:34:00";"53";"com vítima";"121.5";"BR-393/RJ";"Norte";"Colisão Lateral";1;0;1;0;0;0;0;0;0;0;1;3;0;0;0
"09/01/2012";"02:08:00";"6";"com vítima";"230";"BR-393/RJ";"Norte";"Outros - Sequência";0;0;1;0;0;0;0;0;0;1;1;5;0;0;0
"09/01/2012";"10:41:00";"47";"com vítima";"115";"BR-393/RJ";"Norte";"Colisão Traseira";2;0;0;0;0;0;0;0;0;0;1;3;0;0;0
"09/01/2012";"12:55:00";"58";"sem vítima";"229.5";"BR-393/RJ";"Sul";"Choque - Outros";1;0;0;0;0;0;0;0;0;0;1;0;0;0;0
"09/01/2012";"05:25:00";"79";"com vítima";"113.8";"BR-393/RJ";"Norte";"Colisão Frontal";1;0;1;0;0;0;0;0;0;0;1;1;0;0;0
"10/01/2012";"08:40:00";"18";"com vítima";"278.5";"BR-393/RJ";"Sul";"Colisão Traseira";1;0;0;1;0;0;0;0;0;0;0;3;0;0;0
"10/01/2012";"06:39:00";"62";"sem vítima";"114.49";"BR-393/RJ";"Norte";"Saida de Pista";1;0;0;0;0;0;0;0;0;0;1;0;0;0;0
"11/01/2012";"02:32:00";"9";"sem vítima";"285.5";"BR-393/RJ";"Norte";"Choque - Suporte de Sinalização";1;0;0;0;0;0;0;0;0;0;1;0;0;0;0
"13/01/2012";"07:02:00";"8";"sem vítima";"123";"BR-393/RJ";"Sul";"Saida de Pista";1;0;0;0;0;0;0;0;0;0;1;0;0;0;0
"13/01/2012";"01:47:00";"28";"com vítima";"278";"BR-393/RJ";"Norte";"Colisão Lateral";2;0;0;0;0;0;0;0;0;0;1;2;0;0;0
"13/01/2012";"03:38:00";"32";"com vítima";"189";"BR-393/RJ";"Sul";"Choque - Outros";1;0;0;0;0;0;0;0;0;0;0;5;0;0;0
"13/01/2012";"07:13:00";"50";"sem vítima";"119";"BR-393/RJ";"Sul";"Choque - Outros";1;0;0;0;0;0;0;0;0;0;1;0;0;0;0
"14/01/2012";"10:12:00";"28";"sem vítima";"246.92";"BR-393/RJ";"Sul";"Abalroamento Mesmo Sentido ";0;0;0;1;1;0;0;0;0;0;3;0;0;0;0
"14/01/2012";"06:39:00";"58";"sem vítima";"284.85";"BR-393/RJ";"Sul";"Colisão Traseira";2;0;0;0;0;0;0;0;0;0;3;0;0;0;0
"14/01/2012";"08:33:00";"67";"sem vítima";"251.25";"BR-393/RJ";"Norte";"Colisão Lateral";1;0;0;1;0;0;0;0;0;0;3;0;0;0;0
"14/01/2012";"09:25:00";"69";"com vítima";"285.1";"BR-393/RJ";"Sul";"Atropelamento - Ciclista";0;1;0;1;0;0;0;0;0;0;1;1;0;0;0
"14/01/2012";"09:46:00";"72";"sem vítima";"286.1";"BR-393/RJ";"Sul";"Engavetamento";3;0;0;0;0;0;0;0;0;0;3;0;0;0;0
"16/01/2012";"07:33:00";"11";"com vítima";"222.2";"BR-393/RJ";"Sul";"Queda de Moto";0;0;0;1;0;0;0;0;0;0;0;1;0;0;0
"17/01/2012";"05:49:00";"43";"com vítima";"151.8";"BR-393/RJ";"Sul";"Capotamento";0;0;1;0;0;0;0;0;0;0;0;0;0;0;1
"18/01/2012";"12:27:00";"35";"com vítima";"243.68";"BR-393/RJ";"Sul";"Colisão Lateral";2;0;0;0;0;0;0;0;0;0;1;2;0;0;0
"18/01/2012";"03:19:00";"45";"sem vítima";"284";"BR-393/RJ";"Norte";"Engavetamento";3;0;0;0;0;0;0;0;0;0;3;0;0;0;0
"18/01/2012";"10:32:00";"67";"sem vítima";"175.46";"BR-393/RJ";"Sul";"Choque - Outros";0;0;1;0;0;0;0;0;0;0;1;0;0;0;0
"19/01/2012";"05:30:00";"47";"sem vítima";"274";"BR-393/RJ";"Norte";"Saida de Pista";1;0;0;0;0;0;0;0;0;0;1;0;0;0;0
"20/01/2012";"05:51:00";"5";"sem vítima";"150.9";"BR-393/RJ";"Norte";"Colisão Traseira";2;0;0;0;0;0;0;0;0;0;2;0;0;0;0
"21/01/2012";"05:30:00";"47";"com vítima";"270.65";"BR-393/RJ";"Sul";"Abalroamento Sentido Oposto";0;0;2;0;0;0;0;0;0;0;0;1;1;0;0
"21/01/2012";"10:16:00";"66";"com vítima";"240.16";"BR-393/RJ";"Sul";"Saida de Pista";1;0;0;0;0;0;0;0;0;0;0;1;0;0;0
"21/01/2012";"10:29:00";"68";"com vítima";"186.35";"BR-393/RJ";"Sul";"Atropelamento de Animal";0;0;0;1;0;0;0;0;0;0;0;1;0;0;0
"22/01/2012";"12:59:00";"3";"com vítima";"266.4";"BR-393/RJ";"Norte";"Capotamento";1;0;0;0;0;0;0;0;0;0;0;1;1;0;0
"23/01/2012";"09:11:00";"23";"sem vítima";"168.77";"BR-393/RJ";"Norte";"Colisão Lateral";2;0;0;0;0;0;0;0;0;0;2;0;0;0;0
"23/01/2012";"11:44:00";"34";"sem vítima";"252.36";"BR-393/RJ";"Norte";"Saida de Pista";1;0;0;0;0;0;0;0;0;0;1;0;0;0;0
"23/01/2012";"07:09:00";"46";"sem vítima";"119.78";"BR-393/RJ";"Sul";"Atropelamento de Animal";1;0;0;0;0;0;0;0;0;0;1;0;0;0;0
"24/01/2012";"07:11:00";"55";"com vítima";"283.24";"BR-393/RJ";"Norte";"Colisão Traseira";2;0;0;0;0;0;0;0;0;0;2;1;0;0;0
"26/01/2012";"07:22:00";"20";"com vítima";"264.6";"BR-393/RJ";"Sul";"Tombamento";0;0;1;0;0;0;0;0;0;0;1;3;0;0;0
"27/01/2012";"06:18:00";"51";"com vítima";"124.897";"BR-393/RJ";"Norte";"Atropelamento - Funcionário";0;0;1;0;0;0;0;0;0;0;1;1;0;0;0
"27/01/2012";"08:01:00";"59";"com vítima";"235.75";"BR-393/RJ";"Norte";"Colisão Lateral";1;0;0;1;0;0;0;0;0;0;1;1;0;0;0
"28/01/2012";"06:34:00";"11";"sem vítima";"178.25";"BR-393/RJ";"Norte";"Colisão Lateral";1;0;1;0;0;0;0;0;0;0;2;0;0;0;0
"28/01/2012";"07:21:00";"13";"sem vítima";"258.09";"BR-393/RJ";"Norte";"Abalroamento Sentido Oposto";2;0;0;0;0;0;0;0;0;0;2;0;0;0;0
"28/01/2012";"08:27:00";"16";"sem vítima";"147.1";"BR-393/RJ";"Norte";"Saida de Pista";1;0;0;0;0;0;0;0;0;0;1;0;0;0;0
"28/01/2012";"09:59:00";"19";"com vítima";"282";"BR-393/RJ";"Norte";"Colisão Traseira";1;0;1;0;0;0;0;0;0;0;1;2;0;0;0
"28/01/2012";"08:25:00";"34";"sem vítima";"259";"BR-393/RJ";"Sul";"Capotamento";0;0;0;0;0;0;0;0;0;1;1;0;0;0;0
"29/01/2012";"08:25:00";"67";"sem vítima";"231";"BR-393/RJ";"Sul";"Choque - Outros";1;0;0;0;0;0;0;0;0;0;1;0;0;0;0
"01/02/2012";"06:07:00";"104";"com vítima";"285.8";"BR-393/RJ";"Sul";"Atropelamento - Ciclista";1;1;0;0;0;0;0;0;0;0;1;1;0;0;0
"01/02/2012";"07:56:00";"116";"com vítima";"225";"BR-393/RJ";"Sul";"Queda de Moto";0;0;0;1;0;0;0;0;0;0;0;2;0;0;0
"02/02/2012";"06:28:00";"50";"sem vítima";"265";"BR-393/RJ";"Norte";"Colisão Traseira";2;0;0;0;0;0;0;0;0;0;2;0;0;0;0
"02/02/2012";"08:43:00";"62";"com vítima";"102";"BR-393/RJ";"Norte";"Colisão Transversal";0;0;2;0;0;0;0;0;0;0;0;2;0;0;0
"02/02/2012";"09:35:00";"65";"sem vítima";"250.9";"BR-393/RJ";"Norte";"Colisão Transversal";2;0;0;0;0;0;0;0;0;0;2;0;0;0;0
"02/02/2012";"10:09:00";"66";"sem vítima";"219";"BR-393/RJ";"Norte";"Abalroamento Mesmo Sentido ";0;0;2;0;0;0;0;0;0;0;2;0;0;0;0
"03/02/2012";"05:17:00";"20";"sem vítima";"248";"BR-393/RJ";"Norte";"Atropelamento de Animal";1;0;0;0;0;0;0;0;0;0;1;0;0;0;0
"03/02/2012";"10:13:00";"39";"com vítima";"271";"BR-393/RJ";"Sul";"Colisão Frontal";2;0;0;0;0;0;0;0;0;0;0;1;2;0;0
"03/02/2012";"11:07:00";"90";"com vítima";"286";"BR-393/RJ";"Norte";"Colisão Lateral";2;0;0;0;0;0;0;0;0;0;0;2;0;0;0
"04/02/2012";"09:44:00";"22";"com vítima";"108.6";"BR-393/RJ";"Sul";"Colisão Lateral";1;0;1;0;0;0;0;0;0;0;1;1;0;0;0
"04/02/2012";"11:59:00";"35";"sem vítima";"200";"BR-393/RJ";"Norte";"Colisão Traseira";1;0;1;0;0;0;0;0;0;0;2;0;0;0;0
"04/02/2012";"12:29:00";"36";"com vítima";"168.8";"BR-393/RJ";"Norte";"Colisão Lateral";1;0;1;0;0;0;0;0;0;0;0;2;0;0;0
"04/02/2012";"06:40:00";"58";"com vítima";"282.35";"BR-393/RJ";"Sul";"Engavetamento";3;0;0;0;0;0;0;0;0;0;2;1;0;0;0
"05/02/2012";"03:40:00";"6";"com vítima";"157.5";"BR-393/RJ";"Norte";"Queda de Moto";0;0;0;1;0;0;0;0;0;0;0;2;0;0;0
"06/02/2012";"05:17:00";"11";"com vítima";"216.3";"BR-393/RJ";"Sul";"Queda de Moto";0;0;0;1;0;0;0;0;0;0;0;0;1;0;0
"06/02/2012";"07:32:00";"13";"sem vítima";"286";"BR-393/RJ";"Sul";"Engavetamento";4;0;0;0;0;0;0;0;0;0;4;0;0;0;0
"06/02/2012";"10:01:00";"26";"com vítima";"252.46";"BR-393/RJ";"Sul";"Colisão Transversal";1;0;0;0;1;0;0;0;0;0;0;2;0;0;0
"06/02/2012";"10:35:00";"28";"sem vítima";"252.16";"BR-393/RJ";"Norte";"Colisão Transversal";2;0;0;0;0;0;0;0;0;0;3;0;0;0;0
"07/02/2012";"06:23:00";"15";"sem vítima";"283.36";"BR-393/RJ";"Norte";"Colisão Transversal";1;0;0;0;1;0;0;0;0;0;2;0;0;0;0
"07/02/2012";"03:37:00";"53";"com vítima";"258.67";"BR-393/RJ";"Norte";"Saida de Pista";1;0;0;0;0;0;0;0;0;0;0;1;0;0;0
"07/02/2012";"04:12:00";"56";"sem vítima";"108.35";"BR-393/RJ";"Sul";"Colisão Traseira";2;0;0;0;0;0;0;0;0;0;2;0;0;0;0
"08/02/2012";"06:41:00";"16";"com vítima";"281.17";"BR-393/RJ";"Sul";"Colisão Lateral";1;0;0;1;0;0;0;0;0;0;0;2;0;0;0
"08/02/2012";"07:51:00";"21";"com vítima";"255.68";"BR-393/RJ";"Norte";"Colisão Lateral";2;0;0;0;0;0;0;0;0;0;3;1;0;0;0
"08/02/2012";"06:58:00";"70";"sem vítima";"255.87";"BR-393/RJ";"Norte";"Colisão Traseira";0;0;2;0;0;0;0;0;0;0;2;0;0;0;0
"09/02/2012";"07:10:00";"22";"com vítima";"281.14";"BR-393/RJ";"Sul";"Colisão Transversal";0;0;0;2;0;0;0;0;0;0;0;3;0;0;0
"11/02/2012";"12:16:00";"2";"sem vítima";"255.5";"BR-393/RJ";"Norte";"Colisão Frontal";1;0;1;0;0;0;0;0;0;0;2;0;0;0;0
"11/02/2012";"01:40:00";"5";"sem vítima";"250";"BR-393/RJ";"Sul";"Colisão Lateral";1;0;1;0;0;0;0;0;0;0;2;0;0;0;0
"11/02/2012";"02:22:00";"47";"sem vítima";"243.8";"BR-393/RJ";"Sul";"Choque - Elemento de Drenagem";1;0;0;0;0;0;0;0;0;0;1;0;0;0;0
"11/02/2012";"07:11:00";"68";"com vítima";"175.7";"BR-393/RJ";"Norte";"Colisão Traseira";2;0;0;0;0;0;0;0;0;0;1;1;0;0;0
"11/02/2012";"11:49:00";"89";"com vítima";"285";"BR-393/RJ";"Norte";"Colisão Lateral";2;0;0;0;0;0;0;0;0;0;1;1;0;0;0
"12/02/2012";"03:14:00";"12";"com vítima";"212.8";"BR-393/RJ";"Norte";"Queda de Moto";0;0;0;1;0;0;0;0;0;0;0;1;0;0;0
"12/02/2012";"05:29:00";"16";"com vítima";"191.3";"BR-393/RJ";"Norte";"Saida de Pista";0;0;0;0;0;0;0;0;0;1;0;0;1;0;0
"12/02/2012";"09:35:00";"23";"com vítima";"254";"BR-393/RJ";"Sul";"Tombamento";0;0;1;0;0;0;0;0;0;0;0;2;0;0;0
"13/02/2012";"05:43:00";"73";"com vítima";"254.1";"BR-393/RJ";"Norte";"Choque - Elemento de Drenagem";1;0;0;0;0;0;0;0;0;0;2;1;0;0;0
"14/02/2012";"08:59:00";"13";"sem vítima";"285";"BR-393/RJ";"Norte";"Colisão Lateral";2;0;0;0;0;0;0;0;0;0;2;0;0;0;0
"14/02/2012";"06:14:00";"42";"com vítima";"233";"BR-393/RJ";"Sul";"Abalroamento Mesmo Sentido ";1;0;0;1;0;0;0;0;0;0;1;1;0;0;0
"16/02/2012";"07:02:00";"24";"com vítima";"283";"BR-393/RJ";"Norte";"Colisão Lateral";1;0;0;1;0;0;0;0;0;0;1;1;0;0;0
"16/02/2012";"01:44:00";"50";"com vítima";"281.9";"BR-393/RJ";"Sul";"Saida de Pista";1;0;0;0;0;0;0;0;0;0;0;1;0;0;0
"16/02/2012";"02:47:00";"52";"com vítima";"1";"Alça Sul";"Sul";"Colisão Traseira";2;0;0;0;0;0;0;0;0;0;0;2;0;0;0
"16/02/2012";"09:30:00";"82";"com vítima";"170.7";"BR-393/RJ";"Norte";"Tombamento";0;0;1;0;0;0;0;0;0;0;0;1;0;0;0
"17/02/2012";"11:02:00";"33";"com vítima";"238.64";"BR-393/RJ";"Norte";"Colisão Transversal";2;0;0;0;0;0;0;0;0;0;0;4;0;0;0
"17/02/2012";"12:19:00";"36";"com vítima";"172.23";"BR-393/RJ";"Sul";"Colisão Lateral";0;0;2;0;0;0;0;0;0;0;0;2;0;0;0
"17/02/2012";"01:19:00";"38";"com vítima";"237.37";"BR-393/RJ";"Norte";"Outros - Sequência";2;0;1;0;0;0;0;0;0;0;0;4;2;0;1
"17/02/2012";"07:43:00";"68";"sem vítima";"285.49";"BR-393/RJ";"Sul";"Colisão Lateral";1;0;1;0;0;0;0;0;0;0;2;0;0;0;0
"17/02/2012";"09:35:00";"74";"sem vítima";"282.2";"BR-393/RJ";"Sul";"Atropelamento - Ciclista";1;1;0;0;0;0;0;0;0;0;2;0;0;0;0
"18/02/2012";"12:34:00";"1";"com vítima";"172.58";"BR-393/RJ";"Norte";"Choque - Defensa, barreira ou "submarino"";1;0;0;0;0;0;0;0;0;0;0;1;0;0;0
"18/02/2012";"06:35:00";"19";"com vítima";"177.75";"BR-393/RJ";"Sul";"Engavetamento";3;0;0;0;0;0;0;0;0;0;1;2;0;0;0
"18/02/2012";"07:54:00";"22";"com vítima";"233";"BR-393/RJ";"Sul";"Saida de Pista";1;0;0;0;0;0;0;0;0;0;0;3;0;0;0
"18/02/2012";"05:36:00";"74";"com vítima";"268.3";"BR-393/RJ";"Norte";"Atropelamento - Ciclista";1;1;0;0;0;0;0;0;0;0;1;1;0;0;0
"18/02/2012";"09:42:00";"89";"com vítima";"168.43";"BR-393/RJ";"Sul";"Colisão Transversal";1;0;0;1;0;0;0;0;0;0;1;2;1;0;0
"19/02/2012";"12:47:00";"4";"com vítima";"177.35";"BR-393/RJ";"Norte";"Choque - Arvore";2;0;0;0;0;0;0;0;0;0;1;2;0;0;0
"19/02/2012";"05:42:00";"45";"com vítima";"118.92";"BR-393/RJ";"Sul";"Queda de Moto";0;0;0;1;0;0;0;0;0;0;0;0;1;0;0
"19/02/2012";"09:26:00";"58";"com vítima";"278.37";"BR-393/RJ";"Norte";"Colisão Traseira";2;0;0;0;0;0;0;0;0;0;0;2;1;0;0
"19/02/2012";"11:29:00";"64";"com vítima";"256.4";"BR-393/RJ";"Norte";"Colisão Traseira";2;0;0;0;0;0;0;0;0;0;0;2;0;0;0
"21/02/2012";"01:46:00";"3";"sem vítima";"2";"Alça Sul";"Norte";"Atropelamento de Animal";1;0;0;0;0;0;0;0;0;0;1;0;0;0;0
"21/02/2012";"09:30:00";"21";"com vítima";"246.25";"BR-393/RJ";"Sul";"Queda de Moto";0;0;0;1;0;0;0;0;0;0;0;1;0;0;0
"21/02/2012";"09:42:00";"22";"com vítima";"279";"BR-393/RJ";"Sul";"Colisão Traseira";1;0;1;0;0;0;0;0;0;0;1;1;0;0;0
"22/02/2012";"05:00:00";"3";"sem vítima";"177.6";"BR-393/RJ";"Sul";"Choque - Elemento de Drenagem";0;0;1;0;0;0;0;0;0;0;1;0;0;0;0
"22/02/2012";"02:59:00";"37";"com vítima";"278.88";"BR-393/RJ";"Norte";"Colisão Traseira";2;0;0;0;0;0;0;0;0;0;0;6;0;0;0
"22/02/2012";"05:40:00";"51";"sem vítima";"233";"BR-393/RJ";"Norte";"Atropelamento de Animal";1;0;0;0;0;0;0;0;0;0;1;0;0;0;0
"23/02/2012";"01:36:00";"41";"com vítima";"237";"BR-393/RJ";"Norte";"Capotamento";1;0;0;0;0;0;0;0;0;0;0;1;0;0;0
"23/02/2012";"06:25:00";"55";"sem vítima";"260.6";"BR-393/RJ";"Sul";"Atropelamento de Animal";1;0;0;0;0;0;0;0;0;0;1;0;0;0;0
"23/02/2012";"07:20:00";"61";"sem vítima";"177.3";"BR-393/RJ";"Sul";"Choque - Elemento de Drenagem";0;0;1;0;0;0;0;0;0;0;1;0;0;0;0
"24/02/2012";"06:50:00";"21";"com vítima";"178.56";"BR-393/RJ";"Sul";"Colisão Traseira";1;0;0;1;0;0;0;0;0;0;1;1;0;0;0
"24/02/2012";"08:13:00";"25";"com vítima";"128.5";"BR-393/RJ";"Sul";"Tombamento";0;0;0;0;0;0;0;0;0;1;0;3;0;0;0
"25/02/2012";"09:34:00";"19";"sem vítima";"286";"BR-393/RJ";"Norte";"Colisão Traseira";2;0;0;0;0;0;0;0;0;0;2;0;0;0;0
"25/02/2012";"05:15:00";"37";"com vítima";"129.83";"BR-393/RJ";"Norte";"Choque - Arvore";1;0;0;0;0;0;0;0;0;0;0;2;0;1;2
"25/02/2012";"08:20:00";"45";"com vítima";"192.83";"BR-393/RJ";"Sul";"Atropelamento - Andarilho";1;0;0;0;0;0;0;0;0;0;1;1;0;0;1
"26/02/2012";"02:54:00";"28";"sem vítima";"182.12";"BR-393/RJ";"Norte";"Colisão Traseira";2;0;0;0;0;0;0;0;0;0;7;0;0;0;0
"26/02/2012";"03:06:00";"30";"com vítima";"286";"BR-393/RJ";"Sul";"Queda de Moto";0;0;0;1;0;0;0;0;0;0;0;1;0;0;0
"26/02/2012";"07:14:00";"41";"sem vítima";"261";"BR-393/RJ";"Sul";"Atropelamento de Animal";1;0;0;0;0;0;0;0;0;0;1;0;0;0;0
"27/02/2012";"09:11:00";"22";"sem vítima";"285";"BR-393/RJ";"Norte";"Abalroamento Mesmo Sentido ";1;0;1;0;0;0;0;0;0;0;2;0;0;0;0
"27/02/2012";"03:51:00";"54";"com vítima";"114";"BR-393/RJ";"Norte";"Choque - Outros";0;0;0;0;0;0;0;0;0;1;0;1;0;0;0