data;horario;n_da_ocorrencia;tipo_de_ocorrencia;km;trecho;sentido;tipo_de_acidente;automovel;bicicleta;caminhao;moto;onibus;outros;tracao_animal;transporte_de_cargas_especiais;trator_maquinas;utilitarios;ilesos;levemente_feridos;moderadamente_feridos;gravemente_feridos;mortos
"01/05/2012";"04:56:00";"42";"com vítima";"104.2";"BR-393/RJ";"Sul";"Colisão Frontal";1;0;0;1;0;0;0;0;0;0;2;0;1;0;0
"01/05/2012";"03:33:00";"83";"sem vítima";"166.08";"BR-393/RJ";"Sul";"Colisão Traseira";2;0;0;0;0;0;0;0;0;0;5;0;0;0;0
"01/05/2012";"07:30:00";"107";"com vítima";"279.27";"BR-393/RJ";"Sul";"Colisão Traseira";2;0;0;0;0;0;0;0;0;0;3;1;0;0;0
"02/05/2012";"08:07:00";"18";"sem vítima";"218.37";"BR-393/RJ";"Norte";"Colisão Traseira";1;0;0;0;0;0;0;0;0;1;2;0;0;0;0
"02/05/2012";"08:30:00";"19";"com vítima";"136.08";"BR-393/RJ";"Norte";"Colisão Traseira";2;0;0;0;0;0;0;0;0;0;0;5;0;0;0
"02/05/2012";"05:01:00";"44";"com vítima";"116.715";"BR-393/RJ";"Norte";"Colisão Traseira";2;0;0;0;0;0;0;0;0;0;3;3;0;0;0
"03/05/2012";"01:20:00";"39";"com vítima";"282.12";"BR-393/RJ";"Norte";"Colisão Transversal";2;0;0;0;0;0;0;0;0;0;1;2;0;0;0
"03/05/2012";"06:43:00";"58";"com vítima";"286";"BR-393/RJ";"Sul";"Engavetamento";3;0;1;0;0;0;0;0;0;0;0;5;0;0;0
"04/05/2012";"05:31:00";"7";"com vítima";"145.68";"BR-393/RJ";"Norte";"Tombamento";0;0;1;0;0;0;0;0;0;0;0;0;1;0;0
"04/05/2012";"09:48:00";"98";"sem vítima";"181.51";"BR-393/RJ";"Norte";"Engavetamento";2;0;0;0;0;0;0;0;0;1;3;0;0;0;0
"04/05/2012";"09:48:00";"96";"com vítima";"181.51";"BR-393/RJ";"Sul";"Queda de Moto";0;0;0;1;0;0;0;0;0;0;0;1;0;0;0
"04/05/2012";"11:40:00";"100";"sem vítima";"286.1";"BR-393/RJ";"Sul";"Engavetamento";3;0;0;0;0;0;0;0;0;0;3;0;0;0;0
"05/05/2012";"05:38:00";"10";"sem vítima";"125.86";"BR-393/RJ";"Norte";"Abalroamento Mesmo Sentido ";1;0;1;0;0;0;0;0;0;0;2;0;0;0;0
"05/05/2012";"10:05:00";"39";"sem vítima";"284";"BR-393/RJ";"Sul";"Colisão Lateral";1;0;1;0;0;0;0;0;0;0;2;0;0;0;0
"05/05/2012";"11:33:00";"51";"com vítima";"105.4";"BR-393/RJ";"Sul";"Saida de Pista";1;0;0;0;0;0;0;0;0;0;0;2;0;0;0
"05/05/2012";"02:09:00";"54";"sem vítima";"104.64";"BR-393/RJ";"Norte";"Colisão Traseira";1;0;1;0;0;0;0;0;0;0;2;0;0;0;0
"06/05/2012";"02:00:00";"5";"com vítima";"217.639";"BR-393/RJ";"Norte";"Queda de Moto";0;0;0;1;0;0;0;0;0;0;0;2;0;0;0
"06/05/2012";"03:21:00";"8";"com vítima";"128.09";"BR-393/RJ";"Sul";"Capotamento";0;0;0;0;0;0;0;0;0;1;0;0;1;0;0
"06/05/2012";"11:53:00";"20";"com vítima";"181.19";"BR-393/RJ";"Norte";"Saida de Pista";0;0;1;0;0;0;0;0;0;0;0;1;0;0;0
"06/05/2012";"02:23:00";"26";"com vítima";"284.49";"BR-393/RJ";"Norte";"Atropelamento - Usuário";1;0;1;0;0;0;0;0;0;0;0;1;1;0;0
"06/05/2012";"02:58:00";"28";"com vítima";"178.25";"BR-393/RJ";"Norte";"Atropelamento - Usuário";1;0;0;0;0;0;0;0;0;0;1;0;1;0;0
"06/05/2012";"04:58:00";"35";"sem vítima";"283.51";"BR-393/RJ";"Sul";"Colisão Lateral";1;0;1;0;0;0;0;0;0;0;2;0;0;0;0
"07/05/2012";"12:34:00";"47";"com vítima";"182.42";"BR-393/RJ";"Norte";"Colisão Transversal";1;0;0;0;0;0;0;0;0;1;2;2;0;0;0
"08/05/2012";"08:03:00";"12";"sem vítima";"130.96";"BR-393/RJ";"Norte";"Colisão Lateral";0;0;2;0;0;0;0;0;0;0;2;0;0;0;0
"08/05/2012";"12:56:00";"48";"com vítima";"284.38";"BR-393/RJ";"Sul";"Colisão Frontal";2;0;0;0;0;0;0;0;0;0;1;1;0;0;0
"08/05/2012";"03:02:00";"62";"com vítima";"175.77";"BR-393/RJ";"Norte";"Outros - Sequência";1;0;0;1;0;0;0;0;0;0;1;1;1;0;0
"08/05/2012";"03:44:00";"65";"com vítima";"179.187";"BR-393/RJ";"Sul";"Saida de Pista";1;0;0;0;0;0;0;0;0;0;0;2;0;0;0
"10/05/2012";"03:16:00";"52";"com vítima";"177.75";"BR-393/RJ";"Norte";"Colisão Traseira";1;0;1;0;0;0;0;0;0;0;2;1;0;0;0
"10/05/2012";"07:08:00";"61";"com vítima";"285.5";"BR-393/RJ";"Sul";"Colisão Lateral";1;0;1;0;0;0;0;0;0;0;1;1;0;0;0
"10/05/2012";"11:11:00";"65";"sem vítima";"265.16";"BR-393/RJ";"Sul";"Colisão Traseira";0;0;2;0;0;0;0;0;0;0;2;0;0;0;0
"11/05/2012";"05:59:00";"5";"com vítima";"271.538";"BR-393/RJ";"Norte";"Outros - Sequência";2;0;1;0;0;0;0;0;0;0;2;5;0;0;0
"11/05/2012";"08:05:00";"9";"com vítima";"271.538";"BR-393/RJ";"Norte";"Colisão Traseira";1;0;0;1;0;0;0;0;0;0;1;1;0;0;0
"11/05/2012";"08:53:00";"11";"com vítima";"132.5";"BR-393/RJ";"Norte";"Colisão Traseira";0;0;1;0;1;0;0;0;0;0;0;2;0;0;0
"11/05/2012";"09:47:00";"67";"sem vítima";"152";"BR-393/RJ";"Sul";"Colisão Traseira";0;0;2;0;0;0;0;0;0;0;2;0;0;0;0
"12/05/2012";"12:58:00";"4";"sem vítima";"1";"Alça Sul";"Sul";"Choque - Arvore";1;0;0;0;0;0;0;0;0;0;2;0;0;0;0
"12/05/2012";"06:13:00";"11";"com vítima";"247.113";"BR-393/RJ";"Sul";"Saida de Pista";1;0;0;0;0;0;0;0;0;0;1;3;1;0;0
"12/05/2012";"08:09:00";"21";"com vítima";"205.9";"BR-393/RJ";"Sul";"Saida de Pista";1;0;0;0;0;0;0;0;0;0;0;1;0;0;0
"12/05/2012";"10:07:00";"45";"com vítima";"168.315";"BR-393/RJ";"Norte";"Saida de Pista";0;0;0;1;0;0;0;0;0;0;0;0;1;0;0
"12/05/2012";"10:29:00";"49";"com vítima";"104.828";"BR-393/RJ";"Norte";"Colisão Frontal";1;0;0;1;0;0;0;0;0;0;0;1;0;1;0
"12/05/2012";"12:29:00";"58";"sem vítima";"163.25";"BR-393/RJ";"Norte";"Tombamento";0;0;1;0;0;0;0;0;0;0;2;0;0;0;0
"12/05/2012";"12:32:00";"59";"sem vítima";"102.17";"BR-393/RJ";"Norte";"Colisão Lateral";1;0;0;1;0;0;0;0;0;0;3;0;0;0;0
"12/05/2012";"06:38:00";"90";"sem vítima";"279.7";"BR-393/RJ";"Norte";"Choque - Outros";0;0;1;0;0;0;0;0;0;0;1;0;0;0;0
"12/05/2012";"09:52:00";"101";"com vítima";"286";"BR-393/RJ";"Sul";"Colisão Traseira";1;0;0;1;0;0;0;0;0;0;1;1;0;0;0
"13/05/2012";"03:19:00";"7";"sem vítima";"265";"BR-393/RJ";"Sul";"Atropelamento de Animal";1;0;0;0;0;0;0;0;0;0;1;0;0;0;0
"14/05/2012";"05:26:00";"5";"com vítima";"137.26";"BR-393/RJ";"Norte";"Capotamento";1;0;0;0;0;0;0;0;0;0;0;1;0;0;0
"14/05/2012";"12:41:00";"35";"com vítima";"128.645";"BR-393/RJ";"Sul";"Saida de Pista";1;0;0;0;0;0;0;0;0;0;0;4;0;0;0
"14/05/2012";"03:22:00";"43";"com vítima";"285.5";"BR-393/RJ";"Sul";"Colisão Lateral";2;0;0;0;0;0;0;0;0;0;0;2;0;0;0
"15/05/2012";"10:48:00";"22";"com vítima";"248.55";"BR-393/RJ";"Sul";"Colisão Traseira";1;0;1;0;0;0;0;0;0;0;2;2;0;0;0
"15/05/2012";"03:09:00";"35";"com vítima";"134";"BR-393/RJ";"Sul";"Colisão Traseira";2;0;0;0;0;0;0;0;0;0;0;3;0;0;0
"16/05/2012";"10:06:00";"113";"sem vítima";"243.57";"BR-393/RJ";"Norte";"Saida de Pista";0;0;1;0;0;0;0;0;0;0;1;0;0;0;0
"17/05/2012";"02:20:00";"60";"com vítima";"133.1";"BR-393/RJ";"Norte";"Queda de Moto";0;0;0;1;0;0;0;0;0;0;0;1;0;0;0
"17/05/2012";"06:56:00";"86";"com vítima";"139.584";"BR-393/RJ";"Norte";"Saida de Pista";1;0;0;0;0;0;0;0;0;0;1;2;0;0;0
"19/05/2012";"02:41:00";"47";"com vítima";"252.4";"BR-393/RJ";"Sul";"Colisão Lateral";2;0;0;0;0;0;0;0;0;0;2;1;0;0;0
"19/05/2012";"09:48:00";"59";"com vítima";"168.77";"BR-393/RJ";"Sul";"Colisão Lateral";1;0;0;1;0;0;0;0;0;0;1;0;0;1;0
"19/05/2012";"09:48:00";"60";"com vítima";"283.3";"BR-393/RJ";"Norte";"Colisão Frontal";1;0;1;0;0;0;0;0;0;0;1;1;0;0;0
"21/05/2012";"01:53:00";"75";"sem vítima";"283.5";"BR-393/RJ";"Norte";"Colisão Traseira";2;0;0;0;0;0;0;0;0;0;2;0;0;0;0
"21/05/2012";"02:37:00";"76";"sem vítima";"239.8";"BR-393/RJ";"Sul";"Colisão Lateral";2;0;0;0;0;0;0;0;0;0;5;0;0;0;0
"21/05/2012";"03:14:00";"78";"com vítima";"106";"BR-393/RJ";"Sul";"Colisão Traseira";2;0;0;0;0;0;0;0;0;0;3;2;0;0;0
"22/05/2012";"06:21:00";"10";"com vítima";"152.2";"BR-393/RJ";"Norte";"Tombamento";0;0;1;0;0;0;0;0;0;0;0;2;0;0;0
"22/05/2012";"08:24:00";"17";"com vítima";"155.51";"BR-393/RJ";"Norte";"Saida de Pista";1;0;0;0;0;0;0;0;0;0;0;1;0;0;0
"22/05/2012";"04:06:00";"47";"com vítima";"3.11";"Alça Sul";"Sul";"Colisão Traseira";3;0;0;0;0;0;0;0;0;0;1;2;0;0;0
"23/05/2012";"12:19:00";"34";"com vítima";"265";"BR-393/RJ";"Norte";"Colisão Traseira";1;0;1;0;0;0;0;0;0;0;1;1;0;0;0
"24/05/2012";"07:08:00";"10";"com vítima";"285.5";"BR-393/RJ";"Sul";"Colisão Traseira";1;0;1;0;0;0;0;0;0;0;1;1;0;0;0
"24/05/2012";"07:14:00";"11";"com vítima";"2.99";"Alça Sul";"Sul";"Colisão Lateral";1;0;0;1;0;0;0;0;0;0;1;1;0;0;0
"24/05/2012";"07:59:00";"20";"com vítima";"184.49";"BR-393/RJ";"Norte";"Abalroamento Sentido Oposto";0;0;2;0;0;0;0;0;0;0;0;2;0;0;0
"25/05/2012";"02:53:00";"2";"sem vítima";"108.13";"BR-393/RJ";"Norte";"Colisão Traseira";0;0;1;0;1;0;0;0;0;0;2;0;0;0;0
"25/05/2012";"05:23:00";"7";"com vítima";"254.48";"BR-393/RJ";"Sul";"Tombamento";0;0;1;0;0;0;0;0;0;0;0;1;0;0;0
"25/05/2012";"01:27:00";"58";"com vítima";"235.98";"BR-393/RJ";"Norte";"Colisão Lateral";0;0;0;1;0;0;0;0;0;1;1;2;0;0;0
"25/05/2012";"05:14:00";"89";"com vítima";"213.13";"BR-393/RJ";"Norte";"Atropelamento - Morador";0;0;1;0;0;0;0;0;0;0;1;0;0;1;0
"25/05/2012";"05:56:00";"93";"sem vítima";"173.772";"BR-393/RJ";"Sul";"Choque - Elemento de Drenagem";1;0;0;0;0;0;0;0;0;0;1;0;0;0;0
"26/05/2012";"02:36:00";"12";"com vítima";"236.84";"BR-393/RJ";"Norte";"Colisão Traseira";2;0;0;0;0;0;0;0;0;0;0;4;0;0;0
"26/05/2012";"03:59:00";"13";"com vítima";"167.465";"BR-393/RJ";"Norte";"Queda de Moto";0;0;0;1;0;0;0;0;0;0;0;1;0;0;0
"26/05/2012";"11:06:00";"31";"com vítima";"202.89";"BR-393/RJ";"Norte";"Capotamento";1;0;0;0;0;0;0;0;0;0;0;2;0;0;0
"26/05/2012";"11:54:00";"34";"sem vítima";"212.79";"BR-393/RJ";"Sul";"Saida de Pista";1;0;0;0;0;0;0;0;0;0;1;0;0;0;0
"27/05/2012";"02:26:00";"6";"sem vítima";"224";"BR-393/RJ";"Sul";"Saida de Pista";0;0;1;0;0;0;0;0;0;0;1;0;0;0;0
"27/05/2012";"12:21:00";"20";"sem vítima";"283.4";"BR-393/RJ";"Norte";"Colisão Traseira";2;0;0;0;0;0;0;0;0;0;2;0;0;0;0
"27/05/2012";"04:18:00";"31";"com vítima";"281.5";"BR-393/RJ";"Sul";"Colisão Lateral";2;0;0;0;0;0;0;0;0;0;1;2;0;0;0
"28/05/2012";"05:28:00";"2";"com vítima";"1";"Alça Sul";"Sul";"Atropelamento - Ciclista";1;3;0;0;0;0;0;0;0;0;1;0;3;0;0
"28/05/2012";"11:52:00";"56";"com vítima";"238";"BR-393/RJ";"Norte";"Queda de Moto";0;0;0;1;0;0;0;0;0;0;0;0;1;0;0
"28/05/2012";"07:02:00";"90";"com vítima";"282.248";"BR-393/RJ";"Norte";"Atropelamento - Ciclista";0;1;0;0;1;0;0;0;0;0;1;1;0;0;0
"29/05/2012";"09:17:00";"38";"com vítima";"283";"BR-393/RJ";"Norte";"Engavetamento";3;0;0;0;0;0;0;0;0;0;2;3;0;0;0
"31/05/2012";"08:06:00";"6";"sem vítima";"285.5";"BR-393/RJ";"Sul";"Abalroamento Mesmo Sentido ";1;0;1;0;0;0;0;0;0;0;2;0;0;0;0
"31/05/2012";"05:46:00";"53";"com vítima";"283.25";"BR-393/RJ";"Sul";"Colisão Traseira";2;0;0;0;0;0;0;0;0;0;0;2;0;0;0
"01/06/2012";"03:34:00";"5";"com vítima";"273.85";"BR-393/RJ";"Sul";"Tombamento";0;0;1;0;0;0;0;0;0;0;0;1;0;0;0
"01/06/2012";"12:09:00";"51";"com vítima";"276.18";"BR-393/RJ";"Norte";"Colisão Traseira";1;0;1;0;0;0;0;0;0;0;1;1;0;0;0
"01/06/2012";"03:43:00";"78";"com vítima";"217.32";"BR-393/RJ";"Norte";"Saida de Pista";1;0;0;0;0;0;0;0;0;0;0;1;0;0;0
"01/06/2012";"04:13:00";"80";"com vítima";"150.85";"BR-393/RJ";"Norte";"Colisão Traseira";1;0;1;0;0;0;0;0;0;0;2;2;0;0;0
"01/06/2012";"04:19:00";"81";"com vítima";"153.68";"BR-393/RJ";"Norte";"Colisão Traseira";0;0;2;0;0;0;0;0;0;0;1;1;0;0;0
"01/06/2012";"06:21:00";"95";"sem vítima";"285.57";"BR-393/RJ";"Sul";"Colisão Transversal";1;0;1;0;0;0;0;0;0;0;2;0;0;0;0
"01/06/2012";"10:25:00";"104";"com vítima";"105.933";"BR-393/RJ";"Sul";"Colisão Frontal";1;0;0;1;0;0;0;0;0;0;1;1;0;0;0
"02/06/2012";"01:44:00";"2";"com vítima";"135.9";"BR-393/RJ";"Norte";"Colisão Traseira";1;0;0;0;1;0;0;0;0;0;1;0;2;0;0
"02/06/2012";"12:47:00";"47";"com vítima";"182.37";"BR-393/RJ";"Sul";"Colisão Lateral";2;0;0;0;0;0;0;0;0;0;1;1;0;0;0
"02/06/2012";"03:06:00";"51";"com vítima";"286.1";"BR-393/RJ";"Sul";"Colisão Traseira";2;0;0;0;0;0;0;0;0;0;0;2;0;0;0
"02/06/2012";"03:48:00";"58";"com vítima";"212.19";"BR-393/RJ";"Sul";"Capotamento";1;0;0;0;0;0;0;0;0;0;3;2;0;0;0
"02/06/2012";"11:27:00";"89";"sem vítima";"283.08";"BR-393/RJ";"Sul";"Choque - Poste";1;0;0;0;0;0;0;0;0;0;1;0;0;0;0
"03/06/2012";"11:11:00";"19";"com vítima";"285";"BR-393/RJ";"Norte";"Colisão Traseira";2;0;0;0;0;0;0;0;0;0;0;5;0;0;0
"03/06/2012";"12:23:00";"20";"com vítima";"284";"BR-393/RJ";"Sul";"Colisão Frontal";2;0;1;0;0;0;0;0;0;0;0;7;2;0;0
"03/06/2012";"11:16:00";"51";"com vítima";"259";"BR-393/RJ";"Norte";"Abalroamento Mesmo Sentido ";1;0;1;0;0;0;0;0;0;0;1;1;0;0;0
"04/06/2012";"05:11:00";"6";"com vítima";"147.2";"BR-393/RJ";"Norte";"Choque - Talude";0;0;1;0;0;0;0;0;0;0;0;1;0;0;0
"04/06/2012";"07:14:00";"10";"com vítima";"263.5";"BR-393/RJ";"Sul";"Colisão Traseira";2;0;0;0;0;0;0;0;0;0;0;2;0;0;0
"04/06/2012";"11:20:00";"30";"com vítima";"157.27";"BR-393/RJ";"Sul";"Tombamento";0;0;1;0;0;0;0;0;0;0;0;1;0;0;0
"05/06/2012";"09:25:00";"33";"com vítima";"284.8";"BR-393/RJ";"Sul";"Colisão Frontal";1;0;1;0;0;0;0;0;0;0;1;1;0;0;0
"05/06/2012";"10:56:00";"48";"com vítima";"281.7";"BR-393/RJ";"Sul";"Engavetamento";3;0;0;0;0;0;0;0;0;0;3;1;0;0;0
"05/06/2012";"12:23:00";"62";"com vítima";"252.4";"BR-393/RJ";"Norte";"Outros - Sequência";2;0;1;0;0;0;0;0;0;0;1;4;0;0;0
"06/06/2012";"10:52:00";"48";"com vítima";"254.12";"BR-393/RJ";"Sul";"Colisão Frontal";1;0;1;0;0;0;0;0;0;0;0;1;0;0;1
"06/06/2012";"01:04:00";"57";"sem vítima";"177.73";"BR-393/RJ";"Norte";"Colisão Traseira";2;0;0;0;0;0;0;0;0;0;2;0;0;0;0
"06/06/2012";"06:29:00";"79";"com vítima";"271.9";"BR-393/RJ";"Sul";"Queda de Moto";0;0;0;1;0;0;0;0;0;0;0;1;0;0;0
"06/06/2012";"07:56:00";"83";"sem vítima";"115";"BR-393/RJ";"Norte";"Abalroamento Mesmo Sentido ";2;0;1;0;0;0;0;0;0;0;3;0;0;0;0
"06/06/2012";"08:03:00";"84";"sem vítima";"286";"BR-393/RJ";"Sul";"Colisão Traseira";2;0;0;0;0;0;0;0;0;0;2;0;0;0;0
"07/06/2012";"04:20:00";"17";"com vítima";"261";"BR-393/RJ";"Norte";"Choque - Talude";1;0;0;0;0;0;0;0;0;0;0;1;0;0;0
"07/06/2012";"04:24:00";"18";"com vítima";"254";"BR-393/RJ";"Norte";"Colisão Lateral";1;0;0;1;0;0;0;0;0;0;0;3;1;0;0
"07/06/2012";"11:43:00";"39";"com vítima";"200";"BR-393/RJ";"Norte";"Choque - Outros";1;0;0;0;0;0;0;0;0;0;0;3;0;0;0
"07/06/2012";"06:56:00";"55";"sem vítima";"283.6";"BR-393/RJ";"Sul";"Abalroamento Sentido Oposto";1;0;1;0;0;0;0;0;0;0;2;0;0;0;0
"08/06/2012";"10:56:00";"28";"com vítima";"274";"BR-393/RJ";"Norte";"Tombamento";0;0;1;0;0;0;0;0;0;0;0;2;0;0;0
"09/06/2012";"08:07:00";"24";"com vítima";"151.53";"BR-393/RJ";"Norte";"Colisão Traseira";1;0;1;0;0;0;0;0;0;0;1;4;0;0;0
"09/06/2012";"05:47:00";"60";"com vítima";"280.6";"BR-393/RJ";"Norte";"Atropelamento - Outros";0;0;1;0;0;0;0;0;0;0;1;0;0;1;0
"10/06/2012";"06:48:00";"75";"com vítima";"284";"BR-393/RJ";"Sul";"Outros - Sequência";2;0;0;0;0;0;0;0;0;1;2;1;0;0;0
"11/06/2012";"12:10:00";"1";"com vítima";"279";"BR-393/RJ";"Sul";"Colisão Traseira";2;0;0;0;0;0;0;0;0;0;1;1;0;0;0
"11/06/2012";"04:58:00";"9";"com vítima";"134.9";"BR-393/RJ";"Norte";"Saida de Pista";1;0;0;0;0;0;0;0;0;0;0;1;0;0;0
"11/06/2012";"06:43:00";"12";"com vítima";"274";"BR-393/RJ";"Sul";"Choque - Defensa, barreira ou "submarino"";1;0;0;0;0;0;0;0;0;0;0;1;0;0;0
"11/06/2012";"02:20:00";"44";"com vítima";"208";"BR-393/RJ";"Norte";"Saida de Pista";1;0;0;0;0;0;0;0;0;0;0;4;0;0;0
"12/06/2012";"02:54:00";"6";"com vítima";"2";"Alça Sul";"Norte";"Atropelamento de Animal";1;0;0;0;0;0;0;0;0;0;0;1;0;0;0
"12/06/2012";"07:20:00";"51";"sem vítima";"238.5";"BR-393/RJ";"Sul";"Colisão Frontal";2;0;0;0;0;0;0;0;0;0;2;0;0;0;0
"13/06/2012";"10:15:00";"35";"sem vítima";"195.08";"BR-393/RJ";"Sul";"Colisão Traseira";0;0;2;0;0;0;0;0;0;0;2;0;0;0;0
"13/06/2012";"12:37:00";"52";"sem vítima";"280.5";"BR-393/RJ";"Norte";"Colisão Lateral";2;0;0;0;0;0;0;0;0;0;2;0;0;0;0
"13/06/2012";"04:31:00";"76";"com vítima";"177.75";"BR-393/RJ";"Sul";"Colisão Traseira";1;0;0;0;0;0;0;0;0;1;0;5;0;0;0
"13/06/2012";"05:50:00";"81";"com vítima";"284.7";"BR-393/RJ";"Norte";"Engavetamento";3;0;1;0;0;0;0;0;0;0;0;6;0;0;0
"14/06/2012";"08:32:00";"35";"sem vítima";"265.1";"BR-393/RJ";"Sul";"Abalroamento Mesmo Sentido ";2;0;0;0;0;0;0;0;0;0;2;0;0;0;0
"15/06/2012";"04:34:00";"11";"sem vítima";"254.42";"BR-393/RJ";"Sul";"Saida de Pista";0;0;1;0;0;0;0;0;0;0;1;0;0;0;0
"15/06/2012";"11:07:00";"69";"com vítima";"175.28";"BR-393/RJ";"Sul";"Atropelamento de Animal";1;0;0;0;0;0;0;0;0;0;0;1;0;0;0
"15/06/2012";"11:35:00";"70";"com vítima";"286";"BR-393/RJ";"Norte";"Abalroamento Mesmo Sentido ";1;0;0;0;1;0;0;0;0;0;1;1;0;0;0
"16/06/2012";"10:07:00";"16";"sem vítima";"265";"BR-393/RJ";"Norte";"Colisão Traseira";1;0;1;0;0;0;0;0;0;0;2;0;0;0;0
"16/06/2012";"10:37:00";"19";"sem vítima";"285.4";"BR-393/RJ";"Norte";"Colisão Lateral";2;0;0;0;0;0;0;0;0;0;6;0;0;0;0
"16/06/2012";"03:49:00";"37";"sem vítima";"230.04";"BR-393/RJ";"Sul";"Choque - Defensa, barreira ou "submarino"";1;0;0;0;0;0;0;0;0;0;2;0;0;0;0
"16/06/2012";"04:12:00";"39";"sem vítima";"141.13";"BR-393/RJ";"Norte";"Colisão Lateral";2;0;0;0;0;0;0;0;0;0;2;0;0;0;0
"16/06/2012";"08:09:00";"49";"com vítima";"1.55";"Alça Sul";"Sul";"Atropelamento de Animal";1;0;0;0;0;0;0;0;0;0;1;0;1;0;0
"17/06/2012";"06:56:00";"11";"com vítima";"286.4";"BR-393/RJ";"Norte";"Colisão Traseira";2;0;0;0;0;0;0;0;0;0;1;1;0;0;0
"17/06/2012";"01:26:00";"43";"com vítima";"280.17";"BR-393/RJ";"Norte";"Colisão Traseira";2;0;0;0;0;0;0;0;0;0;1;1;0;0;0
"17/06/2012";"10:58:00";"92";"sem vítima";"201.561";"BR-393/RJ";"Norte";"Colisão Lateral";1;0;1;0;0;0;0;0;0;0;2;0;0;0;0
"18/06/2012";"07:39:00";"14";"com vítima";"258";"BR-393/RJ";"Norte";"Colisão Frontal";2;0;0;0;0;0;0;0;0;0;1;3;0;0;0
"19/06/2012";"05:39:00";"81";"com vítima";"164.66";"BR-393/RJ";"Norte";"Tombamento";0;0;1;0;0;0;0;0;0;0;0;1;0;0;0
"19/06/2012";"06:30:00";"83";"sem vítima";"266";"BR-393/RJ";"Norte";"Outros - Sequência";1;0;1;0;0;0;0;0;0;0;2;0;0;0;0
"19/06/2012";"07:23:00";"90";"sem vítima";"265";"BR-393/RJ";"Sul";"Colisão Traseira";1;0;1;0;0;0;0;0;0;0;2;0;0;0;0
"20/06/2012";"03:55:00";"6";"com vítima";"172.6";"BR-393/RJ";"Norte";"Atropelamento de Animal";0;0;1;0;0;0;0;0;0;0;0;1;0;0;0
"20/06/2012";"07:16:00";"11";"com vítima";"285.5";"BR-393/RJ";"Norte";"Colisão Traseira";1;0;1;0;0;0;0;0;0;0;1;1;0;0;0
"20/06/2012";"10:59:00";"33";"com vítima";"255.6";"BR-393/RJ";"Norte";"Colisão Lateral";1;0;0;1;0;0;0;0;0;0;1;2;0;0;0
"20/06/2012";"02:35:00";"47";"sem vítima";"176.75";"BR-393/RJ";"Sul";"Colisão Traseira";1;0;1;0;0;0;0;0;0;0;2;0;0;0;0
"20/06/2012";"07:43:00";"63";"com vítima";"285.5";"BR-393/RJ";"Sul";"Colisão Traseira";2;0;0;0;0;0;0;0;0;0;1;1;0;0;0
"20/06/2012";"11:02:00";"72";"com vítima";"177.8";"BR-393/RJ";"Sul";"Colisão Traseira";0;0;1;1;0;0;0;0;0;0;1;0;1;0;0
"21/06/2012";"01:44:00";"2";"com vítima";"254.11";"BR-393/RJ";"Norte";"Saida de Pista";1;0;0;0;0;0;0;0;0;0;0;1;0;0;0
"21/06/2012";"07:10:00";"14";"sem vítima";"264.74";"BR-393/RJ";"Sul";"Saida de Pista";1;0;0;0;0;0;0;0;0;0;3;0;0;0;0
"21/06/2012";"08:54:00";"29";"com vítima";"122.96";"BR-393/RJ";"Norte";"Choque - Elemento de Drenagem";1;0;0;0;0;0;0;0;0;0;0;2;0;0;0
"21/06/2012";"10:44:00";"44";"com vítima";"264.15";"BR-393/RJ";"Sul";"Tombamento";0;0;1;0;0;0;0;0;0;0;0;1;0;0;0
"21/06/2012";"11:58:00";"50";"sem vítima";"142.13";"BR-393/RJ";"Norte";"Colisão Traseira";2;0;0;0;0;0;0;0;0;0;4;0;0;0;0
"21/06/2012";"11:08:00";"100";"com vítima";"176.75";"BR-393/RJ";"Sul";"Queda de Bicicleta";0;1;0;0;0;0;0;0;0;0;0;1;0;0;0
"22/06/2012";"05:44:00";"27";"sem vítima";"277.6";"BR-393/RJ";"Sul";"Saida de Pista";0;0;1;0;0;0;0;0;0;0;1;0;0;0;0
"22/06/2012";"07:46:00";"33";"sem vítima";"285";"BR-393/RJ";"Sul";"Colisão Lateral";1;0;1;0;0;0;0;0;0;0;2;0;0;0;0
"22/06/2012";"07:55:00";"35";"com vítima";"157";"BR-393/RJ";"Sul";"Tombamento";0;0;1;0;0;0;0;0;0;0;0;0;1;0;0
"22/06/2012";"05:31:00";"135";"com vítima";"283";"BR-393/RJ";"Norte";"Colisão Lateral";2;0;0;0;0;0;0;0;0;0;0;2;0;0;0
"22/06/2012";"06:04:00";"138";"com vítima";"264.7";"BR-393/RJ";"Norte";"Colisão Traseira";0;0;0;0;1;0;0;0;0;1;0;3;0;0;0
"23/06/2012";"07:58:00";"44";"com vítima";"211.5";"BR-393/RJ";"Sul";"Abalroamento Mesmo Sentido ";1;0;1;0;0;0;0;0;0;0;1;1;0;0;0
"23/06/2012";"10:01:00";"50";"sem vítima";"194";"BR-393/RJ";"Sul";"Colisão Traseira";0;0;2;0;0;0;0;0;0;0;2;0;0;0;0
"24/06/2012";"01:11:00";"4";"com vítima";"233.9";"BR-393/RJ";"Sul";"Queda de Moto";0;0;0;1;0;0;0;0;0;0;0;1;0;0;0
"25/06/2012";"03:32:00";"73";"com vítima";"266.85";"BR-393/RJ";"Sul";"Saida de Pista";0;0;1;0;0;0;0;0;0;0;0;1;0;0;0
"25/06/2012";"04:48:00";"78";"com vítima";"114.97";"BR-393/RJ";"Norte";"Tombamento";0;0;1;0;0;0;0;0;0;0;0;0;1;0;0
"25/06/2012";"05:37:00";"82";"com vítima";"281.8";"BR-393/RJ";"Sul";"Atropelamento - Ciclista";1;1;0;0;0;0;0;0;0;0;1;0;1;0;0