data;horario;n_da_ocorrencia;tipo_de_ocorrencia;km;trecho;sentido;tipo_de_acidente;automovel;bicicleta;caminhao;moto;onibus;outros;tracao_animal;transporte_de_cargas_especiais;trator_maquinas;utilitarios;ilesos;levemente_feridos;moderadamente_feridos;gravemente_feridos;mortos
"26/06/2012";"06:27:00";"4";"sem vítima";"194.53";"BR-393/RJ";"Sul";"Choque - Poste";0;0;1;0;0;0;0;0;0;0;2;0;0;0;0
"26/06/2012";"05:05:00";"65";"com vítima";"171.47";"BR-393/RJ";"Sul";"Colisão Lateral";1;0;1;0;0;0;0;0;0;0;1;1;0;0;0
"26/06/2012";"06:17:00";"68";"com vítima";"232.1";"BR-393/RJ";"Sul";"Abalroamento Mesmo Sentido ";1;0;1;0;0;0;0;0;0;0;3;1;0;0;0
"27/06/2012";"10:29:00";"40";"com vítima";"258.75";"BR-393/RJ";"Norte";"Colisão Traseira";0;0;2;0;0;0;0;0;0;0;0;3;0;0;0
"27/06/2012";"10:25:00";"85";"com vítima";"251.38";"BR-393/RJ";"Norte";"Outros - Sequência";4;0;0;0;0;0;0;0;0;0;2;3;2;0;0
"27/06/2012";"10:48:00";"88";"sem vítima";"251.4";"BR-393/RJ";"Norte";"Colisão Traseira";2;0;0;0;0;0;0;0;0;0;2;0;0;0;0
"28/06/2012";"05:42:00";"58";"com vítima";"191.16";"BR-393/RJ";"Norte";"Saida de Pista";1;0;0;0;0;0;0;0;0;0;0;1;0;0;0
"29/06/2012";"04:06:00";"10";"com vítima";"181.5";"BR-393/RJ";"Norte";"Queda de Moto";0;0;0;1;0;0;0;0;0;0;0;0;2;0;0
"29/06/2012";"07:25:00";"21";"sem vítima";"265.11";"BR-393/RJ";"Norte";"Colisão Traseira";2;0;0;0;0;0;0;0;0;0;5;0;0;0;0
"29/06/2012";"07:33:00";"27";"com vítima";"279.77";"BR-393/RJ";"Sul";"Colisão Traseira";1;0;0;0;0;0;0;0;0;1;2;1;0;0;0
"29/06/2012";"09:53:00";"54";"sem vítima";"254.15";"BR-393/RJ";"Sul";"Abalroamento Mesmo Sentido ";0;0;2;0;0;0;0;0;0;0;2;0;0;0;0
"29/06/2012";"02:11:00";"95";"com vítima";"281.8";"BR-393/RJ";"Norte";"Engavetamento";3;0;0;0;0;0;0;0;0;0;3;1;0;0;0
"29/06/2012";"07:09:00";"125";"com vítima";"255.754";"BR-393/RJ";"Norte";"Colisão Lateral";2;0;0;0;0;0;0;0;0;0;1;2;0;0;0
"30/06/2012";"08:00:00";"19";"sem vítima";"125.77";"BR-393/RJ";"Norte";"Colisão Traseira";2;0;0;0;0;0;0;0;0;0;2;0;0;0;0
"30/06/2012";"09:59:00";"53";"com vítima";"1";"Alça Sul";"Norte";"Outros";0;0;1;0;0;0;0;0;0;0;1;2;0;0;0
"30/06/2012";"10:30:00";"54";"sem vítima";"178.35";"BR-393/RJ";"Norte";"Colisão Traseira";2;0;0;0;0;0;0;0;0;0;2;0;0;0;0
"30/06/2012";"03:53:00";"103";"sem vítima";"284.2";"BR-393/RJ";"Norte";"Colisão Traseira";2;0;0;0;0;0;0;0;0;0;2;0;0;0;0
"30/06/2012";"05:16:00";"116";"com vítima";"268.3";"BR-393/RJ";"Sul";"Atropelamento - Morador";1;0;0;0;0;0;0;0;0;0;1;0;0;1;0
"30/06/2012";"07:28:00";"128";"com vítima";"281.09";"BR-393/RJ";"Norte";"Colisão Transversal";1;0;0;1;0;0;0;0;0;0;1;1;0;0;0
"30/06/2012";"07:32:00";"129";"com vítima";"269.03";"BR-393/RJ";"Norte";"Abalroamento Sentido Oposto";2;0;0;0;0;0;0;0;0;0;0;4;0;0;0
"30/06/2012";"10:10:00";"136";"sem vítima";"281";"BR-393/RJ";"Sul";"Abalroamento Mesmo Sentido ";1;0;1;0;0;0;0;0;0;0;2;0;0;0;0
"01/07/2012";"06:30:00";"12";"com vítima";"281";"BR-393/RJ";"Norte";"Colisão Traseira";2;0;0;0;0;0;0;0;0;0;1;1;0;0;0
"01/07/2012";"09:17:00";"15";"com vítima";"125";"BR-393/RJ";"Norte";"Colisão Traseira";1;0;1;0;0;0;0;0;0;0;1;1;0;0;0
"02/07/2012";"06:45:00";"17";"com vítima";"205.35";"BR-393/RJ";"Sul";"Colisão Lateral";1;0;0;0;1;0;0;0;0;0;0;1;3;3;0
"02/07/2012";"07:04:00";"20";"com vítima";"218";"BR-393/RJ";"Norte";"Engavetamento";1;0;1;0;1;0;0;0;0;0;1;16;0;3;0
"02/07/2012";"07:17:00";"21";"sem vítima";"220";"BR-393/RJ";"Norte";"Saida de Pista";0;0;0;0;0;0;0;0;0;1;3;0;0;0;0
"02/07/2012";"05:26:00";"59";"sem vítima";"232";"BR-393/RJ";"Sul";"Saida de Pista";1;0;0;0;0;0;0;0;0;0;1;0;0;0;0
"02/07/2012";"09:21:00";"84";"com vítima";"268.05";"BR-393/RJ";"Norte";"Queda de Moto";0;0;0;1;0;0;0;0;0;0;0;1;0;0;0
"03/07/2012";"12:18:00";"54";"com vítima";"153.54";"BR-393/RJ";"Norte";"Abalroamento Mesmo Sentido ";1;0;1;0;0;0;0;0;0;0;1;5;0;0;0
"03/07/2012";"01:21:00";"56";"com vítima";"202.15";"BR-393/RJ";"Norte";"Tombamento";0;0;1;0;0;0;0;0;0;0;0;1;0;0;0
"03/07/2012";"05:10:00";"82";"sem vítima";"255.7";"BR-393/RJ";"Norte";"Colisão Traseira";1;0;1;0;0;0;0;0;0;0;2;0;0;0;0
"04/07/2012";"01:28:00";"3";"sem vítima";"257.935";"BR-393/RJ";"Sul";"Choque - Defensa, barreira ou "submarino"";1;0;0;0;0;0;0;0;0;0;1;0;0;0;0
"04/07/2012";"08:15:00";"30";"com vítima";"204.1";"BR-393/RJ";"Norte";"Abalroamento Mesmo Sentido ";0;0;1;1;0;0;0;0;0;0;1;1;0;0;0
"04/07/2012";"04:53:00";"95";"com vítima";"281.48";"BR-393/RJ";"Sul";"Colisão Traseira";1;0;0;1;0;0;0;0;0;0;1;2;0;0;0
"04/07/2012";"08:03:00";"116";"com vítima";"274.15";"BR-393/RJ";"Sul";"Tombamento";0;0;1;0;0;0;0;0;0;0;0;1;0;0;0
"05/07/2012";"03:03:00";"5";"com vítima";"277.202";"BR-393/RJ";"Norte";"Choque - Talude";1;0;0;0;0;0;0;0;0;0;0;0;2;0;0
"05/07/2012";"06:12:00";"7";"com vítima";"241";"BR-393/RJ";"Sul";"Queda de Moto";0;0;0;1;0;0;0;0;0;0;0;1;0;0;0
"05/07/2012";"08:47:00";"20";"sem vítima";"252.26";"BR-393/RJ";"Sul";"Colisão Traseira";2;0;0;0;0;0;0;0;0;0;7;0;0;0;0
"05/07/2012";"01:18:00";"43";"com vítima";"146";"BR-393/RJ";"Sul";"Saida de Pista";1;0;0;0;0;0;0;0;0;0;0;1;0;0;0
"06/07/2012";"11:40:00";"37";"com vítima";"147.208";"BR-393/RJ";"Norte";"Tombamento";0;0;1;0;0;0;0;0;0;0;0;2;0;0;0
"06/07/2012";"11:53:00";"38";"com vítima";"130.5";"BR-393/RJ";"Norte";"Tombamento";0;0;1;0;0;0;0;0;0;0;0;0;3;0;0
"06/07/2012";"12:58:00";"41";"com vítima";"280.16";"BR-393/RJ";"Norte";"Engavetamento";3;0;0;0;0;0;0;0;0;0;0;3;0;0;0
"06/07/2012";"03:04:00";"46";"sem vítima";"284";"BR-393/RJ";"Sul";"Colisão Traseira";2;0;0;0;0;0;0;0;0;0;2;0;0;0;0
"06/07/2012";"04:10:00";"55";"com vítima";"236";"BR-393/RJ";"Sul";"Colisão Transversal";1;0;0;1;0;0;0;0;0;0;1;0;1;0;0
"07/07/2012";"02:46:00";"56";"sem vítima";"252";"BR-393/RJ";"Sul";"Colisão Traseira";2;0;0;0;0;0;0;0;0;0;2;0;0;0;0
"07/07/2012";"02:58:00";"57";"sem vítima";"169";"BR-393/RJ";"Sul";"Colisão Frontal";2;0;0;0;0;0;0;0;0;0;5;0;0;0;0
"07/07/2012";"03:36:00";"60";"com vítima";"255";"BR-393/RJ";"Sul";"Colisão Traseira";2;0;0;0;0;0;0;0;0;0;2;2;0;0;0
"07/07/2012";"06:31:00";"69";"sem vítima";"277.563";"BR-393/RJ";"Norte";"Colisão Lateral";2;0;0;0;0;0;0;0;0;0;2;0;0;0;0
"07/07/2012";"10:16:00";"80";"com vítima";"282";"BR-393/RJ";"Norte";"Colisão Lateral";0;1;0;1;0;0;0;0;0;0;1;1;0;0;0
"08/07/2012";"03:42:00";"13";"com vítima";"132.361";"BR-393/RJ";"Norte";"Choque - Outros";1;0;0;0;0;0;0;0;0;0;0;1;0;0;0
"08/07/2012";"05:19:00";"88";"com vítima";"187";"BR-393/RJ";"Norte";"Abalroamento Sentido Oposto";1;0;0;1;0;0;0;0;0;0;4;1;0;0;0
"08/07/2012";"07:38:00";"95";"com vítima";"238.524";"BR-393/RJ";"Norte";"Atropelamento - Morador";1;0;0;0;0;0;0;0;0;0;2;0;0;1;0
"09/07/2012";"08:51:00";"16";"com vítima";"201.5";"BR-393/RJ";"Norte";"Queda de Moto";0;0;0;1;0;0;0;0;0;0;0;1;0;0;0
"09/07/2012";"09:32:00";"17";"com vítima";"285";"BR-393/RJ";"Norte";"Colisão Transversal";1;0;1;0;0;0;0;0;0;0;1;1;0;0;0
"09/07/2012";"04:16:00";"40";"com vítima";"286";"BR-393/RJ";"Norte";"Colisão Transversal";1;0;0;1;0;0;0;0;0;0;2;0;1;0;0
"09/07/2012";"08:08:00";"50";"sem vítima";"280";"BR-393/RJ";"Norte";"Colisão Traseira";2;0;0;0;0;0;0;0;0;0;3;0;0;0;0
"10/07/2012";"08:02:00";"12";"com vítima";"235";"BR-393/RJ";"Norte";"Abalroamento Mesmo Sentido ";1;0;1;0;0;0;0;0;0;0;1;1;0;0;0
"10/07/2012";"11:27:00";"38";"sem vítima";"110";"BR-393/RJ";"Sul";"Saida de Pista";1;0;0;0;0;0;0;0;0;0;1;0;0;0;0
"10/07/2012";"01:01:00";"47";"com vítima";"265";"BR-393/RJ";"Sul";"Engavetamento";3;0;0;0;0;0;0;0;0;0;1;4;0;0;0
"10/07/2012";"04:02:00";"63";"sem vítima";"283";"BR-393/RJ";"Norte";"Colisão Lateral";1;0;0;0;0;0;0;0;0;1;2;0;0;0;0
"10/07/2012";"06:00:00";"72";"com vítima";"285.2";"BR-393/RJ";"Norte";"Colisão Lateral";0;0;1;1;0;0;0;0;0;0;1;0;2;0;0
"10/07/2012";"08:48:00";"85";"sem vítima";"254.4";"BR-393/RJ";"Norte";"Saida de Pista";1;0;0;0;0;0;0;0;0;0;3;0;0;0;0
"11/07/2012";"09:04:00";"33";"sem vítima";"257.12";"BR-393/RJ";"Sul";"Colisão Traseira";2;0;0;0;0;0;0;0;0;0;2;0;0;0;0
"11/07/2012";"04:00:00";"86";"sem vítima";"173.92";"BR-393/RJ";"Sul";"Atropelamento de Animal";1;0;0;0;0;0;0;0;0;0;1;0;0;0;0
"12/07/2012";"09:14:00";"103";"sem vítima";"135.73";"BR-393/RJ";"Sul";"Engavetamento";3;0;0;0;0;0;0;0;0;0;12;0;0;0;0
"13/07/2012";"06:36:00";"13";"com vítima";"236.54";"BR-393/RJ";"Sul";"Colisão Traseira";1;0;1;0;0;0;0;0;0;0;3;3;0;0;0
"13/07/2012";"10:53:00";"49";"com vítima";"131.2";"BR-393/RJ";"Sul";"Tombamento";0;0;1;0;0;0;0;0;0;0;0;1;0;0;0
"13/07/2012";"07:02:00";"88";"sem vítima";"111.97";"BR-393/RJ";"Sul";"Atropelamento de Animal";1;0;0;0;0;0;0;0;0;0;1;0;0;0;0
"13/07/2012";"07:52:00";"92";"sem vítima";"119.82";"BR-393/RJ";"Norte";"Atropelamento de Animal";1;0;0;0;0;0;0;0;0;0;1;0;0;0;0
"14/07/2012";"09:09:00";"75";"sem vítima";"265";"BR-393/RJ";"Norte";"Colisão Traseira";1;0;0;0;1;0;0;0;0;0;2;0;0;0;0
"15/07/2012";"06:13:00";"72";"sem vítima";"143.5";"BR-393/RJ";"Norte";"Choque - Defensa, barreira ou "submarino"";1;0;0;0;0;0;0;0;0;0;1;0;0;0;0
"15/07/2012";"06:40:00";"74";"sem vítima";"265.12";"BR-393/RJ";"Norte";"Colisão Traseira";2;0;0;0;0;0;0;0;0;0;2;0;0;0;0
"15/07/2012";"10:53:00";"87";"sem vítima";"259.939";"BR-393/RJ";"Norte";"Saida de Pista";1;0;0;0;0;0;0;0;0;0;1;0;0;0;0
"17/07/2012";"10:44:00";"27";"com vítima";"261";"BR-393/RJ";"Norte";"Tombamento";0;0;1;0;0;0;0;0;0;0;0;1;0;0;0
"17/07/2012";"12:47:00";"38";"com vítima";"258.8";"BR-393/RJ";"Sul";"Saida de Pista";0;0;1;0;0;0;0;0;0;0;0;1;0;0;0
"17/07/2012";"07:38:00";"62";"sem vítima";"278";"BR-393/RJ";"Sul";"Engavetamento";4;0;0;0;0;0;0;0;0;0;5;0;0;0;0
"18/07/2012";"12:45:00";"36";"com vítima";"204.1";"BR-393/RJ";"Norte";"Capotamento";1;0;0;0;0;0;0;0;0;0;0;1;0;0;0
"18/07/2012";"04:30:00";"42";"com vítima";"161.1";"BR-393/RJ";"Sul";"Queda de Moto";0;0;0;1;0;0;0;0;0;0;0;1;1;0;0
"19/07/2012";"04:40:00";"79";"com vítima";"285";"BR-393/RJ";"Sul";"Abalroamento Mesmo Sentido ";1;0;1;0;0;0;0;0;0;0;1;1;0;0;0
"19/07/2012";"06:31:00";"98";"com vítima";"252.3";"BR-393/RJ";"Norte";"Queda de Moto";1;0;0;1;0;0;0;0;0;0;1;1;0;0;0
"19/07/2012";"07:16:00";"104";"com vítima";"285.893";"BR-393/RJ";"Norte";"Atropelamento - Ciclista";0;1;1;0;0;0;0;0;0;0;1;0;0;1;0
"20/07/2012";"03:36:00";"5";"sem vítima";"223.024";"BR-393/RJ";"Norte";"Atropelamento de Animal";0;0;0;0;1;0;0;0;0;0;1;0;0;0;0
"20/07/2012";"12:35:00";"59";"com vítima";"177.5";"BR-393/RJ";"Norte";"Colisão Traseira";2;0;0;0;0;0;0;0;0;0;0;2;0;0;0
"21/07/2012";"04:39:00";"6";"sem vítima";"283.557";"BR-393/RJ";"Norte";"Choque - Defensa, barreira ou "submarino"";1;0;0;0;0;0;0;0;0;0;1;0;0;0;0
"21/07/2012";"05:12:00";"10";"sem vítima";"204";"BR-393/RJ";"Sul";"Saida de Pista";1;0;0;0;0;0;0;0;0;0;2;0;0;0;0
"21/07/2012";"08:23:00";"17";"sem vítima";"231";"BR-393/RJ";"Norte";"Colisão Traseira";2;0;0;0;0;0;0;0;0;0;8;0;0;0;0
"21/07/2012";"09:53:00";"25";"sem vítima";"175.8";"BR-393/RJ";"Sul";"Queda de Moto";0;0;0;1;0;0;0;0;0;0;1;0;0;0;0
"21/07/2012";"06:40:00";"51";"com vítima";"284.3";"BR-393/RJ";"Norte";"Colisão Lateral";2;0;0;0;0;0;0;0;0;0;0;2;0;0;0
"21/07/2012";"06:48:00";"53";"com vítima";"218.3";"BR-393/RJ";"Norte";"Colisão Frontal";2;0;0;0;0;0;0;0;0;0;4;5;0;0;0
"21/07/2012";"09:07:00";"58";"sem vítima";"175.1";"BR-393/RJ";"Sul";"Queda de Moto";0;0;0;1;0;0;0;0;0;0;1;0;0;0;0
"22/07/2012";"02:23:00";"22";"com vítima";"236";"BR-393/RJ";"Norte";"Colisão Transversal";1;0;0;0;1;0;0;0;0;0;0;3;0;0;0
"22/07/2012";"06:01:00";"31";"com vítima";"219";"BR-393/RJ";"Sul";"Colisão Traseira";1;0;1;0;0;0;0;0;0;0;0;3;0;0;0
"22/07/2012";"06:53:00";"33";"com vítima";"238";"BR-393/RJ";"Norte";"Capotamento";1;0;0;0;0;0;0;0;0;0;0;0;2;0;0
"22/07/2012";"07:18:00";"38";"com vítima";"235.1";"BR-393/RJ";"Norte";"Colisão Transversal";1;0;0;1;0;0;0;0;0;0;4;2;0;0;0
"22/07/2012";"08:23:00";"39";"sem vítima";"280.2";"BR-393/RJ";"Norte";"Colisão Transversal";2;0;0;0;0;0;0;0;0;0;2;0;0;0;0
"23/07/2012";"06:12:00";"71";"com vítima";"283.5";"BR-393/RJ";"Sul";"Colisão Lateral";1;0;0;1;0;0;0;0;0;0;1;0;0;1;0
"23/07/2012";"07:34:00";"76";"com vítima";"235";"BR-393/RJ";"Norte";"Colisão Lateral";1;0;0;1;0;0;0;0;0;0;1;3;1;0;0
"24/07/2012";"07:46:00";"13";"sem vítima";"213";"BR-393/RJ";"Sul";"Saida de Pista";0;0;1;0;0;0;0;0;0;0;1;0;0;0;0
"24/07/2012";"09:04:00";"26";"sem vítima";"285.5";"BR-393/RJ";"Sul";"Colisão Traseira";1;0;1;0;0;0;0;0;0;0;2;0;0;0;0
"25/07/2012";"06:58:00";"5";"sem vítima";"168";"BR-393/RJ";"Sul";"Colisão Traseira";1;0;1;0;0;0;0;0;0;0;6;0;0;0;0
"25/07/2012";"01:35:00";"62";"sem vítima";"171";"BR-393/RJ";"Sul";"Colisão Lateral";2;0;0;0;0;0;0;0;0;0;2;0;0;0;0
"26/07/2012";"01:04:00";"3";"sem vítima";"178";"BR-393/RJ";"Norte";"Colisão Traseira";2;0;0;0;0;0;0;0;0;0;2;0;0;0;0
"26/07/2012";"07:54:00";"19";"sem vítima";"154";"BR-393/RJ";"Sul";"Colisão Lateral";1;0;1;0;0;0;0;0;0;0;2;0;0;0;0
"26/07/2012";"09:51:00";"90";"com vítima";"146";"BR-393/RJ";"Norte";"Choque - Talude";0;0;2;0;0;0;0;0;0;0;0;1;1;0;0
"27/07/2012";"09:57:00";"38";"sem vítima";"285.4";"BR-393/RJ";"Sul";"Colisão Lateral";1;0;1;0;0;0;0;0;0;0;2;0;0;0;0
"27/07/2012";"12:54:00";"52";"com vítima";"151.86";"BR-393/RJ";"Sul";"Colisão Frontal";2;0;0;0;0;0;0;0;0;0;0;2;2;0;0
"27/07/2012";"02:43:00";"60";"sem vítima";"286";"BR-393/RJ";"Sul";"Colisão Traseira";1;0;0;0;1;0;0;0;0;0;2;0;0;0;0
"27/07/2012";"03:06:00";"62";"com vítima";"121.6";"BR-393/RJ";"Norte";"Tombamento";0;0;1;0;0;0;0;0;0;0;0;2;0;0;0
"27/07/2012";"06:28:00";"83";"com vítima";"246.913";"BR-393/RJ";"Norte";"Capotamento";1;0;0;0;0;0;0;0;0;0;0;1;0;0;0
"28/07/2012";"06:13:00";"62";"com vítima";"175.49";"BR-393/RJ";"Norte";"Abalroamento Mesmo Sentido ";0;0;1;1;0;0;0;0;0;0;1;1;0;0;0
"28/07/2012";"06:33:00";"63";"sem vítima";"283.466";"BR-393/RJ";"Norte";"Abalroamento Mesmo Sentido ";1;0;1;0;0;0;0;0;0;0;2;0;0;0;0
"29/07/2012";"02:55:00";"6";"com vítima";"146.73";"BR-393/RJ";"Sul";"Tombamento";0;0;1;0;0;0;0;0;0;0;0;1;0;0;0
"29/07/2012";"11:54:00";"22";"com vítima";"191.23";"BR-393/RJ";"Norte";"Queda de Moto";0;0;0;1;0;0;0;0;0;0;0;1;0;0;0
"30/07/2012";"11:39:00";"26";"sem vítima";"259.98";"BR-393/RJ";"Sul";"Colisão Traseira";1;0;1;0;0;0;0;0;0;0;2;0;0;0;0
"31/07/2012";"08:37:00";"18";"com vítima";"171.46";"BR-393/RJ";"Norte";"Colisão Traseira";2;0;0;0;0;0;0;0;0;0;0;3;0;0;0
"31/07/2012";"11:01:00";"40";"com vítima";"229.82";"BR-393/RJ";"Sul";"Abalroamento Mesmo Sentido ";1;0;0;1;0;0;0;0;0;0;1;1;0;0;0
"31/07/2012";"06:20:00";"68";"sem vítima";"180.139";"BR-393/RJ";"Sul";"Colisão Traseira";2;0;0;0;0;0;0;0;0;0;2;0;0;0;0
"31/07/2012";"10:00:00";"82";"com vítima";"169.362";"BR-393/RJ";"Norte";"Capotamento";1;0;0;0;0;0;0;0;0;0;0;1;0;0;0
"01/08/2012";"12:25:00";"2";"sem vítima";"280";"BR-393/RJ";"Sul";"Colisão Frontal";1;0;1;0;0;0;0;0;0;0;2;0;0;0;0
"01/08/2012";"06:34:00";"84";"sem vítima";"182";"BR-393/RJ";"Norte";"Colisão Lateral";1;0;1;0;0;0;0;0;0;0;2;0;0;0;0
"02/08/2012";"07:14:00";"16";"com vítima";"151.87";"BR-393/RJ";"Sul";"Tombamento";0;0;1;0;0;0;0;0;0;0;0;1;0;0;0
"03/08/2012";"07:50:00";"13";"com vítima";"246.53";"BR-393/RJ";"Norte";"Capotamento";1;0;0;0;0;0;0;0;0;0;0;4;0;0;0
"03/08/2012";"12:21:00";"46";"sem vítima";"211.48";"BR-393/RJ";"Norte";"Outros - Sequência";1;0;2;0;0;0;0;0;0;0;4;0;0;0;0
"03/08/2012";"04:43:00";"61";"sem vítima";"181.96";"BR-393/RJ";"Sul";"Engavetamento";1;0;2;0;0;0;0;0;0;1;4;0;0;0;0
"03/08/2012";"09:51:00";"78";"sem vítima";"236.48";"BR-393/RJ";"Sul";"Colisão Traseira";1;0;0;0;0;0;0;0;0;1;2;0;0;0;0
"04/08/2012";"11:51:00";"119";"sem vítima";"258";"BR-393/RJ";"Norte";"Atropelamento de Animal";1;0;0;0;0;0;0;0;0;0;1;0;0;0;0
"05/08/2012";"12:45:00";"2";"sem vítima";"203.26";"BR-393/RJ";"Sul";"Saida de Pista";1;0;0;0;0;0;0;0;0;0;1;0;0;0;0
"05/08/2012";"04:52:00";"12";"com vítima";"178.226";"BR-393/RJ";"Norte";"Colisão Traseira";2;0;0;0;0;0;0;0;0;0;0;5;0;0;0
"05/08/2012";"07:03:00";"17";"com vítima";"181.74";"BR-393/RJ";"Sul";"Colisão Traseira";1;0;1;0;0;0;0;0;0;0;0;1;0;1;0
"05/08/2012";"02:40:00";"67";"com vítima";"199.77";"BR-393/RJ";"Norte";"Colisão Lateral";2;0;0;0;0;0;0;0;0;0;3;1;0;0;0
"05/08/2012";"04:22:00";"84";"com vítima";"146.44";"BR-393/RJ";"Sul";"Choque - Outros";1;0;0;0;0;0;0;0;0;0;1;1;1;0;0
"05/08/2012";"04:23:00";"85";"com vítima";"268.25";"BR-393/RJ";"Sul";"Colisão Lateral";1;0;1;0;0;0;0;0;0;0;1;1;0;0;0
"05/08/2012";"04:49:00";"90";"sem vítima";"155.42";"BR-393/RJ";"Norte";"Outros";0;0;1;0;0;0;0;0;0;0;1;0;0;0;0
"05/08/2012";"06:09:00";"94";"com vítima";"209.1";"BR-393/RJ";"Norte";"Tombamento";0;0;1;0;0;0;0;0;0;0;0;1;0;0;0
"05/08/2012";"10:09:00";"103";"com vítima";"147.479";"BR-393/RJ";"Norte";"Tombamento";0;0;0;0;0;0;0;0;0;1;0;0;0;1;0
"06/08/2012";"10:25:00";"44";"com vítima";"235.95";"BR-393/RJ";"Sul";"Queda de Moto";0;0;0;1;0;0;0;0;0;0;0;1;0;0;0
"06/08/2012";"02:23:00";"73";"sem vítima";"278.895";"BR-393/RJ";"Norte";"Abalroamento Mesmo Sentido ";1;0;0;0;1;0;0;0;0;0;3;0;0;0;0
"06/08/2012";"04:23:00";"78";"com vítima";"242.44";"BR-393/RJ";"Sul";"Capotamento";1;0;0;0;0;0;0;0;0;0;0;1;0;0;0
"06/08/2012";"09:30:00";"92";"com vítima";"172.75";"BR-393/RJ";"Norte";"Atropelamento de Animal";1;0;0;0;0;0;0;0;0;0;0;2;0;0;0
"07/08/2012";"11:58:00";"53";"com vítima";"105.96";"BR-393/RJ";"Norte";"Colisão Lateral";1;0;1;0;0;0;0;0;0;0;2;1;0;0;1
"07/08/2012";"12:22:00";"54";"com vítima";"250.46";"BR-393/RJ";"Sul";"Colisão Traseira";2;0;0;0;0;0;0;0;0;0;0;2;0;0;0
"07/08/2012";"01:10:00";"56";"sem vítima";"284.54";"BR-393/RJ";"Norte";"Colisão Traseira";0;0;1;0;1;0;0;0;0;0;2;0;0;0;0
"07/08/2012";"01:46:00";"60";"com vítima";"284.53";"BR-393/RJ";"Norte";"Colisão Traseira";1;0;1;0;0;0;0;0;0;0;0;2;0;0;0
"08/08/2012";"08:26:00";"28";"sem vítima";"280";"BR-393/RJ";"Norte";"Colisão Lateral";2;0;0;0;0;0;0;0;0;0;2;0;0;0;0
"08/08/2012";"03:19:00";"78";"com vítima";"230";"BR-393/RJ";"Sul";"Queda de Bicicleta";0;1;0;0;0;0;0;0;0;0;0;1;0;0;0
"09/08/2012";"03:23:00";"6";"com vítima";"178.28";"BR-393/RJ";"Norte";"Colisão Traseira";1;0;1;0;0;0;0;0;0;0;1;1;0;0;0
"09/08/2012";"07:19:00";"12";"com vítima";"285.5";"BR-393/RJ";"Sul";"Colisão Lateral";1;0;1;0;0;0;0;0;0;0;1;1;0;0;0
"09/08/2012";"09:49:00";"38";"sem vítima";"128.64";"BR-393/RJ";"Sul";"Colisão Lateral";0;0;2;0;0;0;0;0;0;0;2;0;0;0;0
"09/08/2012";"01:26:00";"64";"sem vítima";"259.17";"BR-393/RJ";"Sul";"Capotamento";1;0;0;0;0;0;0;0;0;0;3;0;0;0;0
"09/08/2012";"06:57:00";"93";"com vítima";"259.73";"BR-393/RJ";"Sul";"Colisão Traseira";0;0;2;0;0;0;0;0;0;0;0;2;0;0;0
"09/08/2012";"11:37:00";"104";"sem vítima";"279.67";"BR-393/RJ";"Norte";"Colisão Lateral";0;0;1;1;0;0;0;0;0;0;2;0;0;0;0
"10/08/2012";"03:46:00";"51";"sem vítima";"278.5";"BR-393/RJ";"Sul";"Engavetamento";3;0;0;0;0;0;0;0;0;0;6;0;0;0;0
"10/08/2012";"07:07:00";"67";"com vítima";"285.53";"BR-393/RJ";"Norte";"Colisão Traseira";2;0;0;0;0;0;0;0;0;0;0;2;0;0;0
"10/08/2012";"07:17:00";"70";"com vítima";"286.4";"BR-393/RJ";"Norte";"Colisão Traseira";1;0;0;1;0;0;0;0;0;0;0;2;0;0;0
"10/08/2012";"07:18:00";"71";"com vítima";"166.77";"BR-393/RJ";"Norte";"Queda de Moto";0;0;0;1;0;0;0;0;0;0;0;1;0;0;0
"10/08/2012";"09:17:00";"79";"com vítima";"265.11";"BR-393/RJ";"Norte";"Abalroamento Mesmo Sentido ";1;0;1;0;0;0;0;0;0;0;1;1;0;0;0
"11/08/2012";"01:03:00";"3";"com vítima";"205.74";"BR-393/RJ";"Norte";"Colisão Traseira";2;0;0;0;0;0;0;0;0;0;0;2;0;0;0
"11/08/2012";"09:52:00";"27";"sem vítima";"102";"BR-393/RJ";"Norte";"Colisão Lateral";2;0;0;0;0;0;0;0;0;0;3;0;0;0;0
"11/08/2012";"11:58:00";"33";"com vítima";"157.68";"BR-393/RJ";"Sul";"Engavetamento";3;0;1;0;0;0;0;0;0;0;5;0;1;0;0
"11/08/2012";"10:54:00";"68";"sem vítima";"218.5";"BR-393/RJ";"Sul";"Saida de Pista";1;0;0;0;0;0;0;0;0;0;1;0;0;0;0
"12/08/2012";"03:22:00";"13";"com vítima";"181.77";"BR-393/RJ";"Norte";"Colisão Traseira";0;0;0;1;0;0;0;0;0;1;2;1;0;0;0
"12/08/2012";"06:32:00";"76";"sem vítima";"282.434";"BR-393/RJ";"Norte";"Engavetamento";3;0;0;0;0;0;0;0;0;0;3;0;0;0;0
"12/08/2012";"09:26:00";"89";"com vítima";"168.774";"BR-393/RJ";"Sul";"Colisão Transversal";1;0;1;0;0;0;0;0;0;0;0;1;0;0;1
"13/08/2012";"12:54:00";"62";"sem vítima";"262.11";"BR-393/RJ";"Sul";"Colisão Traseira";0;0;2;0;0;0;0;0;0;0;2;0;0;0;0
"13/08/2012";"01:30:00";"64";"sem vítima";"285.45";"BR-393/RJ";"Norte";"Saida de Pista";1;0;0;0;0;0;0;0;0;0;1;0;0;0;0
"13/08/2012";"01:59:00";"67";"sem vítima";"285.45";"BR-393/RJ";"Sul";"Colisão Traseira";1;0;1;0;0;0;0;0;0;0;2;0;0;0;0
"13/08/2012";"02:29:00";"69";"com vítima";"276.22";"BR-393/RJ";"Sul";"Colisão Traseira";2;0;0;0;0;0;0;0;0;0;1;1;0;0;0