data;horario;n_da_ocorrencia;tipo_de_ocorrencia;km;trecho;sentido;tipo_de_acidente;automovel;bicicleta;caminhao;moto;onibus;outros;tracao_animal;transporte_de_cargas_especiais;trator_maquinas;utilitarios;ilesos;levemente_feridos;moderadamente_feridos;gravemente_feridos;mortos
"05/01/2013";"10:34:00";"23";"com vítima";"238.85";"BR-393/RJ";"Norte";"Queda de Moto";0;0;0;1;0;0;0;0;0;0;0;1;0;0;0
"06/01/2013";"07:10:00";"55";"com vítima";"195.12";"BR-393/RJ";"Sul";"Colisão Traseira";1;0;1;0;0;0;0;0;0;0;1;3;0;0;0
"06/01/2013";"07:43:00";"56";"com vítima";"177.83";"BR-393/RJ";"Sul";"Colisão Traseira";2;0;0;0;0;0;0;0;0;0;0;3;0;0;0
"06/01/2013";"09:34:00";"59";"com vítima";"181.56";"BR-393/RJ";"Norte";"Queda de Moto";0;0;0;1;0;0;0;0;0;0;0;0;0;2;0
"07/01/2013";"05:30:00";"83";"com vítima";"1.556";"Alça Sul";"Norte";"Queda de Moto";0;0;0;1;0;0;0;0;0;0;0;1;0;0;0
"08/01/2013";"06:04:00";"19";"com vítima";"207.655";"BR-393/RJ";"Sul";"Colisão Frontal";2;0;0;0;0;0;0;0;0;0;0;0;3;1;2
"08/01/2013";"06:19:00";"20";"sem vítima";"236";"BR-393/RJ";"Norte";"Queda de Bicicleta";0;1;0;0;0;0;0;0;0;0;1;0;0;0;0
"08/01/2013";"11:03:00";"42";"com vítima";"265.68";"BR-393/RJ";"Norte";"Abalroamento Sentido Oposto";1;0;1;0;0;0;0;0;0;0;1;0;1;0;0
"08/01/2013";"08:13:00";"87";"com vítima";"170.51";"BR-393/RJ";"Sul";"Tombamento";0;0;1;0;0;0;0;0;0;0;0;1;0;0;0
"09/01/2013";"12:33:00";"43";"com vítima";"284.2";"BR-393/RJ";"Norte";"Colisão Traseira";1;0;0;0;0;0;0;0;0;1;1;1;0;0;0
"10/01/2013";"01:16:00";"11";"sem vítima";"139";"BR-393/RJ";"Norte";"Atropelamento de Animal";0;0;0;0;1;0;0;0;0;0;1;0;0;0;0
"10/01/2013";"04:35:00";"14";"com vítima";"155.53";"BR-393/RJ";"Norte";"Choque - Outros";1;0;0;0;0;0;0;0;0;0;3;2;0;0;0
"10/01/2013";"07:03:00";"16";"com vítima";"229.65";"BR-393/RJ";"Sul";"Choque - Talude";1;0;0;0;0;0;0;0;0;0;0;1;0;0;0
"10/01/2013";"07:29:00";"19";"sem vítima";"160.7";"BR-393/RJ";"Norte";"Colisão Traseira";2;0;0;0;0;0;0;0;0;0;6;0;0;0;0
"10/01/2013";"06:18:00";"52";"com vítima";"131.94";"BR-393/RJ";"Sul";"Colisão Frontal";1;1;0;0;0;0;0;0;0;0;0;1;1;0;0
"10/01/2013";"08:16:00";"56";"sem vítima";"280";"BR-393/RJ";"Norte";"Colisão Lateral";1;0;0;0;1;0;0;0;0;0;2;0;0;0;0
"10/01/2013";"08:16:00";"57";"sem vítima";"284.3";"BR-393/RJ";"Sul";"Saida de Pista";1;0;0;0;0;0;0;0;0;0;1;0;0;0;0
"10/01/2013";"09:17:00";"62";"sem vítima";"171.43";"BR-393/RJ";"Norte";"Saida de Pista";1;0;0;0;0;0;0;0;0;0;1;0;0;0;0
"10/01/2013";"10:41:00";"67";"com vítima";"116.03";"BR-393/RJ";"Sul";"Choque - Talude";0;0;1;0;0;0;0;0;0;0;0;1;0;0;0
"11/01/2013";"01:08:00";"10";"sem vítima";"132.75";"BR-393/RJ";"Norte";"Colisão Transversal";1;0;0;0;1;0;0;0;0;0;3;0;0;0;0
"11/01/2013";"12:24:00";"58";"com vítima";"186.17";"BR-393/RJ";"Norte";"Choque - Talude";1;0;0;0;0;0;0;0;0;0;0;1;0;0;0
"11/01/2013";"12:41:00";"60";"sem vítima";"255.73";"BR-393/RJ";"Norte";"Colisão Transversal";2;0;0;0;0;0;0;0;0;0;2;0;0;0;0
"11/01/2013";"03:38:00";"72";"com vítima";"285";"BR-393/RJ";"Sul";"Colisão Traseira";0;0;1;0;0;0;0;0;0;1;1;1;0;0;0
"12/01/2013";"12:59:00";"11";"com vítima";"218.35";"BR-393/RJ";"Sul";"Tombamento";0;0;1;0;0;0;0;0;0;0;0;1;0;0;0
"12/01/2013";"09:05:00";"32";"com vítima";"195.07";"BR-393/RJ";"Norte";"Engavetamento";0;0;3;0;0;0;0;0;0;0;0;3;0;0;0
"12/01/2013";"10:23:00";"41";"com vítima";"169.75";"BR-393/RJ";"Sul";"Choque - Elemento de Drenagem";0;0;0;0;0;0;0;0;0;1;4;1;0;0;0
"12/01/2013";"01:57:00";"59";"com vítima";"141.04";"BR-393/RJ";"Sul";"Queda de Bicicleta";0;1;0;0;0;0;0;0;0;0;0;1;0;0;0
"12/01/2013";"04:02:00";"65";"sem vítima";"230.13";"BR-393/RJ";"Sul";"Outros";1;0;0;0;0;0;0;0;0;0;1;0;0;0;0
"12/01/2013";"08:05:00";"78";"com vítima";"168.05";"BR-393/RJ";"Sul";"Colisão Traseira";1;0;0;1;0;0;0;0;0;0;1;1;0;0;0
"12/01/2013";"08:10:00";"79";"com vítima";"233.51";"BR-393/RJ";"Sul";"Colisão Traseira";2;0;0;0;0;0;0;0;0;0;5;1;0;0;0
"12/01/2013";"08:51:00";"82";"sem vítima";"284.2";"BR-393/RJ";"Norte";"Engavetamento";5;0;0;0;0;0;0;0;0;0;5;0;0;0;0
"14/01/2013";"06:36:00";"13";"com vítima";"268.341";"BR-393/RJ";"Sul";"Colisão Lateral";2;0;0;0;0;0;0;0;0;0;0;3;0;0;0
"14/01/2013";"01:16:00";"44";"sem vítima";"265.19";"BR-393/RJ";"Norte";"Colisão Traseira";1;0;1;0;0;0;0;0;0;0;2;0;0;0;0
"14/01/2013";"04:21:00";"62";"sem vítima";"284.3";"BR-393/RJ";"Norte";"Colisão Traseira";1;0;1;0;0;0;0;0;0;0;2;0;0;0;0
"14/01/2013";"08:47:00";"74";"com vítima";"114";"BR-393/RJ";"Norte";"Colisão Traseira";0;0;0;1;0;0;0;0;0;1;0;1;2;0;0
"15/01/2013";"04:19:00";"87";"sem vítima";"208.42";"BR-393/RJ";"Norte";"Colisão Traseira";2;0;0;0;0;0;0;0;0;0;2;0;0;0;0
"15/01/2013";"08:16:00";"98";"com vítima";"274.18";"BR-393/RJ";"Norte";"Colisão Frontal";1;0;1;0;0;0;0;0;0;0;1;1;0;0;0
"15/01/2013";"10:24:00";"107";"sem vítima";"255.73";"BR-393/RJ";"Norte";"Saida de Pista";1;0;0;0;0;0;0;0;0;0;1;0;0;0;0
"16/01/2013";"03:04:00";"12";"sem vítima";"125.82";"BR-393/RJ";"Sul";"Choque - Outros";0;0;0;0;1;0;0;0;0;0;1;0;0;0;0
"16/01/2013";"02:10:00";"78";"com vítima";"176.53";"BR-393/RJ";"Norte";"Colisão Frontal";1;0;1;0;0;0;0;0;0;0;1;1;0;0;0
"16/01/2013";"02:53:00";"79";"com vítima";"251.34";"BR-393/RJ";"Norte";"Colisão Lateral";0;0;0;1;0;0;0;0;0;1;1;0;1;0;0
"16/01/2013";"09:43:00";"104";"com vítima";"163.35";"BR-393/RJ";"Sul";"Outros";0;0;1;0;0;0;0;0;0;0;0;1;0;0;0
"17/01/2013";"11:38:00";"41";"com vítima";"219";"BR-393/RJ";"Norte";"Colisão Traseira";2;0;0;0;0;0;0;0;0;0;7;1;0;0;0
"17/01/2013";"04:46:00";"60";"com vítima";"286";"BR-393/RJ";"Norte";"Colisão Traseira";2;0;0;0;0;0;0;0;0;0;0;2;0;0;0
"17/01/2013";"09:37:00";"82";"sem vítima";"284";"BR-393/RJ";"Sul";"Saida de Pista";1;0;0;0;0;0;0;0;0;0;1;0;0;0;0
"18/01/2013";"09:42:00";"40";"com vítima";"217.92";"BR-393/RJ";"Sul";"Colisão Lateral";1;0;1;0;0;0;0;0;0;0;1;1;0;0;0
"18/01/2013";"02:42:00";"56";"sem vítima";"285.6";"BR-393/RJ";"Sul";"Abalroamento Mesmo Sentido ";1;0;1;0;0;0;0;0;0;0;2;0;0;0;0
"19/01/2013";"02:47:00";"15";"sem vítima";"285.5";"BR-393/RJ";"Norte";"Saida de Pista";1;0;0;0;0;0;0;0;0;0;1;0;0;0;0
"19/01/2013";"06:45:00";"22";"com vítima";"215.3";"BR-393/RJ";"Norte";"Saida de Pista";1;0;0;0;0;0;0;0;0;0;0;4;0;0;0
"19/01/2013";"10:38:00";"55";"sem vítima";"194.9";"BR-393/RJ";"Sul";"Colisão Traseira";1;0;1;0;0;0;0;0;0;0;2;0;0;0;0
"19/01/2013";"11:53:00";"59";"sem vítima";"251.19";"BR-393/RJ";"Norte";"Colisão Lateral";1;0;1;0;0;0;0;0;0;0;2;0;0;0;0
"19/01/2013";"06:21:00";"93";"sem vítima";"274.57";"BR-393/RJ";"Sul";"Choque - Suporte de Sinalização";1;0;0;0;0;0;0;0;0;0;1;0;0;0;0
"19/01/2013";"09:23:00";"104";"sem vítima";"115";"BR-393/RJ";"Norte";"Choque - Arvore";0;0;1;0;0;0;0;0;0;0;1;0;0;0;0
"19/01/2013";"09:49:00";"99";"com vítima";"155.54";"BR-393/RJ";"Norte";"Saida de Pista";1;0;0;0;0;0;0;0;0;0;0;6;0;0;0
"20/01/2013";"02:07:00";"3";"com vítima";"232.92";"BR-393/RJ";"Sul";"Queda de Moto";0;0;0;1;0;0;0;0;0;0;0;1;0;0;0
"20/01/2013";"04:34:00";"6";"sem vítima";"282.53";"BR-393/RJ";"Norte";"Queda de Moto";0;0;0;1;0;0;0;0;0;0;2;0;0;0;0
"20/01/2013";"10:54:00";"19";"com vítima";"280.5";"BR-393/RJ";"Norte";"Atropelamento - Ciclista";1;1;0;0;0;0;0;0;0;0;1;1;0;0;0
"20/01/2013";"01:05:00";"28";"com vítima";"121.4";"BR-393/RJ";"Norte";"Tombamento";0;0;1;0;0;0;0;0;0;0;0;0;1;0;0
"20/01/2013";"03:56:00";"33";"sem vítima";"165.215";"BR-393/RJ";"Sul";"Colisão Traseira";2;0;0;0;0;0;0;0;0;0;6;0;0;0;0
"20/01/2013";"04:34:00";"36";"com vítima";"156.32";"BR-393/RJ";"Sul";"Abalroamento Mesmo Sentido ";0;0;1;0;1;0;0;0;0;0;28;1;0;0;0
"20/01/2013";"04:56:00";"38";"com vítima";"124.55";"BR-393/RJ";"Sul";"Colisão Lateral";0;0;2;0;0;0;0;0;0;0;0;2;0;0;0
"20/01/2013";"10:06:00";"61";"sem vítima";"283.1";"BR-393/RJ";"Norte";"Colisão Traseira";1;0;0;0;0;0;0;0;0;1;2;0;0;0;0
"21/01/2013";"11:10:00";"31";"com vítima";"179.79";"BR-393/RJ";"Sul";"Colisão Lateral";2;0;0;0;0;0;0;0;0;0;0;2;0;0;0
"21/01/2013";"11:35:00";"67";"com vítima";"285";"BR-393/RJ";"Sul";"Choque - Outros";1;0;0;0;0;0;0;0;0;0;0;1;0;0;0
"22/01/2013";"01:56:00";"57";"com vítima";"273.64";"BR-393/RJ";"Sul";"Choque - Suporte de Sinalização";1;0;0;0;0;0;0;0;0;0;0;1;0;0;0
"22/01/2013";"06:25:00";"74";"com vítima";"115";"BR-393/RJ";"Norte";"Choque - Arvore";0;0;1;0;0;0;0;0;0;0;0;2;0;0;0
"22/01/2013";"06:52:00";"75";"sem vítima";"237.05";"BR-393/RJ";"Norte";"Colisão Traseira";0;0;1;0;1;0;0;0;0;0;2;0;0;0;0
"23/01/2013";"05:57:00";"10";"com vítima";"158";"BR-393/RJ";"Norte";"Queda de Bicicleta";0;1;0;0;0;0;0;0;0;0;0;1;0;0;0
"23/01/2013";"04:05:00";"82";"com vítima";"238";"BR-393/RJ";"Norte";"Queda de Moto";0;0;0;1;0;0;0;0;0;0;0;0;1;0;0
"24/01/2013";"04:38:00";"78";"sem vítima";"168.18";"BR-393/RJ";"Sul";"Abalroamento Mesmo Sentido ";1;0;1;0;0;0;0;0;0;0;2;0;0;0;0
"25/01/2013";"01:00:00";"4";"com vítima";"274.1";"BR-393/RJ";"Sul";"Tombamento";0;0;1;0;0;0;0;0;0;0;0;1;0;0;0
"25/01/2013";"08:45:00";"28";"com vítima";"103.575";"BR-393/RJ";"Norte";"Colisão Transversal";1;0;0;1;0;0;0;0;0;0;1;1;0;0;0
"25/01/2013";"11:36:00";"51";"sem vítima";"265.11";"BR-393/RJ";"Norte";"Colisão Traseira";1;0;1;0;0;0;0;0;0;0;2;0;0;0;0
"25/01/2013";"01:44:00";"58";"com vítima";"163.24";"BR-393/RJ";"Norte";"Capotamento";0;0;1;0;0;0;0;0;0;0;0;1;0;0;0
"26/01/2013";"05:45:00";"17";"com vítima";"255.68";"BR-393/RJ";"Norte";"Colisão Traseira";2;0;0;0;0;0;0;0;0;0;0;3;0;0;0
"26/01/2013";"03:06:00";"43";"com vítima";"156";"BR-393/RJ";"Sul";"Colisão Transversal";2;0;0;0;0;0;0;0;0;0;1;1;0;0;0
"26/01/2013";"11:15:00";"68";"com vítima";"265";"BR-393/RJ";"Sul";"Choque - Suporte de Sinalização";1;0;0;0;0;0;0;0;0;0;1;1;0;0;0
"27/01/2013";"12:34:00";"1";"sem vítima";"171.39";"BR-393/RJ";"Sul";"Saida de Pista";1;0;0;0;0;0;0;0;0;0;1;0;0;0;0
"28/01/2013";"12:06:00";"2";"com vítima";"130.01";"BR-393/RJ";"Norte";"Tombamento";0;0;1;0;0;0;0;0;0;0;0;0;0;0;1
"28/01/2013";"08:30:00";"73";"com vítima";"214.69";"BR-393/RJ";"Sul";"Atropelamento - Usuário";0;0;0;1;0;0;0;0;0;0;1;0;1;0;0
"29/01/2013";"08:44:00";"22";"com vítima";"217.9";"BR-393/RJ";"Sul";"Colisão Lateral";1;0;1;0;0;0;0;0;0;0;1;1;0;0;0
"31/01/2013";"05:24:00";"15";"sem vítima";"205.3";"BR-393/RJ";"Norte";"Saida de Pista";0;0;1;0;0;0;0;0;0;0;1;0;0;0;0
"31/01/2013";"06:33:00";"16";"com vítima";"177.78";"BR-393/RJ";"Sul";"Choque - Outros";1;0;0;0;0;0;0;0;0;0;0;1;1;0;0
"31/01/2013";"07:35:00";"18";"com vítima";"186.97";"BR-393/RJ";"Norte";"Capotamento";1;0;0;0;0;0;0;0;0;0;1;3;0;0;0
"31/01/2013";"03:24:00";"74";"sem vítima";"242.42";"BR-393/RJ";"Norte";"Colisão Traseira";1;0;1;0;0;0;0;0;0;0;2;0;0;0;0
"01/02/2013";"07:28:00";"82";"sem vítima";"168.89";"BR-393/RJ";"Norte";"Abalroamento Mesmo Sentido ";1;0;1;0;0;0;0;0;0;0;5;0;0;0;0
"01/02/2013";"10:34:00";"89";"com vítima";"286";"BR-393/RJ";"Norte";"Colisão Traseira";2;0;0;0;0;0;0;0;0;0;2;1;0;0;0
"01/02/2013";"11:20:00";"93";"sem vítima";"189.2";"BR-393/RJ";"Norte";"Choque - Outros";1;0;0;0;0;0;0;0;0;0;1;0;0;0;0
"02/02/2013";"12:43:00";"2";"sem vítima";"240.18";"BR-393/RJ";"Sul";"Saida de Pista";1;0;0;0;0;0;0;0;0;0;2;0;0;0;0
"02/02/2013";"02:57:00";"4";"com vítima";"155.5";"BR-393/RJ";"Norte";"Saida de Pista";1;0;0;0;0;0;0;0;0;0;0;3;0;0;0
"02/02/2013";"08:44:00";"21";"com vítima";"242.44";"BR-393/RJ";"Norte";"Colisão Traseira";1;0;1;0;0;0;0;0;0;0;2;1;0;0;0
"02/02/2013";"09:36:00";"22";"sem vítima";"105.96";"BR-393/RJ";"Norte";"Colisão Traseira";2;0;0;0;0;0;0;0;0;0;3;0;0;0;0
"02/02/2013";"04:38:00";"49";"com vítima";"114.53";"BR-393/RJ";"Sul";"Tombamento";0;0;1;0;0;0;0;0;0;0;0;1;1;0;0
"02/02/2013";"06:08:00";"51";"com vítima";"186.07";"BR-393/RJ";"Norte";"Tombamento";0;0;1;0;0;0;0;0;0;0;0;1;0;0;0
"02/02/2013";"09:49:00";"59";"sem vítima";"102.1";"BR-393/RJ";"Norte";"Abalroamento Sentido Oposto";1;0;1;0;0;0;0;0;0;0;3;0;0;0;0
"03/02/2013";"04:48:00";"39";"com vítima";"250";"BR-393/RJ";"Norte";"Colisão Transversal";1;0;0;1;0;0;0;0;0;0;0;1;1;0;0
"03/02/2013";"09:04:00";"52";"com vítima";"280";"BR-393/RJ";"Norte";"Queda de Bicicleta";0;1;0;0;0;0;0;0;0;0;0;0;1;0;0
"04/02/2013";"08:02:00";"22";"sem vítima";"147.22";"BR-393/RJ";"Sul";"Tombamento";0;0;1;0;0;0;0;0;0;0;1;0;0;0;0
"04/02/2013";"02:05:00";"54";"sem vítima";"249.7";"BR-393/RJ";"Sul";"Colisão Traseira";1;0;1;0;0;0;0;0;0;0;3;0;0;0;0
"04/02/2013";"04:49:00";"69";"sem vítima";"135.36";"BR-393/RJ";"Norte";"Outros - Sequência";2;0;0;0;1;0;0;0;0;0;3;0;0;0;0
"04/02/2013";"05:10:00";"70";"com vítima";"179.1";"BR-393/RJ";"Sul";"Capotamento";0;0;0;0;0;0;0;0;0;1;0;1;0;0;0
"04/02/2013";"07:01:00";"73";"com vítima";"235.94";"BR-393/RJ";"Sul";"Colisão Lateral";1;0;0;1;0;0;0;0;0;0;1;0;1;0;0
"05/02/2013";"01:02:00";"41";"sem vítima";"252";"BR-393/RJ";"Norte";"Abalroamento Mesmo Sentido ";1;0;1;0;0;0;0;0;0;0;3;0;0;0;0
"05/02/2013";"09:54:00";"76";"com vítima";"261.5";"BR-393/RJ";"Sul";"Atropelamento - Ciclista";1;1;0;0;0;0;0;0;0;0;1;1;0;0;0
"06/02/2013";"05:06:00";"15";"com vítima";"267.45";"BR-393/RJ";"Norte";"Capotamento";0;0;1;0;0;0;0;0;0;0;0;1;0;0;0
"06/02/2013";"05:10:00";"16";"com vítima";"267.45";"BR-393/RJ";"Sul";"Choque - Objeto sobre a pista";1;0;0;0;0;0;0;0;0;0;0;1;0;0;0
"06/02/2013";"07:10:00";"17";"com vítima";"157.25";"BR-393/RJ";"Norte";"Queda de Moto";0;0;0;1;0;0;0;0;0;0;0;1;0;0;0
"06/02/2013";"08:20:00";"72";"com vítima";"178.65";"BR-393/RJ";"Norte";"Choque - Suporte de Sinalização";1;0;0;0;0;0;0;0;0;0;0;1;0;0;0
"07/02/2013";"03:28:00";"12";"sem vítima";"210";"BR-393/RJ";"Norte";"Choque - Talude";1;0;0;0;0;0;0;0;0;0;1;0;0;0;0
"07/02/2013";"11:00:00";"41";"sem vítima";"285.49";"BR-393/RJ";"Sul";"Colisão Transversal";1;0;1;0;0;0;0;0;0;0;2;0;0;0;0
"07/02/2013";"04:18:00";"64";"sem vítima";"254.37";"BR-393/RJ";"Norte";"Abalroamento Sentido Oposto";1;0;0;0;1;0;0;0;0;0;2;0;0;0;0
"08/02/2013";"09:24:00";"34";"com vítima";"172.3";"BR-393/RJ";"Sul";"Colisão Traseira";1;0;1;0;0;0;0;0;0;0;1;3;0;0;0
"08/02/2013";"01:23:00";"67";"com vítima";"113.59";"BR-393/RJ";"Norte";"Choque - Elemento de Drenagem";1;0;0;0;0;0;0;0;0;0;4;1;0;0;0
"08/02/2013";"04:33:00";"78";"sem vítima";"104.03";"BR-393/RJ";"Norte";"Colisão Lateral";0;0;1;1;0;0;0;0;0;0;2;0;0;0;0
"08/02/2013";"07:50:00";"91";"com vítima";"280.61";"BR-393/RJ";"Norte";"Abalroamento Sentido Oposto";1;0;0;1;0;0;0;0;0;0;1;0;1;0;0
"09/02/2013";"04:21:00";"20";"com vítima";"216.07";"BR-393/RJ";"Sul";"Capotamento";0;0;1;0;0;0;0;0;0;0;0;0;1;0;0
"09/02/2013";"05:39:00";"24";"com vítima";"231.93";"BR-393/RJ";"Sul";"Choque - Defensa, barreira ou "submarino"";1;0;0;0;0;0;0;0;0;0;4;1;0;0;0
"09/02/2013";"06:54:00";"25";"com vítima";"167.2";"BR-393/RJ";"Norte";"Abalroamento Mesmo Sentido ";1;0;0;1;0;0;0;0;0;0;1;1;0;0;0
"09/02/2013";"01:35:00";"57";"sem vítima";"211.28";"BR-393/RJ";"Sul";"Choque - Talude";0;0;1;0;0;0;0;0;0;0;1;0;0;0;0
"09/02/2013";"02:12:00";"60";"com vítima";"286.4";"BR-393/RJ";"Norte";"Engavetamento";3;0;0;0;0;0;0;0;0;0;0;3;0;0;0
"09/02/2013";"02:29:00";"63";"com vítima";"286";"BR-393/RJ";"Norte";"Engavetamento";3;0;0;0;0;0;0;0;0;0;1;2;0;0;0
"09/02/2013";"03:38:00";"69";"com vítima";"285.7";"BR-393/RJ";"Sul";"Abalroamento Mesmo Sentido ";1;0;0;1;0;0;0;0;0;0;1;0;1;0;0
"10/02/2013";"03:33:00";"8";"com vítima";"169.35";"BR-393/RJ";"Norte";"Colisão Traseira";2;0;0;0;0;0;0;0;0;0;4;1;0;0;0
"10/02/2013";"04:02:00";"9";"com vítima";"169";"BR-393/RJ";"Sul";"Colisão Lateral";1;0;0;0;0;0;0;0;0;1;5;1;0;0;0
"10/02/2013";"05:13:00";"11";"com vítima";"182.9";"BR-393/RJ";"Sul";"Choque - Talude";1;0;0;0;0;0;0;0;0;0;0;2;1;0;0
"10/02/2013";"03:54:00";"37";"com vítima";"257.3";"BR-393/RJ";"Norte";"Queda de Moto";0;0;0;1;0;0;0;0;0;0;0;1;0;0;0
"10/02/2013";"04:37:00";"39";"sem vítima";"286";"BR-393/RJ";"Norte";"Colisão Traseira";1;0;1;0;0;0;0;0;0;0;3;0;0;0;0
"12/02/2013";"10:39:00";"26";"com vítima";"2";"Alça Sul";"Sul";"Queda de Bicicleta";0;1;0;0;0;0;0;0;0;0;0;1;0;0;0
"12/02/2013";"07:37:00";"61";"com vítima";"238.57";"BR-393/RJ";"Norte";"Queda de Moto";0;0;0;1;0;0;0;0;0;0;0;2;0;0;0
"13/02/2013";"04:41:00";"6";"com vítima";"284";"BR-393/RJ";"Sul";"Queda de Moto";0;0;0;1;0;0;0;0;0;0;1;1;0;0;0
"13/02/2013";"01:32:00";"58";"sem vítima";"283.172";"BR-393/RJ";"Norte";"Colisão Traseira";2;0;0;0;0;0;0;0;0;0;2;0;0;0;0
"13/02/2013";"04:46:00";"76";"com vítima";"255.734";"BR-393/RJ";"Norte";"Colisão Transversal";2;0;0;0;0;0;0;0;0;0;0;4;1;0;0
"13/02/2013";"07:40:00";"85";"sem vítima";"265";"BR-393/RJ";"Sul";"Colisão Traseira";2;0;0;0;0;0;0;0;0;0;2;0;0;0;0
"13/02/2013";"08:19:00";"88";"sem vítima";"170.72";"BR-393/RJ";"Sul";"Colisão Lateral";1;0;1;0;0;0;0;0;0;0;3;0;0;0;0
"14/02/2013";"07:40:00";"17";"com vítima";"204.115";"BR-393/RJ";"Sul";"Colisão Frontal";2;0;0;0;0;0;0;0;0;0;0;0;3;0;0
"14/02/2013";"01:44:00";"44";"com vítima";"125.68";"BR-393/RJ";"Norte";"Colisão Traseira";1;0;1;0;0;0;0;0;0;0;2;1;0;0;0
"15/02/2013";"05:54:00";"11";"com vítima";"236.77";"BR-393/RJ";"Sul";"Colisão Traseira";0;0;0;1;0;0;0;0;0;1;1;1;0;0;0
"15/02/2013";"02:36:00";"54";"sem vítima";"286";"BR-393/RJ";"Sul";"Abalroamento Mesmo Sentido ";1;0;1;0;0;0;0;0;0;0;2;0;0;0;0
"15/02/2013";"03:25:00";"59";"sem vítima";"104.65";"BR-393/RJ";"Sul";"Colisão Traseira";2;0;0;0;0;0;0;0;0;0;2;0;0;0;0
"15/02/2013";"05:06:00";"65";"sem vítima";"169";"BR-393/RJ";"Sul";"Engavetamento";3;0;0;0;0;0;0;0;0;0;3;0;0;0;0
"15/02/2013";"06:45:00";"69";"sem vítima";"103.37";"BR-393/RJ";"Sul";"Engavetamento";2;0;0;0;1;0;0;0;0;0;3;0;0;0;0
"16/02/2013";"09:59:00";"46";"com vítima";"235.146";"BR-393/RJ";"Sul";"Colisão Lateral";1;0;0;1;0;0;0;0;0;0;1;1;0;0;0
"16/02/2013";"03:56:00";"74";"com vítima";"279.255";"BR-393/RJ";"Norte";"Colisão Traseira";1;0;0;1;0;0;0;0;0;0;1;1;0;0;0
"17/02/2013";"05:04:00";"46";"com vítima";"286";"BR-393/RJ";"Norte";"Colisão Traseira";1;0;0;1;0;0;0;0;0;0;1;1;0;0;0
"20/02/2013";"01:35:00";"12";"com vítima";"273.766";"BR-393/RJ";"Norte";"Capotamento";0;0;1;0;0;0;0;0;0;0;0;2;0;0;0
"20/02/2013";"05:43:00";"78";"sem vítima";"104.19";"BR-393/RJ";"Norte";"Engavetamento";5;0;0;0;0;0;0;0;0;0;9;0;0;0;0
"21/02/2013";"12:03:00";"1";"sem vítima";"174";"BR-393/RJ";"Sul";"Atropelamento de Animal";0;0;1;0;0;0;0;0;0;0;1;0;0;0;0
"21/02/2013";"07:06:00";"11";"com vítima";"286.03";"BR-393/RJ";"Norte";"Colisão Traseira";2;0;0;0;0;0;0;0;0;0;0;2;0;0;0
"21/02/2013";"07:18:00";"13";"sem vítima";"220.466";"BR-393/RJ";"Sul";"Colisão Traseira";0;0;2;0;0;0;0;0;0;0;2;0;0;0;0
"21/02/2013";"01:09:00";"46";"com vítima";"267.486";"BR-393/RJ";"Norte";"Abalroamento Sentido Oposto";0;0;2;0;0;0;0;0;0;0;1;2;0;0;0
"21/02/2013";"09:04:00";"78";"sem vítima";"174.5";"BR-393/RJ";"Norte";"Atropelamento de Animal";0;0;0;0;0;0;0;0;0;1;1;0;0;0;0
"22/02/2013";"03:50:00";"63";"com vítima";"136.53";"BR-393/RJ";"Norte";"Colisão Frontal";2;0;0;0;0;0;0;0;0;0;0;1;2;3;0
"22/02/2013";"07:29:00";"75";"sem vítima";"239.161";"BR-393/RJ";"Norte";"Outros - Sequência";3;0;0;0;0;0;0;0;0;0;5;0;0;0;0
"23/02/2013";"12:50:00";"50";"sem vítima";"279";"BR-393/RJ";"Norte";"Colisão Traseira";2;0;0;0;0;0;0;0;0;0;2;0;0;0;0
"23/02/2013";"07:05:00";"68";"sem vítima";"285.2";"BR-393/RJ";"Norte";"Choque - Defensa, barreira ou "submarino"";1;0;0;0;0;0;0;0;0;0;1;0;0;0;0
"24/02/2013";"12:44:00";"10";"sem vítima";"268";"BR-393/RJ";"Sul";"Colisão Lateral";2;0;0;0;0;0;0;0;0;0;2;0;0;0;0
"24/02/2013";"01:32:00";"11";"sem vítima";"260.4";"BR-393/RJ";"Norte";"Atropelamento de Animal";0;0;0;0;0;0;0;0;0;1;1;0;0;0;0
"24/02/2013";"02:08:00";"13";"sem vítima";"172.3";"BR-393/RJ";"Norte";"Saida de Pista";1;0;0;0;0;0;0;0;0;0;2;0;0;0;0
"24/02/2013";"03:05:00";"45";"com vítima";"285.392";"BR-393/RJ";"Sul";"Colisão Transversal";1;0;1;0;0;0;0;0;0;0;0;1;1;0;0
"25/02/2013";"10:10:00";"23";"com vítima";"220.5";"BR-393/RJ";"Sul";"Colisão Traseira";1;0;0;0;1;0;0;0;0;0;2;4;0;0;0
"25/02/2013";"03:15:00";"50";"sem vítima";"231.3";"BR-393/RJ";"Sul";"Colisão Traseira";2;0;0;0;0;0;0;0;0;0;2;0;0;0;0
"26/02/2013";"12:17:00";"1";"sem vítima";"164.956";"BR-393/RJ";"Norte";"Choque - Outros";1;0;0;0;0;0;0;0;0;0;1;0;0;0;0
"26/02/2013";"01:01:00";"2";"sem vítima";"222.1";"BR-393/RJ";"Sul";"Queda de Moto";0;0;0;1;0;0;0;0;0;0;1;0;0;0;0
"26/02/2013";"07:56:00";"10";"com vítima";"222.95";"BR-393/RJ";"Norte";"Queda de Moto";0;0;0;1;0;0;0;0;0;0;0;1;0;0;0
"26/02/2013";"06:09:00";"53";"sem vítima";"218.49";"BR-393/RJ";"Norte";"Choque - Elemento de Drenagem";1;0;0;0;0;0;0;0;0;0;2;0;0;0;0