data;horario;n_da_ocorrencia;tipo_de_ocorrencia;km;trecho;sentido;tipo_de_acidente;automovel;bicicleta;caminhao;moto;onibus;outros;tracao_animal;transporte_de_cargas_especiais;trator_maquinas;utilitarios;ilesos;levemente_feridos;moderadamente_feridos;gravemente_feridos;mortos
"26/07/2013";"07:41:00";"71";"com vítima";"251.59";"BR-393/RJ";"Sul";"Colisão Lateral";1;0;1;0;1;0;0;0;0;0;15;3;0;0;1
"26/07/2013";"08:35:00";"73";"com vítima";"274.11";"BR-393/RJ";"Sul";"Colisão Lateral";2;0;0;0;0;0;0;0;0;0;0;3;0;0;0
"26/07/2013";"09:34:00";"75";"sem vítima";"178.29";"BR-393/RJ";"Norte";"Saida de Pista";0;0;1;0;0;0;0;0;0;0;1;0;0;0;0
"27/07/2013";"05:26:00";"13";"sem vítima";"104.77";"BR-393/RJ";"Norte";"Choque - Arvore";1;0;0;0;0;0;0;0;0;0;3;0;0;0;0
"27/07/2013";"06:04:00";"14";"com vítima";"215.28";"BR-393/RJ";"Sul";"Outros";0;0;1;0;0;0;0;0;0;0;2;1;0;0;0
"27/07/2013";"06:35:00";"16";"com vítima";"120.59";"BR-393/RJ";"Norte";"Abalroamento Mesmo Sentido ";0;0;0;2;0;0;0;0;0;0;1;0;2;0;0
"27/07/2013";"10:36:00";"32";"com vítima";"132.67";"BR-393/RJ";"Norte";"Colisão Traseira";2;0;0;0;0;0;0;0;0;0;3;1;0;0;0
"27/07/2013";"02:16:00";"42";"com vítima";"286";"BR-393/RJ";"Norte";"Colisão Transversal";1;0;0;1;0;0;0;0;0;0;1;1;0;0;0
"27/07/2013";"06:27:00";"49";"com vítima";"229";"BR-393/RJ";"Sul";"Queda de Moto";0;0;0;1;0;0;0;0;0;0;0;1;0;0;0
"27/07/2013";"08:40:00";"53";"sem vítima";"283.37";"BR-393/RJ";"Norte";"Colisão Traseira";2;0;0;0;0;0;0;0;0;0;2;0;0;0;0
"28/07/2013";"07:00:00";"40";"com vítima";"175.525";"BR-393/RJ";"Norte";"Colisão Lateral";2;0;0;0;0;0;0;0;0;0;0;2;0;0;0
"28/07/2013";"07:19:00";"42";"com vítima";"230.076";"BR-393/RJ";"Sul";"Capotamento";1;0;0;0;0;0;0;0;0;0;0;2;0;0;0
"28/07/2013";"08:41:00";"44";"com vítima";"238";"BR-393/RJ";"Norte";"Queda de Moto";0;0;0;1;0;0;0;0;0;0;0;2;0;0;0
"28/07/2013";"09:09:00";"47";"com vítima";"247";"BR-393/RJ";"Sul";"Colisão Lateral";1;0;0;1;0;0;0;0;0;0;1;0;0;1;0
"28/07/2013";"10:12:00";"48";"sem vítima";"284";"BR-393/RJ";"Norte";"Colisão Transversal";1;0;0;1;0;0;0;0;0;0;2;0;0;0;0
"29/07/2013";"07:34:00";"21";"sem vítima";"168.78";"BR-393/RJ";"Norte";"Colisão Transversal";1;0;0;0;0;0;0;0;0;1;3;0;0;0;0
"29/07/2013";"08:02:00";"22";"com vítima";"281.57";"BR-393/RJ";"Sul";"Abalroamento Mesmo Sentido ";1;0;0;0;1;0;0;0;0;0;1;1;0;0;0
"29/07/2013";"07:05:00";"74";"sem vítima";"285.51";"BR-393/RJ";"Sul";"Colisão Lateral";1;0;1;0;0;0;0;0;0;0;2;0;0;0;0
"29/07/2013";"07:26:00";"75";"com vítima";"157.85";"BR-393/RJ";"Sul";"Saida de Pista";1;0;0;0;0;0;0;0;0;0;0;0;1;0;0
"30/07/2013";"09:47:00";"30";"sem vítima";"233.92";"BR-393/RJ";"Sul";"Colisão Lateral";1;0;0;0;1;0;0;0;0;0;40;0;0;0;0
"30/07/2013";"09:51:00";"31";"sem vítima";"193.05";"BR-393/RJ";"Norte";"Colisão Lateral";2;0;0;0;0;0;0;0;0;0;6;0;0;0;0
"30/07/2013";"03:05:00";"66";"com vítima";"220.82";"BR-393/RJ";"Norte";"Capotamento";1;0;0;0;0;0;0;0;0;0;1;3;2;0;0
"30/07/2013";"04:11:00";"75";"sem vítima";"196.74";"BR-393/RJ";"Sul";"Saida de Pista";1;0;0;0;0;0;0;0;0;0;1;0;0;0;0
"30/07/2013";"04:14:00";"77";"com vítima";"255.75";"BR-393/RJ";"Norte";"Colisão Transversal";0;0;1;0;0;0;0;0;0;1;2;1;0;0;0
"30/07/2013";"11:37:00";"90";"sem vítima";"282.94";"BR-393/RJ";"Sul";"Choque - Defensa, barreira ou "submarino"";1;0;0;0;1;0;0;0;0;0;12;0;0;0;0
"31/07/2013";"12:02:00";"1";"com vítima";"246.048";"BR-393/RJ";"Norte";"Tombamento";0;0;3;0;0;0;0;0;0;0;0;3;0;0;0
"31/07/2013";"05:39:00";"59";"sem vítima";"285";"BR-393/RJ";"Sul";"Abalroamento Mesmo Sentido ";1;0;1;0;0;0;0;0;0;0;2;0;0;0;0
"01/08/2013";"07:03:00";"13";"com vítima";"136.36";"BR-393/RJ";"Sul";"Choque - Arvore";0;0;0;0;0;0;0;0;0;1;0;1;0;0;0
"01/08/2013";"10:03:00";"22";"com vítima";"281.49";"BR-393/RJ";"Norte";"Colisão Lateral";2;0;0;0;0;0;0;0;0;0;1;1;1;0;0
"01/08/2013";"11:20:00";"75";"com vítima";"179.375";"BR-393/RJ";"Sul";"Colisão Traseira";0;0;1;0;1;0;0;0;0;0;37;1;0;0;0
"02/08/2013";"05:44:00";"18";"com vítima";"158.16";"BR-393/RJ";"Sul";"Colisão Traseira";1;0;1;0;0;0;0;0;0;0;1;3;0;0;0
"02/08/2013";"01:11:00";"47";"sem vítima";"117.21";"BR-393/RJ";"Norte";"Colisão Traseira";0;0;1;0;0;0;0;0;0;1;2;0;0;0;0
"02/08/2013";"06:44:00";"75";"sem vítima";"285.5";"BR-393/RJ";"Sul";"Colisão Lateral";1;0;1;0;0;0;0;0;0;0;2;0;0;0;0
"03/08/2013";"11:52:00";"45";"sem vítima";"167.29";"BR-393/RJ";"Norte";"Saida de Pista";1;0;0;0;0;0;0;0;0;0;2;0;0;0;0
"03/08/2013";"03:21:00";"57";"com vítima";"168.745";"BR-393/RJ";"Norte";"Outros - Sequência";0;1;0;1;0;0;0;0;0;0;1;2;0;0;0
"03/08/2013";"08:13:00";"71";"com vítima";"281.122";"BR-393/RJ";"Sul";"Abalroamento Mesmo Sentido ";0;1;0;1;0;0;0;0;0;0;0;1;1;0;0
"03/08/2013";"10:33:00";"79";"sem vítima";"201.09";"BR-393/RJ";"Sul";"Atropelamento de Animal";1;0;0;0;0;0;0;0;0;0;1;0;0;0;0
"04/08/2013";"10:16:00";"25";"sem vítima";"285.3";"BR-393/RJ";"Sul";"Abalroamento Mesmo Sentido ";2;0;0;0;0;0;0;0;0;0;2;0;0;0;0
"04/08/2013";"10:48:00";"51";"sem vítima";"105.944";"BR-393/RJ";"Norte";"Abalroamento Sentido Oposto";2;0;0;0;0;0;0;0;0;0;2;0;0;0;0
"05/08/2013";"07:49:00";"20";"com vítima";"239.18";"BR-393/RJ";"Norte";"Queda de Moto";0;0;0;1;0;0;0;0;0;0;0;2;0;0;0
"05/08/2013";"01:35:00";"45";"com vítima";"209.17";"BR-393/RJ";"Sul";"Capotamento";1;0;0;0;0;0;0;0;0;0;0;1;0;0;0
"05/08/2013";"05:34:00";"52";"com vítima";"285.5";"BR-393/RJ";"Sul";"Abalroamento Mesmo Sentido ";1;0;1;0;0;0;0;0;0;0;1;1;0;0;0
"05/08/2013";"06:41:00";"57";"sem vítima";"105.94";"BR-393/RJ";"Sul";"Colisão Traseira";1;0;0;0;0;0;0;0;0;1;2;0;0;0;0
"06/08/2013";"02:55:00";"11";"com vítima";"215.227";"BR-393/RJ";"Sul";"Tombamento";0;0;1;0;0;0;0;0;0;0;0;3;0;0;0
"06/08/2013";"10:23:00";"26";"com vítima";"272.141";"BR-393/RJ";"Norte";"Saida de Pista";1;0;0;0;0;0;0;0;0;0;0;0;0;1;0
"06/08/2013";"03:41:00";"43";"com vítima";"172.21";"BR-393/RJ";"Norte";"Tombamento";0;0;1;0;0;0;0;0;0;0;0;1;0;0;0
"06/08/2013";"04:47:00";"51";"sem vítima";"235.4";"BR-393/RJ";"Sul";"Colisão Traseira";1;0;0;0;0;0;0;0;0;1;2;0;0;0;0
"07/08/2013";"02:40:00";"12";"com vítima";"0.774";"Alça Sul";"Sul";"Queda de Moto";0;0;0;1;0;0;0;0;0;0;0;1;0;0;0
"07/08/2013";"01:00:00";"51";"sem vítima";"192.21";"BR-393/RJ";"Norte";"Abalroamento Mesmo Sentido ";2;0;0;0;0;0;0;0;0;0;2;0;0;0;0
"07/08/2013";"01:08:00";"52";"com vítima";"276.96";"BR-393/RJ";"Norte";"Abalroamento Mesmo Sentido ";0;0;1;0;0;0;0;0;1;0;2;1;0;0;0
"08/08/2013";"10:30:00";"32";"sem vítima";"286";"BR-393/RJ";"Norte";"Colisão Traseira";1;0;1;0;0;0;0;0;0;0;2;0;0;0;0
"08/08/2013";"10:43:00";"34";"com vítima";"102";"BR-393/RJ";"Norte";"Atropelamento - Morador";1;0;0;0;0;0;0;0;0;0;2;1;0;0;0
"08/08/2013";"05:46:00";"59";"com vítima";"218.486";"BR-393/RJ";"Sul";"Capotamento";1;0;0;0;0;0;0;0;0;0;0;1;0;0;1
"08/08/2013";"10:40:00";"74";"com vítima";"184.64";"BR-393/RJ";"Norte";"Saida de Pista";1;0;0;0;0;0;0;0;0;0;1;3;0;0;0
"09/08/2013";"04:45:00";"12";"com vítima";"229.87";"BR-393/RJ";"Norte";"Capotamento";1;0;0;0;0;0;0;0;0;0;0;1;0;0;0
"09/08/2013";"07:08:00";"14";"com vítima";"284.38";"BR-393/RJ";"Sul";"Abalroamento Mesmo Sentido ";1;0;0;1;0;0;0;0;0;0;1;1;0;0;0
"09/08/2013";"07:08:00";"15";"sem vítima";"284.4";"BR-393/RJ";"Norte";"Colisão Traseira";1;0;1;0;0;0;0;0;0;0;2;0;0;0;0
"09/08/2013";"03:09:00";"51";"sem vítima";"139.6";"BR-393/RJ";"Sul";"Saida de Pista";1;0;0;0;0;0;0;0;0;0;1;0;0;0;0
"09/08/2013";"03:21:00";"52";"com vítima";"232.08";"BR-393/RJ";"Norte";"Colisão Lateral";1;0;0;0;0;0;0;0;0;1;1;3;0;0;0
"09/08/2013";"08:25:00";"78";"sem vítima";"217.96";"BR-393/RJ";"Norte";"Tombamento";0;0;1;0;0;0;0;0;0;0;1;0;0;0;0
"09/08/2013";"09:31:00";"80";"sem vítima";"195.11";"BR-393/RJ";"Norte";"Colisão Traseira";2;0;0;0;0;0;0;0;0;0;9;0;0;0;0
"09/08/2013";"11:18:00";"87";"com vítima";"123.5";"BR-393/RJ";"Sul";"Capotamento";1;0;0;0;0;0;0;0;0;0;0;1;0;0;0
"10/08/2013";"06:33:00";"15";"sem vítima";"285.45";"BR-393/RJ";"Sul";"Abalroamento Mesmo Sentido ";1;0;0;0;1;0;0;0;0;0;2;0;0;0;0
"11/08/2013";"04:37:00";"19";"com vítima";"274.57";"BR-393/RJ";"Sul";"Colisão Frontal";1;0;0;0;1;0;0;0;0;0;53;0;1;0;0
"11/08/2013";"05:51:00";"50";"com vítima";"155.58";"BR-393/RJ";"Sul";"Queda de Moto";0;0;0;1;0;0;0;0;0;0;0;0;1;0;0
"11/08/2013";"11:06:00";"68";"sem vítima";"133.925";"BR-393/RJ";"Norte";"Saida de Pista";1;0;0;0;0;0;0;0;0;0;1;0;0;0;0
"12/08/2013";"02:02:00";"11";"com vítima";"128.45";"BR-393/RJ";"Sul";"Choque - Arvore";0;0;0;0;1;0;0;0;0;0;34;8;0;1;0
"12/08/2013";"06:10:00";"20";"sem vítima";"217.49";"BR-393/RJ";"Norte";"Saida de Pista";0;0;1;0;0;0;0;0;0;0;1;0;0;0;0
"12/08/2013";"10:18:00";"33";"sem vítima";"114";"BR-393/RJ";"Sul";"Colisão Traseira";2;0;0;0;0;0;0;0;0;0;5;0;0;0;0
"12/08/2013";"11:35:00";"47";"sem vítima";"285.475";"BR-393/RJ";"Norte";"Colisão Transversal";1;0;1;0;0;0;0;0;0;0;2;0;0;0;0
"12/08/2013";"04:06:00";"75";"sem vítima";"286.4";"BR-393/RJ";"Norte";"Queda de Moto";0;0;0;1;0;0;0;0;0;0;1;0;0;0;0
"13/08/2013";"05:39:00";"74";"com vítima";"175.74";"BR-393/RJ";"Norte";"Colisão Traseira";2;0;0;0;0;0;0;0;0;0;2;1;0;0;0
"13/08/2013";"05:47:00";"75";"sem vítima";"285.49";"BR-393/RJ";"Sul";"Abalroamento Mesmo Sentido ";1;0;1;0;0;0;0;0;0;0;2;0;0;0;0
"13/08/2013";"07:59:00";"84";"com vítima";"285.45";"BR-393/RJ";"Sul";"Abalroamento Mesmo Sentido ";1;0;1;0;0;0;0;0;0;0;1;1;0;0;0
"14/08/2013";"08:06:00";"25";"com vítima";"227.975";"BR-393/RJ";"Norte";"Tombamento";0;0;1;0;0;0;0;0;0;0;0;1;0;0;0
"14/08/2013";"12:40:00";"45";"com vítima";"285.595";"BR-393/RJ";"Norte";"Abalroamento Mesmo Sentido ";1;0;0;0;1;0;0;0;0;0;1;1;0;0;0
"14/08/2013";"03:17:00";"63";"com vítima";"259.86";"BR-393/RJ";"Norte";"Capotamento";1;0;0;0;0;0;0;0;0;0;0;1;0;0;0
"14/08/2013";"11:22:00";"77";"sem vítima";"215.9";"BR-393/RJ";"Sul";"Saida de Pista";1;0;0;0;0;0;0;0;0;0;1;0;0;0;0
"15/08/2013";"08:40:00";"24";"sem vítima";"285.4";"BR-393/RJ";"Norte";"Colisão Traseira";1;0;1;0;0;0;0;0;0;0;2;0;0;0;0
"15/08/2013";"08:18:00";"79";"sem vítima";"285.74";"BR-393/RJ";"Norte";"Colisão Transversal";2;0;0;0;0;0;0;0;0;0;2;0;0;0;0
"16/08/2013";"07:07:00";"16";"com vítima";"217.6";"BR-393/RJ";"Sul";"Colisão Transversal";1;0;0;1;0;0;0;0;0;0;4;0;0;1;0
"16/08/2013";"05:44:00";"60";"com vítima";"255.76";"BR-393/RJ";"Norte";"Colisão Transversal";0;0;1;1;0;0;0;0;0;0;1;0;1;0;0
"16/08/2013";"09:51:00";"72";"com vítima";"285.99";"BR-393/RJ";"Norte";"Colisão Lateral";1;0;1;0;0;0;0;0;0;0;1;1;0;0;0
"16/08/2013";"10:58:00";"74";"sem vítima";"181.45";"BR-393/RJ";"Sul";"Capotamento";1;0;0;0;0;0;0;0;0;0;1;0;0;0;0
"17/08/2013";"09:44:00";"22";"sem vítima";"107.638";"BR-393/RJ";"Norte";"Colisão Traseira";0;0;2;0;0;0;0;0;0;0;2;0;0;0;0
"17/08/2013";"11:12:00";"29";"com vítima";"280.233";"BR-393/RJ";"Norte";"Colisão Frontal";2;0;0;0;0;0;0;0;0;0;0;2;0;0;0
"17/08/2013";"04:40:00";"47";"com vítima";"157.19";"BR-393/RJ";"Sul";"Tombamento";0;0;1;0;0;0;0;0;0;0;0;1;0;0;0
"17/08/2013";"04:43:00";"48";"sem vítima";"133.56";"BR-393/RJ";"Sul";"Colisão Traseira";0;0;1;0;1;0;0;0;0;0;2;0;0;0;0
"18/08/2013";"02:32:00";"13";"com vítima";"240.35";"BR-393/RJ";"Norte";"Capotamento";1;0;0;0;0;0;0;0;0;0;0;4;0;0;0
"18/08/2013";"04:59:00";"37";"com vítima";"269.776";"BR-393/RJ";"Norte";"Colisão Frontal";2;0;0;0;0;0;0;0;0;0;0;0;0;1;3
"18/08/2013";"07:45:00";"47";"sem vítima";"279.68";"BR-393/RJ";"Sul";"Colisão Traseira";2;0;0;0;0;0;0;0;0;0;2;0;0;0;0
"19/08/2013";"06:47:00";"18";"sem vítima";"155.44";"BR-393/RJ";"Sul";"Saida de Pista";1;0;0;0;0;0;0;0;0;0;1;0;0;0;0
"20/08/2013";"03:50:00";"14";"com vítima";"201.356";"BR-393/RJ";"Norte";"Saida de Pista";0;0;1;0;0;0;0;0;0;0;0;0;0;0;1
"20/08/2013";"07:00:00";"20";"com vítima";"102";"BR-393/RJ";"Norte";"Atropelamento - Usuário";1;0;0;0;0;0;0;0;0;0;1;0;1;0;0
"20/08/2013";"01:39:00";"49";"com vítima";"266.298";"BR-393/RJ";"Norte";"Choque - Defensa, barreira ou "submarino"";0;0;1;0;0;0;0;0;0;0;0;1;0;0;0
"21/08/2013";"08:12:00";"18";"com vítima";"165.8";"BR-393/RJ";"Sul";"Queda de Moto";0;0;0;1;0;0;0;0;0;0;0;1;0;0;0
"21/08/2013";"04:22:00";"58";"com vítima";"215.228";"BR-393/RJ";"Sul";"Saida de Pista";0;0;1;0;0;0;0;0;0;0;0;1;0;0;0
"21/08/2013";"04:46:00";"60";"sem vítima";"214.69";"BR-393/RJ";"Sul";"Colisão Traseira";2;0;0;0;0;0;0;0;0;0;4;0;0;0;0
"21/08/2013";"05:01:00";"61";"sem vítima";"285.5";"BR-393/RJ";"Sul";"Abalroamento Mesmo Sentido ";1;0;1;0;0;0;0;0;0;0;2;0;0;0;0
"23/08/2013";"07:39:00";"17";"com vítima";"102.614";"BR-393/RJ";"Norte";"Colisão Traseira";0;0;1;1;0;0;0;0;0;0;2;2;0;0;0
"23/08/2013";"08:42:00";"23";"sem vítima";"285.597";"BR-393/RJ";"Sul";"Colisão Traseira";1;0;1;0;0;0;0;0;0;0;3;0;0;0;0
"23/08/2013";"11:51:00";"45";"com vítima";"274.14";"BR-393/RJ";"Sul";"Tombamento";0;0;1;0;0;0;0;0;0;0;0;1;0;0;0
"23/08/2013";"06:01:00";"74";"sem vítima";"282.5";"BR-393/RJ";"Norte";"Colisão Traseira";2;0;0;0;0;0;0;0;0;0;2;0;0;0;0
"23/08/2013";"07:03:00";"81";"com vítima";"176.848";"BR-393/RJ";"Norte";"Colisão Lateral";2;0;0;0;0;0;0;0;0;0;0;0;2;0;0
"23/08/2013";"08:12:00";"83";"sem vítima";"101.9";"BR-393/RJ";"Norte";"Colisão Traseira";2;0;0;0;0;0;0;0;0;0;5;0;0;0;0
"24/08/2013";"04:47:00";"14";"com vítima";"281.87";"BR-393/RJ";"Sul";"Saida de Pista";0;0;1;0;0;0;0;0;0;0;0;0;0;1;0
"24/08/2013";"12:21:00";"30";"com vítima";"282.38";"BR-393/RJ";"Norte";"Colisão Lateral";1;0;0;1;0;0;0;0;0;0;1;1;0;0;0
"24/08/2013";"02:46:00";"42";"com vítima";"182.365";"BR-393/RJ";"Sul";"Colisão Transversal";1;0;0;1;0;0;0;0;0;0;1;1;1;0;0
"24/08/2013";"09:13:00";"62";"sem vítima";"103.69";"BR-393/RJ";"Sul";"Colisão Traseira";1;0;1;0;0;0;0;0;0;0;3;0;0;0;0
"24/08/2013";"11:31:00";"68";"com vítima";"167.727";"BR-393/RJ";"Norte";"Engavetamento";2;0;0;0;0;1;0;0;0;1;21;2;0;0;0
"25/08/2013";"04:29:00";"15";"com vítima";"286";"BR-393/RJ";"Norte";"Colisão Traseira";2;0;0;0;0;0;0;0;0;0;1;0;1;0;0
"25/08/2013";"06:06:00";"17";"com vítima";"239.52";"BR-393/RJ";"Norte";"Choque - Defensa, barreira ou "submarino"";1;0;0;0;0;0;0;0;0;0;0;1;0;0;0
"25/08/2013";"09:58:00";"27";"sem vítima";"135.47";"BR-393/RJ";"Norte";"Colisão Traseira";1;0;1;0;0;0;0;0;0;0;3;0;0;0;0
"26/08/2013";"08:26:00";"19";"sem vítima";"285.545";"BR-393/RJ";"Sul";"Colisão Traseira";1;0;1;0;0;0;0;0;0;0;2;0;0;0;0
"26/08/2013";"10:18:00";"29";"sem vítima";"258.272";"BR-393/RJ";"Sul";"Colisão Traseira";2;0;0;0;0;0;0;0;0;0;2;0;0;0;0
"26/08/2013";"06:50:00";"63";"sem vítima";"171.287";"BR-393/RJ";"Sul";"Colisão Transversal";1;0;0;0;0;0;1;0;0;0;2;0;0;0;0
"27/08/2013";"09:35:00";"27";"sem vítima";"168.802";"BR-393/RJ";"Norte";"Colisão Traseira";2;0;0;0;0;0;0;0;0;0;2;0;0;0;0
"27/08/2013";"11:32:00";"35";"com vítima";"137.7";"BR-393/RJ";"Sul";"Colisão Traseira";1;0;0;1;0;0;0;0;0;0;1;0;1;0;0
"27/08/2013";"06:29:00";"64";"sem vítima";"127.855";"BR-393/RJ";"Sul";"Atropelamento de Animal";0;0;0;0;0;0;0;0;0;1;1;0;0;0;0
"28/08/2013";"03:04:00";"47";"sem vítima";"282.38";"BR-393/RJ";"Norte";"Engavetamento";4;0;0;0;0;0;0;0;0;0;4;0;0;0;0
"28/08/2013";"07:14:00";"59";"com vítima";"279.705";"BR-393/RJ";"Sul";"Colisão Frontal";1;0;0;1;0;0;0;0;0;0;1;2;0;0;0
"29/08/2013";"04:54:00";"60";"com vítima";"186.78";"BR-393/RJ";"Norte";"Colisão Traseira";1;0;1;0;0;0;0;0;0;0;1;1;0;0;0
"30/08/2013";"08:38:00";"20";"com vítima";"266";"BR-393/RJ";"Sul";"Tombamento";0;0;1;0;0;0;0;0;0;0;1;1;0;0;0
"30/08/2013";"04:07:00";"52";"sem vítima";"284.1";"BR-393/RJ";"Norte";"Colisão Traseira";2;0;0;0;0;0;0;0;0;0;2;0;0;0;0
"30/08/2013";"05:12:00";"56";"sem vítima";"285";"BR-393/RJ";"Norte";"Colisão Traseira";2;0;0;0;0;0;0;0;0;0;2;0;0;0;0
"30/08/2013";"06:37:00";"65";"sem vítima";"279.6";"BR-393/RJ";"Sul";"Colisão Transversal";2;0;0;0;0;0;0;0;0;0;2;0;0;0;0
"30/08/2013";"07:16:00";"67";"sem vítima";"285.7";"BR-393/RJ";"Norte";"Colisão Traseira";2;0;0;0;0;0;0;0;0;0;2;0;0;0;0
"31/08/2013";"08:34:00";"26";"sem vítima";"211.29";"BR-393/RJ";"Norte";"Colisão Traseira";2;0;0;0;0;0;0;0;0;0;10;0;0;0;0
"31/08/2013";"07:47:00";"58";"sem vítima";"285.5";"BR-393/RJ";"Norte";"Colisão Lateral";1;0;1;0;0;0;0;0;0;0;2;0;0;0;0
"31/08/2013";"11:30:00";"72";"com vítima";"157.252";"BR-393/RJ";"Norte";"Capotamento";0;0;1;0;0;0;0;0;0;0;0;0;1;0;0
"01/09/2013";"12:12:00";"1";"sem vítima";"238.436";"BR-393/RJ";"Sul";"Saida de Pista";1;0;0;0;0;0;0;0;0;0;1;0;0;0;0
"01/09/2013";"06:36:00";"43";"sem vítima";"283.863";"BR-393/RJ";"Sul";"Engavetamento";3;0;0;0;0;0;0;0;0;0;3;0;0;0;0
"01/09/2013";"06:38:00";"44";"com vítima";"267";"BR-393/RJ";"Norte";"Colisão Lateral";1;0;1;0;0;0;0;0;0;0;1;2;0;0;0
"01/09/2013";"07:32:00";"49";"sem vítima";"285.497";"BR-393/RJ";"Sul";"Colisão Lateral";1;0;1;0;0;0;0;0;0;0;2;0;0;0;0
"03/09/2013";"10:10:00";"36";"com vítima";"285.6";"BR-393/RJ";"Sul";"Colisão Traseira";2;0;0;0;0;0;0;0;0;0;1;1;0;0;0
"04/09/2013";"07:43:00";"24";"sem vítima";"257.95";"BR-393/RJ";"Sul";"Choque - Defensa, barreira ou "submarino"";0;0;0;0;0;0;0;0;0;1;1;0;0;0;0
"04/09/2013";"10:38:00";"32";"com vítima";"181.39";"BR-393/RJ";"Sul";"Outros - Sequência";1;0;1;0;0;0;0;0;0;0;0;4;1;0;0
"04/09/2013";"05:24:00";"44";"com vítima";"267.245";"BR-393/RJ";"Sul";"Colisão Lateral";2;0;0;0;0;0;0;0;0;0;7;1;0;0;0
"04/09/2013";"08:20:00";"58";"com vítima";"175.598";"BR-393/RJ";"Norte";"Colisão Traseira";2;0;0;0;0;0;0;0;0;0;1;1;0;0;0
"04/09/2013";"09:19:00";"62";"com vítima";"127.4";"BR-393/RJ";"Norte";"Colisão Lateral";1;0;1;0;0;0;0;0;0;0;1;1;0;0;0
"05/09/2013";"07:24:00";"18";"sem vítima";"147.193";"BR-393/RJ";"Sul";"Colisão Traseira";0;0;2;0;0;0;0;0;0;0;5;0;0;0;0
"05/09/2013";"03:00:00";"40";"sem vítima";"285.602";"BR-393/RJ";"Sul";"Abalroamento Mesmo Sentido ";1;0;1;0;0;0;0;0;0;0;2;0;0;0;0
"05/09/2013";"06:43:00";"59";"sem vítima";"285.11";"BR-393/RJ";"Sul";"Colisão Traseira";2;0;0;0;0;0;0;0;0;0;2;0;0;0;0
"05/09/2013";"07:47:00";"67";"sem vítima";"215.8";"BR-393/RJ";"Sul";"Saida de Pista";0;0;1;0;0;0;0;0;0;0;1;0;0;0;0
"06/09/2013";"12:46:00";"5";"com vítima";"218.34";"BR-393/RJ";"Norte";"Saida de Pista";1;0;0;0;0;0;0;0;0;0;0;2;0;0;0
"06/09/2013";"01:39:00";"50";"com vítima";"182.215";"BR-393/RJ";"Sul";"Colisão Transversal";0;0;0;1;1;0;0;0;0;0;1;0;1;0;0
"06/09/2013";"02:26:00";"54";"com vítima";"285.51";"BR-393/RJ";"Sul";"Abalroamento Mesmo Sentido ";1;0;1;0;0;0;0;0;0;0;1;1;0;0;0
"06/09/2013";"04:45:00";"60";"com vítima";"118.96";"BR-393/RJ";"Norte";"Tombamento";0;0;1;0;0;0;0;0;0;0;0;1;0;0;0
"07/09/2013";"12:24:00";"9";"com vítima";"102.56";"BR-393/RJ";"Norte";"Colisão Transversal";1;0;0;1;0;0;0;0;0;0;1;1;0;0;0
"07/09/2013";"05:07:00";"15";"sem vítima";"108.2";"BR-393/RJ";"Norte";"Colisão Traseira";2;0;0;0;0;0;0;0;0;0;2;0;0;0;0
"07/09/2013";"07:37:00";"21";"sem vítima";"212.63";"BR-393/RJ";"Norte";"Outros";1;0;0;0;0;0;0;0;0;0;1;0;0;0;0
"07/09/2013";"12:30:00";"28";"com vítima";"269.274";"BR-393/RJ";"Norte";"Colisão Transversal";1;0;1;0;0;0;0;0;0;0;1;0;1;0;0
"07/09/2013";"12:57:00";"30";"com vítima";"102";"BR-393/RJ";"Sul";"Colisão Traseira";1;0;1;0;0;0;0;0;0;0;2;1;0;0;0
"07/09/2013";"06:53:00";"49";"sem vítima";"270.5";"BR-393/RJ";"Norte";"Atropelamento de Animal";1;0;0;0;0;0;0;0;0;0;1;0;0;0;0
"07/09/2013";"10:23:00";"55";"sem vítima";"249.18";"BR-393/RJ";"Sul";"Outros - Sequência";1;0;0;1;0;0;0;0;0;0;2;0;0;0;0
"08/09/2013";"12:17:00";"23";"com vítima";"224.316";"BR-393/RJ";"Norte";"Capotamento";1;0;0;0;0;0;0;0;0;0;2;3;0;0;0
"09/09/2013";"07:54:00";"20";"sem vítima";"284.507";"BR-393/RJ";"Sul";"Colisão Traseira";1;0;1;0;0;0;0;0;0;0;2;0;0;0;0
"09/09/2013";"12:58:00";"41";"sem vítima";"283.455";"BR-393/RJ";"Sul";"Colisão Traseira";2;0;0;0;0;0;0;0;0;0;2;0;0;0;0
"09/09/2013";"05:27:00";"74";"com vítima";"123.365";"BR-393/RJ";"Sul";"Colisão Traseira";1;0;1;0;0;0;0;0;0;0;6;1;0;0;0
"09/09/2013";"05:52:00";"77";"com vítima";"250.507";"BR-393/RJ";"Norte";"Colisão Frontal";2;0;0;0;0;0;0;0;0;0;0;2;0;0;0
"09/09/2013";"06:37:00";"81";"sem vítima";"175";"BR-393/RJ";"Norte";"Colisão Lateral";1;0;1;0;0;0;0;0;0;0;2;0;0;0;0
"10/09/2013";"08:10:00";"18";"com vítima";"124.425";"BR-393/RJ";"Norte";"Tombamento";0;0;1;0;0;0;0;0;0;0;0;0;1;0;0
"11/09/2013";"02:45:00";"54";"com vítima";"274.12";"BR-393/RJ";"Sul";"Tombamento";0;0;1;0;0;0;0;0;0;0;0;1;0;0;0
"12/09/2013";"10:33:00";"36";"sem vítima";"258.043";"BR-393/RJ";"Sul";"Colisão Frontal";2;0;0;0;0;0;0;0;0;0;3;0;0;0;0
"13/09/2013";"10:35:00";"36";"com vítima";"162.88";"BR-393/RJ";"Norte";"Colisão Traseira";0;0;1;0;1;0;0;0;0;0;2;1;0;0;0