data;horario;n_da_ocorrencia;tipo_de_ocorrencia;km;trecho;sentido;tipo_de_acidente;automovel;bicicleta;caminhao;moto;onibus;outros;tracao_animal;transporte_de_cargas_especiais;trator_maquinas;utilitarios;ilesos;levemente_feridos;moderadamente_feridos;gravemente_feridos;mortos
"13/09/2013";"10:57:00";"39";"com vítima";"134.57";"BR-393/RJ";"Sul";"Queda de Moto";0;0;0;1;0;0;0;0;0;0;0;1;1;0;0
"13/09/2013";"11:33:00";"41";"sem vítima";"236.8";"BR-393/RJ";"Norte";"Colisão Lateral";1;0;1;0;0;0;0;0;0;0;2;0;0;0;0
"13/09/2013";"02:20:00";"56";"sem vítima";"284.9";"BR-393/RJ";"Norte";"Colisão Traseira";2;0;0;0;0;0;0;0;0;0;2;0;0;0;0
"13/09/2013";"06:29:00";"74";"sem vítima";"264.64";"BR-393/RJ";"Norte";"Choque - Defensa, barreira ou "submarino"";1;0;0;0;0;0;0;0;0;0;2;0;0;0;0
"13/09/2013";"07:34:00";"81";"com vítima";"141.9";"BR-393/RJ";"Sul";"Queda de Moto";0;0;0;1;0;0;0;0;0;0;0;1;0;0;0
"14/09/2013";"01:39:00";"13";"sem vítima";"255.72";"BR-393/RJ";"Norte";"Colisão Lateral";1;0;1;0;0;0;0;0;0;0;3;0;0;0;0
"14/09/2013";"11:18:00";"31";"com vítima";"178.28";"BR-393/RJ";"Norte";"Colisão Lateral";0;0;0;1;0;0;0;0;0;1;1;0;1;0;0
"14/09/2013";"03:21:00";"45";"com vítima";"155.67";"BR-393/RJ";"Norte";"Queda de Moto";0;0;0;1;0;0;0;0;0;0;0;0;1;0;0
"15/09/2013";"03:26:00";"49";"com vítima";"248.06";"BR-393/RJ";"Norte";"Colisão Traseira";1;0;0;1;0;0;0;0;0;0;1;1;0;0;0
"16/09/2013";"09:51:00";"31";"com vítima";"170.65";"BR-393/RJ";"Norte";"Outros - Sequência";2;1;1;0;0;0;0;0;0;0;1;1;3;1;0
"16/09/2013";"11:35:00";"34";"sem vítima";"281.415";"BR-393/RJ";"Sul";"Colisão Traseira";2;0;0;0;0;0;0;0;0;0;2;0;0;0;0
"16/09/2013";"03:26:00";"54";"com vítima";"250.277";"BR-393/RJ";"Sul";"Colisão Frontal";1;0;0;0;0;0;0;0;0;0;0;1;0;0;0
"17/09/2013";"02:49:00";"56";"com vítima";"175.89";"BR-393/RJ";"Norte";"Colisão Traseira";1;0;0;1;0;0;0;0;0;0;1;0;1;0;0
"17/09/2013";"07:13:00";"75";"com vítima";"263.38";"BR-393/RJ";"Sul";"Choque - Suporte de Sinalização";1;0;0;0;0;0;0;0;0;0;0;1;0;0;0
"18/09/2013";"04:34:00";"57";"com vítima";"121.357";"BR-393/RJ";"Norte";"Tombamento";0;0;1;0;0;0;0;0;0;0;0;1;0;0;0
"19/09/2013";"04:11:00";"13";"com vítima";"105.9";"BR-393/RJ";"Sul";"Colisão Traseira";0;0;2;0;0;0;0;0;0;0;1;1;0;0;0
"19/09/2013";"06:58:00";"67";"sem vítima";"171.685";"BR-393/RJ";"Sul";"Colisão Transversal";0;0;2;0;0;0;0;0;0;0;3;0;0;0;0
"19/09/2013";"10:13:00";"76";"sem vítima";"175.93";"BR-393/RJ";"Norte";"Colisão Traseira";1;0;1;0;0;0;0;0;0;0;2;0;0;0;0
"20/09/2013";"05:18:00";"15";"com vítima";"259.16";"BR-393/RJ";"Sul";"Capotamento";0;0;0;0;0;0;0;0;0;1;0;0;0;0;1
"22/09/2013";"08:09:00";"24";"sem vítima";"125.85";"BR-393/RJ";"Norte";"Colisão Traseira";0;0;2;0;0;0;0;0;0;0;2;0;0;0;0
"22/09/2013";"10:44:00";"33";"com vítima";"274.373";"BR-393/RJ";"Norte";"Saida de Pista";1;0;0;0;0;0;0;0;0;0;0;1;0;0;0
"23/09/2013";"05:47:00";"14";"com vítima";"246.498";"BR-393/RJ";"Norte";"Saida de Pista";1;0;0;0;0;0;0;0;0;0;0;3;0;0;0
"23/09/2013";"04:01:00";"67";"com vítima";"254.05";"BR-393/RJ";"Norte";"Saida de Pista";1;0;0;0;0;0;0;0;0;0;0;1;0;0;0
"23/09/2013";"05:33:00";"74";"com vítima";"266.5";"BR-393/RJ";"Norte";"Outros - Sequência";1;0;3;0;1;0;0;0;0;0;0;5;1;0;0
"23/09/2013";"06:22:00";"76";"com vítima";"265";"BR-393/RJ";"Sul";"Colisão Traseira";0;0;1;0;0;0;0;0;0;1;2;1;0;0;0
"23/09/2013";"10:40:00";"84";"sem vítima";"155.5";"BR-393/RJ";"Norte";"Outros";0;0;1;0;0;0;0;0;0;0;2;0;0;0;0
"24/09/2013";"03:43:00";"62";"sem vítima";"139.69";"BR-393/RJ";"Norte";"Choque - Outros";1;0;0;0;0;0;0;0;0;0;2;0;0;0;0
"24/09/2013";"05:01:00";"67";"com vítima";"199.68";"BR-393/RJ";"Norte";"Saida de Pista";1;0;0;0;0;0;0;0;0;0;0;1;0;0;0
"24/09/2013";"05:35:00";"69";"com vítima";"218.54";"BR-393/RJ";"Sul";"Saida de Pista";1;0;0;0;0;0;0;0;0;0;0;2;0;0;0
"25/09/2013";"12:19:00";"42";"sem vítima";"268.463";"BR-393/RJ";"Norte";"Colisão Traseira";1;0;1;0;0;0;0;0;0;0;2;0;0;0;0
"25/09/2013";"07:58:00";"78";"com vítima";"267.528";"BR-393/RJ";"Sul";"Colisão Lateral";1;0;1;0;0;0;0;0;0;0;1;0;0;1;0
"26/09/2013";"05:47:00";"15";"com vítima";"261.424";"BR-393/RJ";"Sul";"Colisão Lateral";0;0;2;0;0;0;0;0;0;0;0;3;0;0;0
"26/09/2013";"11:08:00";"31";"com vítima";"285.2";"BR-393/RJ";"Norte";"Colisão Transversal";0;0;1;0;0;0;0;0;0;1;1;1;0;0;0
"26/09/2013";"11:14:00";"32";"com vítima";"202.9";"BR-393/RJ";"Sul";"Saida de Pista";1;0;0;0;0;0;0;0;0;0;0;1;0;0;0
"27/09/2013";"03:27:00";"12";"sem vítima";"230.79";"BR-393/RJ";"Norte";"Colisão Traseira";0;0;2;0;0;0;0;0;0;0;2;0;0;0;0
"27/09/2013";"07:42:00";"21";"sem vítima";"168.836";"BR-393/RJ";"Sul";"Colisão Lateral";2;0;0;0;0;0;0;0;0;0;2;0;0;0;0
"27/09/2013";"04:47:00";"68";"com vítima";"110.35";"BR-393/RJ";"Sul";"Engavetamento";2;0;1;0;0;0;0;0;0;0;4;1;0;0;0
"27/09/2013";"06:21:00";"78";"sem vítima";"236.74";"BR-393/RJ";"Sul";"Colisão Transversal";1;0;0;1;0;0;0;0;0;0;2;0;0;0;0
"27/09/2013";"10:05:00";"97";"com vítima";"143.46";"BR-393/RJ";"Norte";"Tombamento";0;0;1;0;0;0;0;0;0;0;0;1;0;0;0
"27/09/2013";"10:34:00";"100";"com vítima";"163.32";"BR-393/RJ";"Sul";"Choque - Talude";1;0;0;0;0;0;0;0;0;0;0;1;0;0;0
"28/09/2013";"03:30:00";"18";"sem vítima";"283.5";"BR-393/RJ";"Sul";"Choque - Suporte de Sinalização";1;0;0;0;0;0;0;0;0;0;1;0;0;0;0
"28/09/2013";"07:06:00";"23";"sem vítima";"235.16";"BR-393/RJ";"Sul";"Colisão Transversal";2;0;0;0;0;0;0;0;0;0;2;0;0;0;0
"28/09/2013";"10:06:00";"34";"sem vítima";"283.22";"BR-393/RJ";"Norte";"Engavetamento";3;0;0;0;0;0;0;0;0;0;3;0;0;0;0
"28/09/2013";"10:40:00";"40";"com vítima";"281.499";"BR-393/RJ";"Sul";"Colisão Frontal";1;0;0;1;0;0;0;0;0;0;1;0;1;1;0
"28/09/2013";"12:27:00";"43";"com vítima";"286";"BR-393/RJ";"Norte";"Colisão Traseira";2;0;1;0;0;0;0;0;0;0;2;1;0;0;0
"28/09/2013";"03:12:00";"54";"com vítima";"268.32";"BR-393/RJ";"Norte";"Colisão Lateral";2;0;0;0;0;0;0;0;0;0;5;1;0;0;0
"28/09/2013";"04:35:00";"62";"sem vítima";"283.19";"BR-393/RJ";"Norte";"Colisão Traseira";1;0;0;1;0;0;0;0;0;0;2;0;0;0;0
"29/09/2013";"01:57:00";"41";"com vítima";"246.071";"BR-393/RJ";"Norte";"Tombamento";1;0;1;0;0;0;0;0;0;0;0;1;0;1;0
"29/09/2013";"06:25:00";"51";"com vítima";"278.287";"BR-393/RJ";"Norte";"Colisão Lateral";0;1;0;1;0;0;0;0;0;0;0;1;2;0;0
"30/09/2013";"02:26:00";"7";"sem vítima";"169.07";"BR-393/RJ";"Norte";"Atropelamento de Animal";0;0;0;0;0;0;0;0;0;1;1;0;0;0;0
"30/09/2013";"03:37:00";"65";"com vítima";"200.88";"BR-393/RJ";"Norte";"Abalroamento Mesmo Sentido ";1;0;1;0;0;0;0;0;0;0;0;1;0;2;0
"30/09/2013";"06:44:00";"80";"com vítima";"2.66";"Alça Sul";"Sul";"Atropelamento de Animal";0;0;1;0;0;0;0;0;0;0;0;1;0;0;0
"30/09/2013";"09:47:00";"88";"sem vítima";"279.267";"BR-393/RJ";"Sul";"Colisão Traseira";2;0;0;0;0;0;0;0;0;0;2;0;0;0;0
"01/10/2013";"07:39:00";"16";"com vítima";"285.445";"BR-393/RJ";"Sul";"Colisão Traseira";2;0;0;0;0;0;0;0;0;0;0;2;0;0;0
"01/10/2013";"09:44:00";"22";"com vítima";"252.29";"BR-393/RJ";"Norte";"Engavetamento";3;0;0;0;0;0;0;0;0;0;2;1;0;0;0
"01/10/2013";"01:42:00";"48";"com vítima";"176.53";"BR-393/RJ";"Norte";"Colisão Traseira";0;0;2;0;0;0;0;0;0;0;2;2;0;0;0
"01/10/2013";"03:41:00";"56";"sem vítima";"284.29";"BR-393/RJ";"Sul";"Colisão Traseira";1;0;1;0;0;0;0;0;0;0;2;0;0;0;0
"01/10/2013";"09:20:00";"66";"com vítima";"181.65";"BR-393/RJ";"Norte";"Saida de Pista";0;0;0;0;0;0;0;0;0;1;0;1;0;0;0
"02/10/2013";"10:58:00";"39";"com vítima";"220.622";"BR-393/RJ";"Norte";"Capotamento";0;0;0;0;0;0;0;0;0;1;0;2;0;0;0
"02/10/2013";"02:09:00";"53";"sem vítima";"128.115";"BR-393/RJ";"Sul";"Choque - Talude";0;0;1;0;0;0;0;0;0;0;2;0;0;0;0
"03/10/2013";"07:21:00";"17";"com vítima";"214.952";"BR-393/RJ";"Sul";"Colisão Lateral";1;0;1;0;0;0;0;0;0;0;0;2;0;0;0
"03/10/2013";"12:21:00";"38";"com vítima";"272";"BR-393/RJ";"Sul";"Outros";1;0;0;1;0;0;0;0;0;0;1;0;1;0;0
"03/10/2013";"03:36:00";"55";"sem vítima";"212.423";"BR-393/RJ";"Norte";"Colisão Lateral";1;0;1;0;0;0;0;0;0;0;6;0;0;0;0
"03/10/2013";"08:33:00";"81";"sem vítima";"262.906";"BR-393/RJ";"Sul";"Capotamento";1;0;1;0;0;0;0;0;0;0;2;0;0;0;0
"03/10/2013";"09:04:00";"84";"sem vítima";"240.15";"BR-393/RJ";"Sul";"Saida de Pista";1;0;0;0;0;0;0;0;0;0;2;0;0;0;0
"04/10/2013";"09:40:00";"31";"sem vítima";"274.63";"BR-393/RJ";"Sul";"Outros - Sequência";0;0;2;0;0;0;0;0;0;0;3;0;0;0;0
"04/10/2013";"10:29:00";"32";"sem vítima";"265";"BR-393/RJ";"Norte";"Colisão Traseira";2;0;0;0;0;0;0;0;0;0;3;0;0;0;0
"04/10/2013";"02:34:00";"50";"com vítima";"172.17";"BR-393/RJ";"Norte";"Saida de Pista";1;0;0;0;0;0;0;0;0;0;0;2;0;1;0
"04/10/2013";"06:49:00";"61";"com vítima";"180.5";"BR-393/RJ";"Sul";"Atropelamento de Animal";1;0;0;0;0;0;0;0;0;0;0;1;0;0;0
"04/10/2013";"08:21:00";"65";"com vítima";"190.2";"BR-393/RJ";"Sul";"Colisão Frontal";2;0;0;1;0;0;0;0;0;0;0;1;0;1;1
"04/10/2013";"11:45:00";"71";"com vítima";"233.9";"BR-393/RJ";"Sul";"Colisão Traseira";2;0;0;0;0;0;0;0;0;0;2;1;0;0;0
"05/10/2013";"06:05:00";"20";"sem vítima";"114.519";"BR-393/RJ";"Sul";"Choque - Outros";1;0;0;0;0;0;0;0;0;0;1;0;0;0;0
"05/10/2013";"04:11:00";"53";"com vítima";"115.028";"BR-393/RJ";"Norte";"Tombamento";0;0;1;0;0;0;0;0;0;0;0;0;1;0;0
"06/10/2013";"03:21:00";"11";"sem vítima";"227.097";"BR-393/RJ";"Norte";"Saida de Pista";1;0;0;0;0;0;0;0;0;0;4;0;0;0;0
"06/10/2013";"08:50:00";"43";"sem vítima";"157.38";"BR-393/RJ";"Sul";"Colisão Lateral";1;0;1;0;0;0;0;0;0;0;3;0;0;0;0
"06/10/2013";"09:56:00";"44";"sem vítima";"282.95";"BR-393/RJ";"Sul";"Engavetamento";3;0;0;0;0;0;0;0;0;0;5;0;0;0;0
"07/10/2013";"09:46:00";"39";"sem vítima";"285.504";"BR-393/RJ";"Sul";"Abalroamento Mesmo Sentido ";1;0;1;0;0;0;0;0;0;0;2;0;0;0;0
"07/10/2013";"03:20:00";"50";"sem vítima";"252.435";"BR-393/RJ";"Norte";"Colisão Traseira";2;0;0;0;0;0;0;0;0;0;2;0;0;0;0
"09/10/2013";"09:00:00";"79";"sem vítima";"240.044";"BR-393/RJ";"Sul";"Abalroamento Mesmo Sentido ";0;0;1;0;1;0;0;0;0;0;2;0;0;0;0
"10/10/2013";"12:19:00";"38";"com vítima";"281.519";"BR-393/RJ";"Sul";"Colisão Traseira";0;0;0;2;0;0;0;0;0;0;0;2;0;0;0
"10/10/2013";"01:26:00";"51";"com vítima";"172.178";"BR-393/RJ";"Norte";"Tombamento";0;0;1;0;0;0;0;0;0;0;0;1;0;0;0
"10/10/2013";"01:29:00";"52";"com vítima";"236.65";"BR-393/RJ";"Sul";"Colisão Lateral";1;0;1;0;0;0;0;0;0;0;1;1;0;0;0
"10/10/2013";"01:38:00";"53";"sem vítima";"235.38";"BR-393/RJ";"Sul";"Colisão Traseira";1;0;1;0;0;0;0;0;0;0;2;0;0;0;0
"10/10/2013";"04:02:00";"59";"com vítima";"235.054";"BR-393/RJ";"Norte";"Engavetamento";3;0;0;0;0;0;0;0;0;0;6;2;0;0;0
"10/10/2013";"07:29:00";"72";"sem vítima";"178.258";"BR-393/RJ";"Sul";"Colisão Lateral";1;0;0;0;0;0;0;0;0;1;2;0;0;0;0
"11/10/2013";"02:03:00";"10";"sem vítima";"216.396";"BR-393/RJ";"Norte";"Colisão Lateral";1;0;0;0;1;0;0;0;0;0;2;0;0;0;0
"11/10/2013";"05:20:00";"54";"sem vítima";"195.05";"BR-393/RJ";"Sul";"Colisão Traseira";1;0;1;0;0;0;0;0;0;0;2;0;0;0;0
"11/10/2013";"08:21:00";"66";"sem vítima";"105.96";"BR-393/RJ";"Norte";"Colisão Transversal";1;0;0;1;0;0;0;0;0;0;4;0;0;0;0
"11/10/2013";"10:45:00";"73";"sem vítima";"101.9";"BR-393/RJ";"Norte";"Colisão Lateral";2;0;0;0;0;0;0;0;0;0;3;0;0;0;0
"12/10/2013";"03:04:00";"53";"com vítima";"141.485";"BR-393/RJ";"Sul";"Choque - Defensa, barreira ou "submarino"";1;0;0;0;0;0;0;0;0;0;0;1;0;0;0
"13/10/2013";"01:08:00";"3";"com vítima";"102.734";"BR-393/RJ";"Norte";"Capotamento";1;0;0;0;0;0;0;0;0;0;0;0;1;0;0
"13/10/2013";"02:28:00";"37";"com vítima";"235.162";"BR-393/RJ";"Norte";"Colisão Lateral";1;0;0;1;0;0;0;0;0;0;1;1;0;0;0
"14/10/2013";"06:58:00";"5";"com vítima";"134.615";"BR-393/RJ";"Sul";"Colisão Frontal";2;0;0;0;0;0;0;0;0;0;0;5;0;0;0
"14/10/2013";"07:28:00";"8";"sem vítima";"238.95";"BR-393/RJ";"Sul";"Colisão Traseira";1;0;1;0;0;0;0;0;0;0;2;0;0;0;0
"14/10/2013";"02:34:00";"32";"sem vítima";"103.866";"BR-393/RJ";"Norte";"Engavetamento";3;0;0;0;0;0;0;0;0;0;7;0;0;0;0
"15/10/2013";"11:07:00";"35";"com vítima";"191.833";"BR-393/RJ";"Sul";"Outros - Sequência";1;0;1;0;0;0;0;0;0;0;3;1;0;0;0
"15/10/2013";"06:25:00";"67";"sem vítima";"128.528";"BR-393/RJ";"Sul";"Colisão Lateral";0;0;2;0;0;0;0;0;0;0;2;0;0;0;0
"15/10/2013";"07:22:00";"71";"sem vítima";"115.068";"BR-393/RJ";"Norte";"Saida de Pista";0;0;1;0;0;0;0;0;0;0;1;0;0;0;0
"16/10/2013";"05:47:00";"13";"com vítima";"274.107";"BR-393/RJ";"Norte";"Colisão Traseira";1;0;1;0;0;0;0;0;0;0;1;1;0;0;0
"16/10/2013";"04:09:00";"57";"com vítima";"218.35";"BR-393/RJ";"Norte";"Colisão Frontal";0;0;2;0;0;0;0;0;0;0;0;0;0;1;1
"16/10/2013";"07:48:00";"64";"sem vítima";"283.6";"BR-393/RJ";"Sul";"Outros - Sequência";3;0;0;0;0;0;0;0;0;0;4;0;0;0;0
"16/10/2013";"07:51:00";"65";"com vítima";"177.7";"BR-393/RJ";"Sul";"Colisão Traseira";2;0;0;0;0;0;0;0;0;0;0;3;0;0;0
"16/10/2013";"09:53:00";"72";"com vítima";"136.8";"BR-393/RJ";"Norte";"Capotamento";1;0;0;0;0;0;0;0;0;0;0;1;0;0;0
"17/10/2013";"03:12:00";"45";"sem vítima";"285.6";"BR-393/RJ";"Sul";"Colisão Traseira";2;0;0;0;0;0;0;0;0;0;2;0;0;0;0
"17/10/2013";"07:06:00";"64";"com vítima";"280.07";"BR-393/RJ";"Norte";"Atropelamento - Usuário";1;0;0;0;0;0;0;0;0;0;1;1;0;0;0
"17/10/2013";"08:37:00";"68";"com vítima";"260.075";"BR-393/RJ";"Norte";"Tombamento";0;0;1;0;0;0;0;0;0;0;0;1;0;0;0
"18/10/2013";"10:05:00";"16";"com vítima";"187.44";"BR-393/RJ";"Sul";"Queda de Moto";0;0;0;1;0;0;0;0;0;0;0;1;0;0;0
"18/10/2013";"12:34:00";"22";"sem vítima";"283.236";"BR-393/RJ";"Norte";"Colisão Traseira";2;0;0;0;0;0;0;0;0;0;2;0;0;0;0
"18/10/2013";"06:29:00";"51";"com vítima";"238.622";"BR-393/RJ";"Norte";"Colisão Transversal";1;0;0;1;0;0;0;0;0;0;1;2;0;0;0
"19/10/2013";"03:36:00";"14";"sem vítima";"177.355";"BR-393/RJ";"Sul";"Saida de Pista";1;0;0;0;0;0;0;0;0;0;2;0;0;0;0
"19/10/2013";"11:15:00";"26";"sem vítima";"281.317";"BR-393/RJ";"Sul";"Colisão Traseira";2;0;0;0;0;0;0;0;0;0;2;0;0;0;0
"19/10/2013";"02:16:00";"37";"com vítima";"1.9939";"Alça Sul";"Sul";"Colisão Transversal";2;0;0;0;0;0;0;0;0;0;1;0;1;0;0
"20/10/2013";"01:54:00";"1";"com vítima";"172.095";"BR-393/RJ";"Norte";"Atropelamento de Animal";1;0;0;0;0;0;0;0;0;0;0;1;0;0;0
"20/10/2013";"07:57:00";"19";"sem vítima";"236.769";"BR-393/RJ";"Norte";"Abalroamento Mesmo Sentido ";1;0;1;0;0;0;0;0;0;0;2;0;0;0;0
"20/10/2013";"01:00:00";"39";"sem vítima";"232.06";"BR-393/RJ";"Norte";"Outros - Sequência";1;0;2;0;0;0;0;0;0;0;3;0;0;0;0
"20/10/2013";"08:46:00";"62";"com vítima";"218.37";"BR-393/RJ";"Sul";"Capotamento";1;0;0;0;0;0;0;0;0;0;4;0;1;0;0
"20/10/2013";"09:15:00";"65";"com vítima";"193.31";"BR-393/RJ";"Sul";"Atropelamento - Usuário";1;0;0;0;0;0;0;0;0;0;0;2;0;1;0
"21/10/2013";"10:25:00";"30";"com vítima";"110.966";"BR-393/RJ";"Norte";"Colisão Lateral";1;0;1;0;0;0;0;0;0;0;3;2;0;0;0
"21/10/2013";"10:53:00";"32";"com vítima";"189.607";"BR-393/RJ";"Sul";"Capotamento";1;0;0;0;0;0;0;0;0;0;0;1;0;0;0
"21/10/2013";"12:46:00";"35";"com vítima";"182.37";"BR-393/RJ";"Norte";"Colisão Lateral";1;0;1;0;0;0;0;0;0;0;2;1;0;0;0
"21/10/2013";"01:48:00";"39";"sem vítima";"286";"BR-393/RJ";"Sul";"Engavetamento";3;0;0;0;0;0;0;0;0;0;3;0;0;0;0
"21/10/2013";"09:59:00";"63";"com vítima";"140.885";"BR-393/RJ";"Sul";"Abalroamento Mesmo Sentido ";0;0;2;0;0;0;0;0;0;0;1;1;0;0;0
"22/10/2013";"07:08:00";"16";"sem vítima";"180.984";"BR-393/RJ";"Sul";"Colisão Traseira";2;0;0;0;0;0;0;0;0;0;2;0;0;0;0
"22/10/2013";"07:43:00";"18";"sem vítima";"281.62";"BR-393/RJ";"Sul";"Tombamento";0;0;1;0;0;0;0;0;0;0;1;0;0;0;0
"22/10/2013";"09:40:00";"79";"com vítima";"193.168";"BR-393/RJ";"Sul";"Atropelamento de Animal";0;0;2;0;0;0;0;0;0;0;1;2;0;0;0
"23/10/2013";"01:46:00";"37";"com vítima";"208.095";"BR-393/RJ";"Norte";"Queda de Moto";0;0;0;1;0;0;0;0;0;0;0;1;0;0;0
"24/10/2013";"05:59:00";"5";"sem vítima";"186.264";"BR-393/RJ";"Norte";"Atropelamento de Animal";0;0;1;0;0;0;0;0;0;0;1;0;0;0;0
"24/10/2013";"11:53:00";"32";"com vítima";"252.36";"BR-393/RJ";"Norte";"Colisão Lateral";2;0;0;0;0;0;0;0;0;0;1;3;0;0;0
"24/10/2013";"02:50:00";"44";"com vítima";"284.26";"BR-393/RJ";"Norte";"Engavetamento";2;0;1;0;1;0;0;0;0;0;8;1;0;0;0
"24/10/2013";"05:12:00";"55";"sem vítima";"286.4";"BR-393/RJ";"Norte";"Colisão Traseira";0;0;2;0;0;0;0;0;0;0;2;0;0;0;0
"24/10/2013";"06:42:00";"63";"com vítima";"272.59";"BR-393/RJ";"Norte";"Capotamento";1;0;0;0;0;0;0;0;0;0;0;2;0;0;0
"24/10/2013";"11:03:00";"74";"com vítima";"274.05";"BR-393/RJ";"Norte";"Outros - Sequência";0;0;2;0;0;0;0;0;0;0;0;2;0;0;0
"25/10/2013";"12:42:00";"1";"com vítima";"187.25";"BR-393/RJ";"Norte";"Atropelamento de Animal";0;0;1;0;0;0;0;0;0;0;0;1;0;0;0
"25/10/2013";"02:02:00";"39";"sem vítima";"175.72";"BR-393/RJ";"Norte";"Colisão Traseira";0;0;2;0;0;0;0;0;0;0;3;0;0;0;0
"25/10/2013";"05:47:00";"55";"com vítima";"181.3";"BR-393/RJ";"Norte";"Saida de Pista";1;0;0;0;0;0;0;0;0;0;0;2;0;0;0
"25/10/2013";"08:48:00";"62";"sem vítima";"125.7";"BR-393/RJ";"Norte";"Colisão Traseira";1;0;1;0;0;0;0;0;0;0;3;0;0;0;0
"26/10/2013";"10:20:00";"56";"sem vítima";"118.957";"BR-393/RJ";"Sul";"Saida de Pista";0;0;1;0;0;0;0;0;0;0;1;0;0;0;0
"27/10/2013";"07:04:00";"35";"sem vítima";"170.16";"BR-393/RJ";"Norte";"Choque - Defensa, barreira ou "submarino"";1;0;0;0;0;0;0;0;0;0;2;0;0;0;0
"28/10/2013";"07:04:00";"59";"com vítima";"203.36";"BR-393/RJ";"Norte";"Capotamento";1;0;0;0;0;0;0;0;0;0;0;0;0;0;1
"29/10/2013";"05:38:00";"11";"com vítima";"274.118";"BR-393/RJ";"Norte";"Atropelamento - Ciclista";0;1;1;0;0;0;0;0;0;0;1;0;1;0;0
"29/10/2013";"07:11:00";"14";"com vítima";"161.69";"BR-393/RJ";"Norte";"Choque - Defensa, barreira ou "submarino"";0;0;1;0;0;0;0;0;0;0;0;1;0;0;0
"29/10/2013";"07:43:00";"64";"com vítima";"182.385";"BR-393/RJ";"Sul";"Colisão Lateral";1;0;1;0;0;0;0;0;0;0;5;1;0;0;0
"31/10/2013";"03:09:00";"12";"com vítima";"285.99";"BR-393/RJ";"Sul";"Queda de Moto";0;0;0;1;0;0;0;0;0;0;0;1;1;0;0
"31/10/2013";"07:59:00";"18";"sem vítima";"265.1";"BR-393/RJ";"Norte";"Colisão Lateral";1;0;1;0;0;0;0;0;0;0;2;0;0;0;0
"31/10/2013";"10:23:00";"63";"com vítima";"143.65";"BR-393/RJ";"Norte";"Tombamento";0;0;1;0;0;0;0;0;0;0;0;1;0;0;0
"01/11/2013";"02:27:00";"5";"sem vítima";"282.09";"BR-393/RJ";"Norte";"Choque - Defensa, barreira ou "submarino"";1;0;0;0;0;0;0;0;0;0;1;0;0;0;0
"01/11/2013";"07:01:00";"23";"sem vítima";"255.85";"BR-393/RJ";"Norte";"Colisão Traseira";0;0;2;0;0;0;0;0;0;0;3;0;0;0;0
"01/11/2013";"02:24:00";"57";"sem vítima";"285.462";"BR-393/RJ";"Sul";"Abalroamento Mesmo Sentido ";1;0;1;0;0;0;0;0;0;0;2;0;0;0;0
"02/11/2013";"12:48:00";"2";"sem vítima";"243.68";"BR-393/RJ";"Sul";"Capotamento";1;0;0;0;0;0;0;0;0;0;1;0;0;0;0
"02/11/2013";"10:08:00";"64";"sem vítima";"284.49";"BR-393/RJ";"Norte";"Colisão Traseira";2;0;0;0;0;0;0;0;0;0;2;0;0;0;0
"03/11/2013";"04:48:00";"6";"com vítima";"256.12";"BR-393/RJ";"Sul";"Capotamento";1;0;0;0;0;0;0;0;0;0;0;1;0;0;0
"03/11/2013";"05:49:00";"7";"sem vítima";"285.413";"BR-393/RJ";"Norte";"Colisão Traseira";1;0;0;0;1;0;0;0;0;0;2;0;0;0;0
"03/11/2013";"01:10:00";"27";"sem vítima";"107.038";"BR-393/RJ";"Norte";"Choque - Outros";1;0;0;0;0;0;0;0;0;0;1;0;0;0;0
"03/11/2013";"04:49:00";"35";"sem vítima";"172.18";"BR-393/RJ";"Norte";"Tombamento";0;0;1;0;0;0;0;0;0;0;1;0;0;0;0
"04/11/2013";"10:16:00";"67";"com vítima";"280.23";"BR-393/RJ";"Norte";"Colisão Frontal";1;0;0;1;0;0;0;0;0;0;0;2;0;0;0
"05/11/2013";"01:18:00";"48";"com vítima";"201.863";"BR-393/RJ";"Norte";"Queda de Moto";0;0;0;1;0;0;0;0;0;0;0;2;0;0;0
"06/11/2013";"01:38:00";"1";"com vítima";"242.55";"BR-393/RJ";"Sul";"Choque - Defensa, barreira ou "submarino"";1;0;0;0;0;0;0;0;0;0;0;3;0;0;0
"06/11/2013";"10:41:00";"22";"com vítima";"129.098";"BR-393/RJ";"Norte";"Outros - Sequência";1;0;2;0;0;0;0;0;0;0;0;3;0;0;0
"06/11/2013";"11:00:00";"23";"sem vítima";"177.7";"BR-393/RJ";"Norte";"Choque - Outros";0;0;1;0;0;0;0;0;0;0;1;0;0;0;0
"06/11/2013";"03:55:00";"38";"com vítima";"232.12";"BR-393/RJ";"Norte";"Colisão Transversal";0;0;1;0;1;0;0;0;0;0;30;1;1;0;0
"06/11/2013";"08:32:00";"48";"sem vítima";"237.5";"BR-393/RJ";"Norte";"Saida de Pista";1;0;0;0;0;0;0;0;0;0;1;0;0;0;0
"07/11/2013";"04:23:00";"51";"sem vítima";"235.93";"BR-393/RJ";"Sul";"Colisão Traseira";2;0;0;0;0;0;0;0;0;0;3;0;0;0;0
"08/11/2013";"09:14:00";"24";"sem vítima";"285";"BR-393/RJ";"Sul";"Abalroamento Mesmo Sentido ";1;0;1;0;0;0;0;0;0;0;2;0;0;0;0
"08/11/2013";"09:24:00";"25";"sem vítima";"285.27";"BR-393/RJ";"Sul";"Abalroamento Mesmo Sentido ";1;0;1;0;0;0;0;0;0;0;2;0;0;0;0
"08/11/2013";"09:39:00";"27";"sem vítima";"285.285";"BR-393/RJ";"Sul";"Abalroamento Mesmo Sentido ";1;0;1;0;0;0;0;0;0;0;2;0;0;0;0