data;horario;n_da_ocorrencia;tipo_de_ocorrencia;km;trecho;sentido;tipo_de_acidente;automovel;bicicleta;caminhao;moto;onibus;outros;tracao_animal;transporte_de_cargas_especiais;trator_maquinas;utilitarios;ilesos;levemente_feridos;moderadamente_feridos;gravemente_feridos;mortos
"08/11/2013";"02:35:00";"55";"sem vítima";"285";"BR-393/RJ";"Norte";"Colisão Lateral";1;0;1;0;0;0;0;0;0;0;2;0;0;0;0
"08/11/2013";"05:12:00";"63";"com vítima";"286.001";"BR-393/RJ";"Sul";"Queda de Moto";0;0;0;1;0;0;0;0;0;0;0;1;0;0;0
"08/11/2013";"05:26:00";"64";"sem vítima";"265";"BR-393/RJ";"Sul";"Colisão Traseira";1;0;1;0;0;0;0;0;0;0;2;0;0;0;0
"08/11/2013";"07:26:00";"69";"sem vítima";"258.816";"BR-393/RJ";"Norte";"Choque - Elemento de Drenagem";2;0;0;0;0;0;0;0;0;0;2;0;0;0;0
"10/11/2013";"01:30:00";"5";"sem vítima";"285.5";"BR-393/RJ";"Sul";"Tombamento";1;0;0;0;0;0;0;0;0;0;1;0;0;0;0
"10/11/2013";"06:31:00";"45";"com vítima";"278";"BR-393/RJ";"Norte";"Capotamento";1;0;0;0;0;0;0;0;0;0;0;3;0;0;0
"10/11/2013";"08:03:00";"50";"sem vítima";"285.5";"BR-393/RJ";"Sul";"Colisão Lateral";1;0;1;0;0;0;0;0;0;0;2;0;0;0;0
"10/11/2013";"08:26:00";"53";"com vítima";"251.86";"BR-393/RJ";"Norte";"Colisão Transversal";2;0;0;0;0;0;0;0;0;0;1;1;0;0;0
"11/11/2013";"11:45:00";"28";"com vítima";"198.681";"BR-393/RJ";"Norte";"Capotamento";0;0;0;0;0;0;0;0;0;1;0;3;0;0;0
"11/11/2013";"02:02:00";"34";"com vítima";"231.909";"BR-393/RJ";"Norte";"Outros - Sequência";1;0;0;0;0;0;0;0;0;1;2;1;0;0;0
"11/11/2013";"04:54:00";"39";"sem vítima";"229.966";"BR-393/RJ";"Norte";"Colisão Traseira";1;0;1;0;0;0;0;0;0;0;2;0;0;0;0
"12/11/2013";"08:47:00";"17";"sem vítima";"285.488";"BR-393/RJ";"Sul";"Colisão Traseira";2;0;0;0;0;0;0;0;0;0;2;0;0;0;0
"12/11/2013";"12:39:00";"38";"sem vítima";"269";"BR-393/RJ";"Norte";"Colisão Lateral";0;0;1;0;0;0;0;0;0;1;2;0;0;0;0
"12/11/2013";"03:12:00";"49";"com vítima";"239.418";"BR-393/RJ";"Norte";"Saida de Pista";1;0;0;0;0;0;0;0;0;0;0;1;0;0;0
"12/11/2013";"08:05:00";"71";"com vítima";"239.912";"BR-393/RJ";"Sul";"Colisão Traseira";0;0;1;0;1;0;0;0;0;0;2;1;0;0;0
"13/11/2013";"05:46:00";"62";"sem vítima";"285.52";"BR-393/RJ";"Sul";"Abalroamento Mesmo Sentido ";1;0;1;0;0;0;0;0;0;0;2;0;0;0;0
"13/11/2013";"08:43:00";"70";"com vítima";"228.07";"BR-393/RJ";"Norte";"Tombamento";2;0;0;0;0;0;0;0;0;0;0;3;0;0;0
"14/11/2013";"05:39:00";"11";"com vítima";"225.3";"BR-393/RJ";"Norte";"Capotamento";1;0;0;0;0;0;0;0;0;0;1;0;1;0;0
"14/11/2013";"08:36:00";"15";"sem vítima";"285";"BR-393/RJ";"Sul";"Abalroamento Mesmo Sentido ";1;0;1;0;0;0;0;0;0;0;2;0;0;0;0
"14/11/2013";"09:44:00";"21";"sem vítima";"200.141";"BR-393/RJ";"Norte";"Capotamento";1;0;0;0;0;0;0;0;0;0;1;0;0;0;0
"14/11/2013";"09:18:00";"68";"sem vítima";"175";"BR-393/RJ";"Sul";"Abalroamento Mesmo Sentido ";2;0;0;0;0;0;0;0;0;0;6;0;0;0;0
"15/11/2013";"07:56:00";"12";"com vítima";"149.223";"BR-393/RJ";"Sul";"Outros - Sequência";2;0;1;0;0;0;0;0;0;0;5;5;0;0;0
"15/11/2013";"09:13:00";"18";"sem vítima";"122.92";"BR-393/RJ";"Norte";"Choque - Arvore";1;0;0;0;0;0;0;0;0;0;1;0;0;0;0
"15/11/2013";"09:39:00";"20";"com vítima";"286.39";"BR-393/RJ";"Norte";"Colisão Traseira";1;0;1;0;0;0;0;0;0;0;1;2;0;0;0
"15/11/2013";"11:31:00";"26";"sem vítima";"125";"BR-393/RJ";"Norte";"Colisão Traseira";1;0;1;0;0;0;0;0;0;0;6;0;0;0;0
"15/11/2013";"12:05:00";"29";"com vítima";"182.5";"BR-393/RJ";"Norte";"Colisão Transversal";2;0;0;0;0;0;0;0;0;0;0;6;0;0;0
"15/11/2013";"12:07:00";"30";"sem vítima";"155.55";"BR-393/RJ";"Norte";"Engavetamento";3;0;0;0;0;0;0;0;0;0;11;0;0;0;0
"16/11/2013";"12:50:00";"29";"com vítima";"274.148";"BR-393/RJ";"Norte";"Outros - Sequência";3;0;1;0;0;0;0;0;0;0;0;8;0;0;0
"16/11/2013";"07:21:00";"50";"com vítima";"235.165";"BR-393/RJ";"Norte";"Choque - Poste";1;0;0;1;0;0;0;0;0;0;1;0;1;0;0
"16/11/2013";"07:36:00";"51";"sem vítima";"234.795";"BR-393/RJ";"Sul";"Colisão Lateral";2;0;0;0;0;0;0;0;0;0;3;0;0;0;0
"16/11/2013";"08:41:00";"56";"com vítima";"282.297";"BR-393/RJ";"Norte";"Colisão Frontal";2;0;0;0;0;0;0;0;0;0;1;1;0;0;0
"16/11/2013";"09:06:00";"57";"com vítima";"229.797";"BR-393/RJ";"Sul";"Outros - Sequência";2;0;0;0;0;0;0;0;0;0;3;1;0;0;0
"17/11/2013";"04:55:00";"54";"com vítima";"181.7";"BR-393/RJ";"Sul";"Choque - Talude";1;0;0;0;0;0;0;0;0;0;1;2;0;0;0
"17/11/2013";"05:16:00";"56";"sem vítima";"235";"BR-393/RJ";"Sul";"Colisão Transversal";2;0;0;0;0;0;0;0;0;0;3;0;0;0;0
"17/11/2013";"05:50:00";"60";"sem vítima";"105.9";"BR-393/RJ";"Sul";"Colisão Traseira";2;0;0;0;0;0;0;0;0;0;6;0;0;0;0
"17/11/2013";"06:31:00";"62";"com vítima";"125.6";"BR-393/RJ";"Sul";"Colisão Traseira";2;0;0;0;0;0;0;0;0;0;2;3;0;0;0
"17/11/2013";"09:31:00";"70";"sem vítima";"221.484";"BR-393/RJ";"Sul";"Choque - Defensa, barreira ou "submarino"";1;0;0;0;0;0;0;0;0;0;3;0;0;0;0
"18/11/2013";"01:51:00";"3";"com vítima";"147";"BR-393/RJ";"Sul";"Saida de Pista";1;0;0;0;0;0;0;0;0;0;0;1;0;0;0
"18/11/2013";"01:31:00";"38";"sem vítima";"282.304";"BR-393/RJ";"Sul";"Colisão Traseira";1;0;1;0;0;0;0;0;0;0;2;0;0;0;0
"19/11/2013";"08:36:00";"11";"sem vítima";"285.481";"BR-393/RJ";"Sul";"Colisão Traseira";1;0;0;0;1;0;0;0;0;0;2;0;0;0;0
"19/11/2013";"12:10:00";"25";"sem vítima";"245";"BR-393/RJ";"Norte";"Colisão Traseira";1;0;0;0;1;0;0;0;0;0;2;0;0;0;0
"19/11/2013";"05:43:00";"53";"com vítima";"279";"BR-393/RJ";"Norte";"Atropelamento - Ciclista";0;1;1;0;0;0;0;0;0;0;1;1;0;0;0
"19/11/2013";"06:18:00";"57";"com vítima";"182.358";"BR-393/RJ";"Norte";"Colisão Traseira";0;0;0;0;1;0;0;0;0;1;5;2;0;0;0
"19/11/2013";"08:46:00";"68";"com vítima";"201.976";"BR-393/RJ";"Norte";"Colisão Lateral";1;0;1;0;0;0;0;0;0;0;1;2;0;0;0
"20/11/2013";"02:48:00";"11";"com vítima";"246.169";"BR-393/RJ";"Sul";"Colisão Frontal";0;0;2;0;0;0;0;0;0;0;0;1;1;1;0
"20/11/2013";"04:04:00";"12";"com vítima";"252.46";"BR-393/RJ";"Sul";"Choque - Defensa, barreira ou "submarino"";1;0;0;0;0;0;0;0;0;0;0;1;0;0;0
"20/11/2013";"11:44:00";"22";"sem vítima";"284.2";"BR-393/RJ";"Sul";"Colisão Lateral";1;0;0;0;1;0;0;0;0;0;2;0;0;0;0
"20/11/2013";"01:40:00";"27";"sem vítima";"177.6";"BR-393/RJ";"Sul";"Colisão Traseira";1;0;1;0;0;0;0;0;0;0;2;0;0;0;0
"20/11/2013";"04:31:00";"33";"com vítima";"274.076";"BR-393/RJ";"Norte";"Tombamento";0;0;1;0;1;0;0;0;0;0;0;0;10;5;4
"20/11/2013";"07:00:00";"36";"sem vítima";"107.476";"BR-393/RJ";"Sul";"Colisão Lateral";1;0;0;0;0;0;0;0;0;1;2;0;0;0;0
"21/11/2013";"07:59:00";"16";"sem vítima";"282.265";"BR-393/RJ";"Sul";"Engavetamento";3;0;0;0;0;0;0;0;0;0;4;0;0;0;0
"21/11/2013";"01:21:00";"42";"com vítima";"285";"BR-393/RJ";"Norte";"Colisão Transversal";2;0;0;0;0;0;0;0;0;0;0;5;0;0;0
"21/11/2013";"08:15:00";"67";"com vítima";"104.1";"BR-393/RJ";"Sul";"Colisão Lateral";1;0;1;0;0;0;0;0;0;0;2;0;0;2;0
"22/11/2013";"03:46:00";"49";"com vítima";"132.553";"BR-393/RJ";"Norte";"Colisão Traseira";1;0;0;0;0;0;0;0;0;1;3;1;0;0;0
"22/11/2013";"04:42:00";"57";"com vítima";"233.839";"BR-393/RJ";"Sul";"Choque - Poste";1;0;0;0;0;0;0;0;0;0;0;0;1;0;0
"22/11/2013";"06:37:00";"63";"sem vítima";"130";"BR-393/RJ";"Sul";"Saida de Pista";1;0;0;0;0;0;0;0;0;0;2;0;0;0;0
"22/11/2013";"06:55:00";"64";"com vítima";"201.45";"BR-393/RJ";"Sul";"Capotamento";1;0;0;0;0;0;0;0;0;0;0;1;0;0;0
"22/11/2013";"07:01:00";"65";"sem vítima";"181.5";"BR-393/RJ";"Norte";"Abalroamento Sentido Oposto";0;0;2;0;0;0;0;0;0;0;2;0;0;0;0
"23/11/2013";"03:25:00";"6";"com vítima";"217.764";"BR-393/RJ";"Norte";"Tombamento";0;0;1;0;0;0;0;0;0;0;0;3;0;0;0
"23/11/2013";"07:29:00";"12";"sem vítima";"218";"BR-393/RJ";"Sul";"Choque - Defensa, barreira ou "submarino"";1;0;0;0;0;0;0;0;0;0;1;0;0;0;0
"23/11/2013";"07:36:00";"13";"sem vítima";"167.8";"BR-393/RJ";"Norte";"Colisão Traseira";0;0;1;0;0;0;0;0;0;1;2;0;0;0;0
"23/11/2013";"04:18:00";"42";"com vítima";"175.14";"BR-393/RJ";"Norte";"Saida de Pista";0;0;0;0;0;0;0;0;0;1;0;1;0;1;0
"23/11/2013";"06:09:00";"45";"sem vítima";"227.481";"BR-393/RJ";"Norte";"Choque - Talude";0;0;1;0;0;0;0;0;0;0;1;0;0;0;0
"23/11/2013";"08:01:00";"53";"sem vítima";"253.719";"BR-393/RJ";"Sul";"Saida de Pista";1;0;0;0;0;0;0;0;0;0;1;0;0;0;0
"23/11/2013";"08:52:00";"52";"sem vítima";"174.534";"BR-393/RJ";"Sul";"Choque - Elemento de Drenagem";1;0;0;0;0;0;0;0;0;0;1;0;0;0;0
"23/11/2013";"09:38:00";"57";"sem vítima";"255.327";"BR-393/RJ";"Sul";"Saida de Pista";1;0;0;0;0;0;0;0;0;0;1;0;0;0;0
"23/11/2013";"11:22:00";"58";"sem vítima";"284.423";"BR-393/RJ";"Sul";"Saida de Pista";1;0;0;0;0;0;0;0;0;0;1;0;0;0;0
"24/11/2013";"12:35:00";"12";"com vítima";"136.498";"BR-393/RJ";"Norte";"Saida de Pista";1;0;0;0;0;0;0;0;0;0;1;2;0;0;0
"24/11/2013";"06:30:00";"35";"com vítima";"199.818";"BR-393/RJ";"Norte";"Choque - Elemento de Drenagem";1;0;0;0;0;0;0;0;0;0;0;3;0;0;0
"24/11/2013";"09:48:00";"41";"com vítima";"235.635";"BR-393/RJ";"Norte";"Colisão Lateral";0;0;0;1;0;0;0;0;0;1;15;1;0;1;1
"25/11/2013";"02:16:00";"48";"com vítima";"229.765";"BR-393/RJ";"Norte";"Abalroamento Sentido Oposto";1;0;1;0;0;0;0;0;0;0;1;2;0;0;1
"26/11/2013";"01:56:00";"34";"com vítima";"183";"BR-393/RJ";"Norte";"Colisão Traseira";0;0;2;0;0;0;0;0;0;0;1;1;0;0;0
"26/11/2013";"07:31:00";"51";"sem vítima";"285";"BR-393/RJ";"Sul";"Colisão Transversal";1;0;0;0;1;0;0;0;0;0;2;0;0;0;0
"26/11/2013";"08:44:00";"53";"com vítima";"200.75";"BR-393/RJ";"Sul";"Choque - Defensa, barreira ou "submarino"";1;0;0;0;0;0;0;0;0;0;0;1;0;0;0
"27/11/2013";"11:15:00";"22";"sem vítima";"285.514";"BR-393/RJ";"Sul";"Colisão Lateral";1;0;1;0;0;0;0;0;0;0;2;0;0;0;0
"27/11/2013";"02:32:00";"40";"sem vítima";"286";"BR-393/RJ";"Norte";"Colisão Traseira";1;0;0;0;1;0;0;0;0;0;2;0;0;0;0
"28/11/2013";"04:02:00";"58";"com vítima";"268.111";"BR-393/RJ";"Norte";"Atropelamento - Ciclista";1;1;0;0;0;0;0;0;0;0;0;1;0;1;0
"28/11/2013";"04:48:00";"60";"sem vítima";"284.737";"BR-393/RJ";"Norte";"Colisão Traseira";2;0;0;0;0;0;0;0;0;0;2;0;0;0;0
"28/11/2013";"05:45:00";"70";"sem vítima";"283";"BR-393/RJ";"Norte";"Engavetamento";2;0;1;0;0;0;0;0;0;0;3;0;0;0;0
"29/11/2013";"09:23:00";"33";"sem vítima";"285.134";"BR-393/RJ";"Sul";"Colisão Traseira";1;0;0;1;0;0;0;0;0;0;2;0;0;0;0
"29/11/2013";"07:06:00";"85";"sem vítima";"286.1";"BR-393/RJ";"Norte";"Colisão Lateral";1;0;1;0;0;0;0;0;0;0;2;0;0;0;0
"29/11/2013";"07:29:00";"88";"sem vítima";"285";"BR-393/RJ";"Norte";"Colisão Lateral";1;0;1;0;0;0;0;0;0;0;2;0;0;0;0
"29/11/2013";"10:01:00";"100";"sem vítima";"285.5";"BR-393/RJ";"Sul";"Colisão Lateral";1;0;1;0;0;0;0;0;0;0;2;0;0;0;0
"30/11/2013";"03:13:00";"42";"sem vítima";"164.36";"BR-393/RJ";"Norte";"Choque - Outros";0;0;0;0;0;0;0;0;0;1;1;0;0;0;0
"30/11/2013";"03:30:00";"43";"sem vítima";"286.001";"BR-393/RJ";"Sul";"Colisão Traseira";2;0;0;0;0;0;0;0;0;0;2;0;0;0;0
"30/11/2013";"03:38:00";"44";"com vítima";"129.062";"BR-393/RJ";"Norte";"Saida de Pista";0;0;1;0;0;0;0;0;0;0;0;2;0;0;0
"01/12/2013";"04:26:00";"9";"com vítima";"250.9";"BR-393/RJ";"Norte";"Saida de Pista";1;0;0;0;0;0;0;0;0;0;0;2;0;0;0
"01/12/2013";"06:36:00";"33";"com vítima";"230.489";"BR-393/RJ";"Sul";"Queda de Moto";0;0;0;1;0;0;0;0;0;0;0;1;1;0;0
"01/12/2013";"07:58:00";"37";"com vítima";"284.887";"BR-393/RJ";"Sul";"Queda de Moto";0;0;0;1;0;0;0;0;0;0;0;1;0;0;0
"01/12/2013";"09:53:00";"45";"com vítima";"282.239";"BR-393/RJ";"Norte";"Colisão Frontal";0;0;0;1;0;0;0;0;0;1;0;1;0;1;0
"02/12/2013";"12:40:00";"11";"com vítima";"248.963";"BR-393/RJ";"Norte";"Choque - Poste";1;0;0;0;0;0;0;0;0;0;1;3;0;0;0
"02/12/2013";"06:31:00";"52";"sem vítima";"260.348";"BR-393/RJ";"Sul";"Saida de Pista";1;0;0;0;0;0;0;0;0;0;1;0;0;0;0
"02/12/2013";"08:18:00";"56";"com vítima";"280.162";"BR-393/RJ";"Norte";"Atropelamento - Morador";1;0;0;0;0;0;0;0;0;0;0;2;0;0;0
"03/12/2013";"09:03:00";"26";"com vítima";"182.7";"BR-393/RJ";"Norte";"Abalroamento Mesmo Sentido ";1;0;0;0;0;0;0;0;0;1;1;1;0;0;0
"03/12/2013";"06:02:00";"71";"sem vítima";"285";"BR-393/RJ";"Sul";"Outros - Sequência";1;0;1;0;1;0;0;0;0;0;3;0;0;0;0
"03/12/2013";"06:35:00";"73";"com vítima";"201";"BR-393/RJ";"Norte";"Outros - Sequência";0;0;3;0;0;0;0;0;0;0;0;2;0;1;0
"04/12/2013";"10:47:00";"34";"sem vítima";"2.6604";"Alça Sul";"Sul";"Colisão Traseira";1;0;0;0;0;0;0;0;0;1;2;0;0;0;0
"04/12/2013";"11:35:00";"38";"com vítima";"281.447";"BR-393/RJ";"Sul";"Saida de Pista";1;0;0;0;0;0;0;0;0;0;0;2;0;0;0
"04/12/2013";"12:20:00";"40";"com vítima";"168";"BR-393/RJ";"Norte";"Colisão Transversal";1;0;0;1;0;0;0;0;0;0;1;1;0;0;0
"04/12/2013";"04:48:00";"64";"sem vítima";"182";"BR-393/RJ";"Norte";"Colisão Lateral";1;0;1;0;0;0;0;0;0;0;2;0;0;0;0
"05/12/2013";"11:08:00";"22";"sem vítima";"102.1";"BR-393/RJ";"Norte";"Colisão Lateral";2;0;0;0;0;0;0;0;0;0;4;0;0;0;0
"05/12/2013";"03:35:00";"46";"com vítima";"124.561";"BR-393/RJ";"Norte";"Colisão Lateral";0;0;2;0;0;0;0;0;0;0;1;1;0;0;0
"05/12/2013";"04:32:00";"52";"sem vítima";"229";"BR-393/RJ";"Norte";"Colisão Lateral";1;0;0;0;1;0;0;0;0;0;36;0;0;0;0
"06/12/2013";"07:11:00";"17";"sem vítima";"285.453";"BR-393/RJ";"Sul";"Abalroamento Mesmo Sentido ";2;0;0;0;0;0;0;0;0;0;2;0;0;0;0
"06/12/2013";"08:18:00";"20";"com vítima";"157.255";"BR-393/RJ";"Sul";"Tombamento";0;0;1;0;0;0;0;0;0;0;0;2;0;0;0
"07/12/2013";"01:05:00";"11";"com vítima";"285.495";"BR-393/RJ";"Norte";"Colisão Transversal";1;0;1;0;0;0;0;0;0;0;2;1;0;0;0
"07/12/2013";"01:58:00";"14";"com vítima";"179.067";"BR-393/RJ";"Sul";"Choque - Talude";1;0;0;0;0;0;0;0;0;0;0;1;0;0;0
"07/12/2013";"09:40:00";"31";"com vítima";"164.215";"BR-393/RJ";"Norte";"Colisão Traseira";0;0;2;0;0;0;0;0;0;0;0;2;0;0;0
"07/12/2013";"01:05:00";"47";"com vítima";"169";"BR-393/RJ";"Sul";"Colisão Transversal";2;0;0;0;0;0;0;0;0;0;0;2;0;0;0
"07/12/2013";"01:32:00";"48";"sem vítima";"195";"BR-393/RJ";"Norte";"Engavetamento";2;0;1;0;0;0;0;0;0;0;5;0;0;0;0
"07/12/2013";"11:09:00";"80";"sem vítima";"285.5";"BR-393/RJ";"Sul";"Colisão Traseira";2;0;0;0;0;0;0;0;0;0;2;0;0;0;0
"08/12/2013";"12:40:00";"3";"com vítima";"168.8";"BR-393/RJ";"Sul";"Abalroamento Mesmo Sentido ";1;0;0;0;1;0;0;0;0;0;0;3;0;0;0
"09/12/2013";"12:25:00";"26";"sem vítima";"258.413";"BR-393/RJ";"Norte";"Colisão Lateral";0;0;1;0;0;0;0;0;0;1;8;0;0;0;0
"09/12/2013";"04:04:00";"41";"com vítima";"277.65";"BR-393/RJ";"Sul";"Choque - Arvore";1;0;0;0;0;0;0;0;0;0;0;0;0;2;2
"09/12/2013";"05:56:00";"49";"com vítima";"285.416";"BR-393/RJ";"Norte";"Colisão Lateral";0;0;1;1;0;0;0;0;0;0;0;2;0;0;0
"10/12/2013";"06:56:00";"19";"com vítima";"268.486";"BR-393/RJ";"Sul";"Colisão Transversal";1;0;1;0;0;0;0;0;0;0;2;0;1;0;0
"10/12/2013";"09:27:00";"28";"sem vítima";"285.465";"BR-393/RJ";"Norte";"Abalroamento Mesmo Sentido ";1;0;1;0;0;0;0;0;0;0;2;0;0;0;0
"10/12/2013";"03:28:00";"51";"com vítima";"285.405";"BR-393/RJ";"Norte";"Colisão Transversal";1;0;0;1;0;0;0;0;0;0;1;1;0;0;0
"10/12/2013";"03:47:00";"53";"com vítima";"177.736";"BR-393/RJ";"Norte";"Outros";1;0;0;0;0;0;0;0;0;0;0;2;0;1;0
"11/12/2013";"09:39:00";"23";"com vítima";"147.218";"BR-393/RJ";"Norte";"Tombamento";0;0;1;0;0;0;0;0;0;0;0;1;0;0;0
"11/12/2013";"12:34:00";"43";"sem vítima";"283.271";"BR-393/RJ";"Norte";"Colisão Frontal";1;0;1;0;0;0;0;0;0;0;2;0;0;0;0
"11/12/2013";"07:00:00";"59";"com vítima";"286";"BR-393/RJ";"Norte";"Colisão Traseira";1;0;0;0;1;0;0;0;0;0;0;2;0;0;0
"12/12/2013";"06:13:00";"49";"sem vítima";"284";"BR-393/RJ";"Sul";"Colisão Lateral";2;0;0;0;0;0;0;0;0;0;2;0;0;0;0
"13/12/2013";"02:40:00";"12";"com vítima";"161.7";"BR-393/RJ";"Sul";"Saida de Pista";1;0;0;0;0;0;0;0;0;0;0;1;0;0;0
"13/12/2013";"10:43:00";"30";"sem vítima";"176.61";"BR-393/RJ";"Norte";"Outros";0;0;1;0;0;0;0;0;0;0;1;0;0;0;0
"13/12/2013";"08:17:00";"65";"sem vítima";"157.228";"BR-393/RJ";"Norte";"Tombamento";0;0;1;0;0;0;0;0;0;0;1;0;0;0;0
"14/12/2013";"12:54:00";"2";"sem vítima";"270.659";"BR-393/RJ";"Norte";"Saida de Pista";1;0;0;0;0;0;0;0;0;0;1;0;0;0;0
"14/12/2013";"03:11:00";"13";"com vítima";"102.474";"BR-393/RJ";"Norte";"Colisão Frontal";1;0;0;0;0;0;0;0;0;1;2;2;0;0;0
"14/12/2013";"06:55:00";"21";"com vítima";"114.884";"BR-393/RJ";"Sul";"Tombamento";0;0;1;0;0;0;0;0;0;0;0;1;0;0;0
"14/12/2013";"12:35:00";"40";"sem vítima";"246.506";"BR-393/RJ";"Norte";"Colisão Traseira";1;0;1;0;0;0;0;0;0;0;2;0;0;0;0
"14/12/2013";"08:35:00";"77";"com vítima";"102.592";"BR-393/RJ";"Sul";"Colisão Lateral";1;0;0;1;0;0;0;0;0;0;2;0;1;0;0
"14/12/2013";"09:52:00";"81";"com vítima";"213.896";"BR-393/RJ";"Norte";"Capotamento";1;0;0;0;0;0;0;0;0;0;0;0;0;1;0
"14/12/2013";"10:05:00";"83";"com vítima";"168.569";"BR-393/RJ";"Sul";"Atropelamento - Morador";0;0;0;1;0;0;0;0;0;0;0;2;0;0;0
"14/12/2013";"11:40:00";"89";"com vítima";"168.728";"BR-393/RJ";"Sul";"Colisão Lateral";1;0;0;1;0;0;0;0;0;0;5;2;0;0;0
"15/12/2013";"02:53:00";"7";"com vítima";"246.33";"BR-393/RJ";"Norte";"Queda de Moto";0;0;0;1;0;0;0;0;0;0;0;0;0;1;0
"15/12/2013";"05:54:00";"11";"com vítima";"187.136";"BR-393/RJ";"Norte";"Colisão Frontal";0;0;1;0;0;0;0;0;0;1;0;3;0;0;0
"15/12/2013";"04:52:00";"47";"com vítima";"146";"BR-393/RJ";"Norte";"Colisão Traseira";2;0;0;0;0;0;0;0;0;0;6;1;0;0;0
"16/12/2013";"06:58:00";"16";"com vítima";"155.469";"BR-393/RJ";"Sul";"Tombamento";0;0;1;0;0;0;0;0;0;0;0;1;0;0;0
"16/12/2013";"08:30:00";"23";"sem vítima";"247.56";"BR-393/RJ";"Sul";"Colisão Traseira";2;0;0;0;0;0;0;0;0;0;2;0;0;0;0
"16/12/2013";"09:56:00";"35";"sem vítima";"245.6";"BR-393/RJ";"Sul";"Colisão Traseira";2;0;0;0;0;0;0;0;0;0;4;0;0;0;0
"16/12/2013";"11:39:00";"44";"com vítima";"167.4";"BR-393/RJ";"Norte";"Colisão Lateral";2;0;0;0;0;0;0;0;0;0;0;3;0;0;0
"16/12/2013";"02:11:00";"52";"com vítima";"279.685";"BR-393/RJ";"Sul";"Colisão Frontal";1;0;0;1;0;0;0;0;0;0;1;1;0;0;0
"16/12/2013";"05:45:00";"68";"sem vítima";"110.1";"BR-393/RJ";"Sul";"Saida de Pista";0;0;1;0;0;0;0;0;0;0;1;0;0;0;0
"18/12/2013";"06:47:00";"18";"com vítima";"114.5";"BR-393/RJ";"Norte";"Tombamento";0;0;1;0;0;0;0;0;0;0;0;0;1;0;0
"18/12/2013";"11:45:00";"38";"sem vítima";"285";"BR-393/RJ";"Sul";"Colisão Lateral";1;0;1;0;0;0;0;0;0;0;2;0;0;0;0
"18/12/2013";"11:47:00";"30";"com vítima";"129.66";"BR-393/RJ";"Norte";"Queda de Moto";0;0;0;1;0;0;0;0;0;0;0;1;0;0;0
"18/12/2013";"05:41:00";"52";"com vítima";"286";"BR-393/RJ";"Sul";"Queda de Bicicleta";0;1;0;0;0;0;0;0;0;0;0;1;0;0;0
"19/12/2013";"04:18:00";"60";"sem vítima";"182.117";"BR-393/RJ";"Norte";"Colisão Lateral";1;0;1;0;0;0;0;0;0;0;2;0;0;0;0
"19/12/2013";"06:50:00";"65";"sem vítima";"285.5";"BR-393/RJ";"Sul";"Colisão Lateral";1;0;1;0;0;0;0;0;0;0;2;0;0;0;0
"19/12/2013";"07:18:00";"66";"sem vítima";"285.7";"BR-393/RJ";"Sul";"Colisão Lateral";1;0;1;0;0;0;0;0;0;0;2;0;0;0;0
"19/12/2013";"08:18:00";"78";"sem vítima";"285";"BR-393/RJ";"Norte";"Colisão Traseira";2;0;0;0;0;0;0;0;0;0;2;0;0;0;0
"19/12/2013";"08:22:00";"79";"com vítima";"286";"BR-393/RJ";"Norte";"Outros - Sequência";2;0;0;1;0;0;0;0;0;0;3;1;0;0;0
"19/12/2013";"10:35:00";"87";"sem vítima";"233.956";"BR-393/RJ";"Norte";"Abalroamento Mesmo Sentido ";1;0;1;0;0;0;0;0;0;0;2;0;0;0;0
"20/12/2013";"12:26:00";"9";"com vítima";"178";"BR-393/RJ";"Norte";"Abalroamento Mesmo Sentido ";1;0;1;0;0;0;0;0;0;0;1;1;0;0;0
"20/12/2013";"01:06:00";"46";"com vítima";"285";"BR-393/RJ";"Sul";"Colisão Traseira";1;0;1;0;0;0;0;0;0;0;0;2;0;0;0
"20/12/2013";"01:46:00";"51";"com vítima";"125.822";"BR-393/RJ";"Norte";"Colisão Traseira";2;0;0;0;0;0;0;0;0;0;0;4;0;0;0
"20/12/2013";"05:00:00";"65";"com vítima";"184.963";"BR-393/RJ";"Norte";"Capotamento";1;0;0;0;0;0;0;0;0;0;0;1;0;0;0
"20/12/2013";"05:50:00";"68";"com vítima";"202";"BR-393/RJ";"Norte";"Outros - Sequência";2;0;1;0;0;0;0;0;0;0;3;1;0;0;0
"20/12/2013";"07:59:00";"79";"sem vítima";"164";"BR-393/RJ";"Norte";"Abalroamento Mesmo Sentido ";1;0;1;0;0;0;0;0;0;0;4;0;0;0;0
"20/12/2013";"09:59:00";"88";"com vítima";"102";"BR-393/RJ";"Sul";"Colisão Lateral";2;0;0;0;0;0;0;0;0;0;0;2;0;0;0
"21/12/2013";"08:00:00";"24";"sem vítima";"274";"BR-393/RJ";"Norte";"Choque - Defensa, barreira ou "submarino"";1;0;0;0;0;0;0;0;0;0;1;0;0;0;0
"21/12/2013";"11:19:00";"39";"sem vítima";"251.3";"BR-393/RJ";"Sul";"Colisão Lateral";2;0;0;0;0;0;0;0;0;0;2;0;0;0;0
"21/12/2013";"11:47:00";"45";"sem vítima";"279.6";"BR-393/RJ";"Norte";"Colisão Traseira";2;0;0;0;0;0;0;0;0;0;2;0;0;0;0
"21/12/2013";"01:25:00";"48";"com vítima";"249.6";"BR-393/RJ";"Norte";"Colisão Transversal";1;0;1;0;0;0;0;0;0;0;1;0;1;0;0
"21/12/2013";"02:07:00";"52";"sem vítima";"285";"BR-393/RJ";"Sul";"Colisão Lateral";1;0;1;0;0;0;0;0;0;0;3;0;0;0;0