data;horario;n_da_ocorrencia;tipo_de_ocorrencia;km;trecho;sentido;tipo_de_acidente;automovel;bicicleta;caminhao;moto;onibus;outros;tracao_animal;transporte_de_cargas_especiais;trator_maquinas;utilitarios;ilesos;levemente_feridos;moderadamente_feridos;gravemente_feridos;mortos
"21/12/2013";"02:59:00";"55";"sem vítima";"131.28";"BR-393/RJ";"Norte";"Abalroamento Mesmo Sentido ";1;0;0;0;1;0;0;0;0;0;4;0;0;0;0
"21/12/2013";"04:48:00";"62";"sem vítima";"1";"Alça Sul";"Sul";"Colisão Traseira";1;0;1;0;0;0;0;0;0;0;3;0;0;0;0
"21/12/2013";"07:18:00";"71";"sem vítima";"285";"BR-393/RJ";"Norte";"Colisão Traseira";1;0;1;0;0;0;0;0;0;0;2;0;0;0;0
"21/12/2013";"08:00:00";"73";"sem vítima";"125.822";"BR-393/RJ";"Norte";"Colisão Traseira";0;0;1;0;1;0;0;0;0;0;2;0;0;0;0
"21/12/2013";"08:13:00";"77";"com vítima";"105.062";"BR-393/RJ";"Norte";"Outros - Sequência";4;0;0;0;0;0;0;0;0;0;6;3;0;0;0
"21/12/2013";"10:31:00";"83";"com vítima";"167";"BR-393/RJ";"Norte";"Atropelamento - Ciclista";0;1;1;0;0;0;0;0;0;0;1;0;1;0;0
"21/12/2013";"10:56:00";"86";"com vítima";"114.375";"BR-393/RJ";"Norte";"Tombamento";0;0;1;0;0;0;0;0;0;0;0;1;0;0;0
"22/12/2013";"06:57:00";"13";"sem vítima";"196.961";"BR-393/RJ";"Norte";"Colisão Lateral";1;0;0;0;1;0;0;0;0;0;51;0;0;0;0
"22/12/2013";"07:46:00";"14";"sem vítima";"172";"BR-393/RJ";"Norte";"Saida de Pista";1;0;0;0;0;0;0;0;0;0;1;0;0;0;0
"22/12/2013";"10:46:00";"22";"com vítima";"197.551";"BR-393/RJ";"Sul";"Colisão Frontal";1;0;1;0;0;0;0;0;0;0;1;0;0;0;2
"22/12/2013";"04:31:00";"42";"com vítima";"258";"BR-393/RJ";"Norte";"Queda de Moto";0;0;0;1;0;0;0;0;0;0;0;2;0;0;0
"22/12/2013";"05:09:00";"44";"sem vítima";"240.063";"BR-393/RJ";"Sul";"Saida de Pista";1;0;0;0;0;0;0;0;0;0;2;0;0;0;0
"22/12/2013";"05:40:00";"46";"com vítima";"177.397";"BR-393/RJ";"Sul";"Queda de Moto";0;0;0;1;0;0;0;0;0;0;0;1;0;0;0
"22/12/2013";"07:57:00";"51";"com vítima";"250.5";"BR-393/RJ";"Norte";"Colisão Lateral";1;0;1;0;0;0;0;0;0;0;0;3;0;2;0
"23/12/2013";"01:36:00";"12";"com vítima";"123.637";"BR-393/RJ";"Norte";"Saida de Pista";1;0;0;0;0;0;0;0;0;0;1;1;0;0;0
"23/12/2013";"08:01:00";"19";"com vítima";"137.937";"BR-393/RJ";"Norte";"Capotamento";1;0;0;0;0;0;0;0;0;0;0;0;1;0;0
"23/12/2013";"08:51:00";"23";"com vítima";"217.48";"BR-393/RJ";"Norte";"Colisão Frontal";1;0;0;0;0;0;0;0;0;1;0;1;1;3;0
"23/12/2013";"12:31:00";"31";"com vítima";"130.233";"BR-393/RJ";"Norte";"Saida de Pista";1;0;0;0;0;0;0;0;0;0;0;1;0;0;0
"23/12/2013";"12:31:00";"32";"com vítima";"113.416";"BR-393/RJ";"Sul";"Capotamento";1;0;0;0;0;0;0;0;0;0;0;2;0;0;0
"23/12/2013";"04:59:00";"46";"sem vítima";"262.509";"BR-393/RJ";"Sul";"Tombamento";0;0;1;0;0;0;0;0;0;0;2;0;0;0;0
"24/12/2013";"01:00:00";"11";"sem vítima";"253";"BR-393/RJ";"Norte";"Saida de Pista";1;0;0;0;0;0;0;0;0;0;1;0;0;0;0
"24/12/2013";"07:29:00";"17";"sem vítima";"243.688";"BR-393/RJ";"Sul";"Capotamento";1;0;0;0;0;0;0;0;0;0;3;0;0;0;0
"24/12/2013";"04:28:00";"42";"com vítima";"286";"BR-393/RJ";"Norte";"Colisão Lateral";1;0;1;0;0;0;0;0;0;0;1;3;0;0;0
"25/12/2013";"11:36:00";"16";"com vítima";"227.544";"BR-393/RJ";"Norte";"Queda de Moto";0;0;0;1;0;0;0;0;0;0;0;0;1;0;0
"25/12/2013";"01:25:00";"23";"com vítima";"168.747";"BR-393/RJ";"Sul";"Colisão Lateral";2;0;0;0;0;0;0;0;0;0;0;8;0;0;0
"26/12/2013";"08:09:00";"18";"com vítima";"216.162";"BR-393/RJ";"Sul";"Queda de Moto";0;0;0;1;0;0;0;0;0;0;0;1;0;0;0
"26/12/2013";"10:31:00";"29";"com vítima";"226.074";"BR-393/RJ";"Norte";"Colisão Lateral";1;0;0;0;1;0;0;0;0;0;27;3;0;2;0
"27/12/2013";"07:59:00";"23";"com vítima";"208.621";"BR-393/RJ";"Norte";"Colisão Traseira";1;0;1;0;0;0;0;0;0;0;1;1;0;0;0
"27/12/2013";"01:21:00";"42";"com vítima";"127.6";"BR-393/RJ";"Sul";"Colisão Frontal";1;0;1;0;0;0;0;0;0;0;1;3;0;0;0
"28/12/2013";"06:46:00";"17";"com vítima";"193.53";"BR-393/RJ";"Sul";"Colisão Lateral";1;0;1;0;0;0;0;0;0;0;1;1;0;0;0
"28/12/2013";"05:21:00";"62";"sem vítima";"129.981";"BR-393/RJ";"Sul";"Saida de Pista";1;0;0;0;0;0;0;0;0;0;4;0;0;0;0
"29/12/2013";"11:54:00";"25";"com vítima";"268.493";"BR-393/RJ";"Norte";"Colisão Transversal";2;0;0;0;0;0;0;0;0;0;2;3;1;0;0
"29/12/2013";"02:05:00";"37";"sem vítima";"171.505";"BR-393/RJ";"Sul";"Colisão Traseira";2;0;0;0;0;0;0;0;0;0;5;0;0;0;0
"29/12/2013";"02:25:00";"39";"sem vítima";"106.236";"BR-393/RJ";"Sul";"Colisão Traseira";1;0;1;0;0;0;0;0;0;0;2;0;0;0;0
"29/12/2013";"09:14:00";"64";"com vítima";"225.376";"BR-393/RJ";"Norte";"Choque - Talude";1;0;0;0;0;0;0;0;0;0;0;0;1;0;0
"31/12/2013";"03:22:00";"12";"sem vítima";"168";"BR-393/RJ";"Sul";"Queda de moto";0;0;0;1;0;0;0;0;0;0;1;0;0;0;0
"31/12/2013";"11:46:00";"57";"sem vítima";"254.5";"BR-393/RJ";"Sul";"Abalroamento Sentido Oposto";2;0;0;0;0;0;0;0;0;0;4;0;0;0;0
"02/01/2014";"09:07:00";"20";"sem vítima";"253.425";"BR-393/RJ";"Norte";"Colisão Lateral";2;0;0;0;0;0;0;0;0;0;9;0;0;0;0
"02/01/2014";"12:52:00";"29";"com vítima";"163.851";"BR-393/RJ";"Sul";"Tombamento";0;0;1;0;0;0;0;0;0;0;0;1;0;0;0
"03/01/2014";"06:57:00";"14";"sem vítima";"284.482";"BR-393/RJ";"Sul";"Colisão Lateral";1;0;1;0;0;0;0;0;0;0;2;0;0;0;0
"03/01/2014";"03:30:00";"47";"com vítima";"272";"BR-393/RJ";"Sul";"Saida de Pista";1;0;0;0;0;0;0;0;0;0;0;4;0;0;0
"03/01/2014";"04:11:00";"55";"com vítima";"285";"BR-393/RJ";"Norte";"Colisão Transversal";1;0;0;1;0;0;0;0;0;0;1;1;0;0;0
"04/01/2014";"01:14:00";"12";"com vítima";"286.001";"BR-393/RJ";"Norte";"Colisão Lateral";1;0;0;1;0;0;0;0;0;0;1;1;0;0;0
"04/01/2014";"02:19:00";"47";"com vítima";"280.145";"BR-393/RJ";"Norte";"Colisão Frontal";2;0;0;0;0;0;0;0;0;0;0;3;0;0;0
"04/01/2014";"04:33:00";"59";"com vítima";"163";"BR-393/RJ";"Norte";"Engavetamento";2;0;1;0;0;0;0;0;0;0;2;3;0;0;0
"04/01/2014";"07:58:00";"67";"com vítima";"235.9";"BR-393/RJ";"Norte";"Colisão Lateral";2;0;0;0;0;0;0;0;0;0;1;1;0;0;0
"05/01/2014";"06:50:00";"16";"sem vítima";"280.165";"BR-393/RJ";"Sul";"Colisão Traseira";2;0;0;0;0;0;0;0;0;0;5;0;0;0;0
"06/01/2014";"03:59:00";"47";"com vítima";"181.038";"BR-393/RJ";"Sul";"Colisão Traseira";2;0;0;0;0;0;0;0;0;0;0;6;0;0;0
"06/01/2014";"05:23:00";"51";"sem vítima";"285.438";"BR-393/RJ";"Sul";"Colisão Traseira";1;0;0;0;1;0;0;0;0;0;2;0;0;0;0
"06/01/2014";"06:41:00";"55";"sem vítima";"285.469";"BR-393/RJ";"Sul";"Colisão Traseira";1;0;1;0;0;0;0;0;0;0;2;0;0;0;0
"07/01/2014";"10:55:00";"50";"com vítima";"236.791";"BR-393/RJ";"Sul";"Colisão Lateral";1;0;0;1;0;0;0;0;0;0;1;0;0;1;0
"08/01/2014";"08:14:00";"17";"com vítima";"159.602";"BR-393/RJ";"Norte";"Colisão Lateral";1;0;1;0;0;0;0;0;0;0;0;3;2;0;0
"08/01/2014";"10:02:00";"23";"sem vítima";"255.702";"BR-393/RJ";"Norte";"Colisão Traseira";1;0;1;0;0;0;0;0;0;0;2;0;0;0;0
"08/01/2014";"03:35:00";"45";"com vítima";"223.307";"BR-393/RJ";"Norte";"Outros - Sequência";2;0;0;0;0;0;0;0;0;0;5;1;0;0;0
"09/01/2014";"03:34:00";"51";"com vítima";"198.832";"BR-393/RJ";"Sul";"Queda de Moto";0;0;0;1;0;0;0;0;0;0;0;1;0;0;0
"10/01/2014";"05:59:00";"17";"sem vítima";"246";"BR-393/RJ";"Norte";"Colisão Traseira";2;0;0;0;0;0;0;0;0;0;5;0;0;0;0
"10/01/2014";"07:22:00";"19";"com vítima";"281.9";"BR-393/RJ";"Norte";"Colisão Transversal";1;0;0;1;0;0;0;0;0;0;1;1;0;0;0
"11/01/2014";"10:40:00";"20";"sem vítima";"124";"BR-393/RJ";"Norte";"Choque - Talude";1;0;0;0;0;0;0;0;0;0;2;0;0;0;0
"11/01/2014";"11:15:00";"23";"sem vítima";"200.546";"BR-393/RJ";"Sul";"Colisão Traseira";0;0;2;0;0;0;0;0;0;0;3;0;0;0;0
"11/01/2014";"01:13:00";"28";"com vítima";"177.1";"BR-393/RJ";"Norte";"Choque - Talude";1;0;0;0;0;0;0;0;0;0;0;2;0;0;0
"11/01/2014";"01:43:00";"33";"com vítima";"143";"BR-393/RJ";"Norte";"Colisão Transversal";2;0;0;0;0;0;0;0;0;0;3;1;0;0;0
"12/01/2014";"02:53:00";"13";"com vítima";"172.318";"BR-393/RJ";"Sul";"Choque - Defensa, barreira ou "submarino"";1;0;0;0;0;0;0;0;0;0;2;1;0;0;0
"12/01/2014";"09:19:00";"25";"com vítima";"181";"BR-393/RJ";"Sul";"Outros - Sequência";1;0;0;0;0;0;0;0;0;0;0;4;1;0;0
"13/01/2014";"12:55:00";"51";"sem vítima";"107.6";"BR-393/RJ";"Norte";"Choque - Outros";1;0;0;0;0;0;0;0;0;0;1;0;0;0;0
"13/01/2014";"03:47:00";"67";"com vítima";"284.228";"BR-393/RJ";"Norte";"Engavetamento";1;0;2;0;0;0;0;0;0;0;3;1;0;0;0
"13/01/2014";"05:10:00";"71";"sem vítima";"281";"BR-393/RJ";"Norte";"Colisão Lateral";0;0;1;0;1;0;0;0;0;0;2;0;0;0;0
"14/01/2014";"06:28:00";"11";"sem vítima";"143.316";"BR-393/RJ";"Norte";"Colisão Lateral";3;0;0;0;0;0;0;0;0;0;5;0;0;0;0
"15/01/2014";"05:10:00";"14";"sem vítima";"284.412";"BR-393/RJ";"Norte";"Choque - Outros";1;0;0;0;0;0;0;0;0;0;1;0;0;0;0
"15/01/2014";"06:51:00";"16";"com vítima";"212.835";"BR-393/RJ";"Norte";"Saida de Pista";0;0;1;0;0;0;0;0;0;0;0;1;1;0;0
"15/01/2014";"06:37:00";"54";"sem vítima";"280.174";"BR-393/RJ";"Norte";"Colisão Lateral";2;0;0;0;0;0;0;0;0;0;4;0;0;0;0
"16/01/2014";"03:35:00";"14";"sem vítima";"122.573";"BR-393/RJ";"Sul";"Atropelamento de Animal";0;0;1;0;0;0;0;0;0;0;1;0;0;0;0
"16/01/2014";"02:51:00";"61";"sem vítima";"286";"BR-393/RJ";"Sul";"Colisão Traseira";2;0;0;0;0;0;0;0;0;0;2;0;0;0;0
"16/01/2014";"04:51:00";"77";"com vítima";"235";"BR-393/RJ";"Sul";"Colisão Lateral";2;0;0;0;0;0;0;0;0;0;5;1;0;0;0
"17/01/2014";"06:37:00";"16";"sem vítima";"125";"BR-393/RJ";"Norte";"Colisão Traseira";1;0;1;0;0;0;0;0;0;0;3;0;0;0;0
"17/01/2014";"05:25:00";"40";"com vítima";"136.4";"BR-393/RJ";"Norte";"Queda de Moto";0;0;0;1;0;0;0;0;0;0;0;0;1;0;0
"17/01/2014";"06:26:00";"46";"sem vítima";"225.7";"BR-393/RJ";"Sul";"Saida de Pista";1;0;0;0;0;0;0;0;0;0;2;0;0;0;0
"18/01/2014";"10:38:00";"26";"sem vítima";"141.2";"BR-393/RJ";"Sul";"Choque - Defensa, barreira ou "submarino"";1;0;0;0;0;0;0;0;0;0;4;0;0;0;0
"18/01/2014";"06:43:00";"55";"sem vítima";"277.516";"BR-393/RJ";"Sul";"Colisão Lateral";1;0;1;0;0;0;0;0;0;0;2;0;0;0;0
"19/01/2014";"05:47:00";"15";"sem vítima";"283";"BR-393/RJ";"Norte";"Colisão Lateral";2;0;0;0;0;0;0;0;0;0;2;0;0;0;0
"19/01/2014";"10:44:00";"25";"sem vítima";"154";"BR-393/RJ";"Norte";"Colisão Lateral";0;0;2;0;0;0;0;0;0;0;2;0;0;0;0
"19/01/2014";"04:19:00";"40";"sem vítima";"252.2";"BR-393/RJ";"Sul";"Colisão Lateral";1;0;1;0;0;0;0;0;0;0;2;0;0;0;0
"19/01/2014";"08:32:00";"60";"com vítima";"274.667";"BR-393/RJ";"Sul";"Capotamento";2;0;0;0;0;0;0;0;0;0;1;1;0;0;0
"20/01/2014";"05:47:00";"67";"com vítima";"201.7";"BR-393/RJ";"Norte";"Colisão Transversal";2;0;0;0;0;0;0;0;0;0;2;1;0;0;0
"20/01/2014";"06:28:00";"69";"sem vítima";"281.5";"BR-393/RJ";"Sul";"Abalroamento Mesmo Sentido ";1;0;1;0;0;0;0;0;0;0;2;0;0;0;0
"21/01/2014";"05:24:00";"15";"com vítima";"273.5";"BR-393/RJ";"Sul";"Tombamento";0;0;1;0;0;0;0;0;0;0;0;1;0;0;0
"21/01/2014";"08:31:00";"24";"com vítima";"279.859";"BR-393/RJ";"Sul";"Colisão Lateral";1;0;0;1;0;0;0;0;0;0;1;0;1;0;0
"21/01/2014";"08:51:00";"25";"com vítima";"210.727";"BR-393/RJ";"Norte";"Colisão Traseira";1;0;1;0;0;0;0;0;0;0;1;1;0;0;0
"21/01/2014";"09:11:00";"26";"com vítima";"165.5";"BR-393/RJ";"Norte";"Colisão Traseira";2;0;0;0;0;0;0;0;0;0;0;2;0;0;0
"21/01/2014";"05:11:00";"60";"com vítima";"238.932";"BR-393/RJ";"Norte";"Colisão Lateral";1;0;0;1;0;0;0;0;0;0;1;0;1;0;0
"22/01/2014";"03:11:00";"11";"com vítima";"270.622";"BR-393/RJ";"Norte";"Tombamento";0;0;1;0;0;0;0;0;0;0;0;1;0;0;0
"22/01/2014";"08:31:00";"14";"sem vítima";"285.454";"BR-393/RJ";"Sul";"Colisão Lateral";1;0;1;0;0;0;0;0;0;0;2;0;0;0;0
"22/01/2014";"11:07:00";"21";"sem vítima";"199.84";"BR-393/RJ";"Sul";"Colisão Traseira";2;0;0;0;1;0;0;0;0;0;8;0;0;0;0
"22/01/2014";"12:00:00";"26";"sem vítima";"228";"BR-393/RJ";"Sul";"Colisão Lateral";1;0;2;0;0;0;0;0;0;0;3;0;0;0;0
"22/01/2014";"06:53:00";"55";"sem vítima";"168.123";"BR-393/RJ";"Sul";"Colisão Lateral";0;0;2;0;0;0;0;0;0;0;2;0;0;0;0
"23/01/2014";"05:00:00";"50";"sem vítima";"282";"BR-393/RJ";"Norte";"Engavetamento";2;0;1;0;0;0;0;0;0;0;3;0;0;0;0
"23/01/2014";"05:07:00";"52";"sem vítima";"242.551";"BR-393/RJ";"Sul";"Capotamento";1;0;0;0;0;0;0;0;0;0;1;0;0;0;0
"23/01/2014";"05:40:00";"56";"sem vítima";"285.439";"BR-393/RJ";"Norte";"Colisão Lateral";1;0;1;0;0;0;0;0;0;0;2;0;0;0;0
"24/01/2014";"06:07:00";"15";"com vítima";"170.875";"BR-393/RJ";"Norte";"Capotamento";1;0;0;0;0;0;0;0;0;0;0;1;0;0;0
"24/01/2014";"07:20:00";"20";"com vítima";"285.616";"BR-393/RJ";"Sul";"Atropelamento - Ciclista";0;1;0;1;0;0;0;0;0;0;1;1;0;0;0
"24/01/2014";"05:11:00";"54";"com vítima";"222.91";"BR-393/RJ";"Norte";"Tombamento";0;0;2;0;0;0;0;0;0;0;2;0;1;0;0
"24/01/2014";"06:20:00";"63";"sem vítima";"185.8";"BR-393/RJ";"Norte";"Abalroamento Mesmo Sentido ";0;0;1;0;1;0;0;0;0;0;2;0;0;0;0
"24/01/2014";"10:38:00";"77";"com vítima";"235.18";"BR-393/RJ";"Sul";"Colisão Lateral";1;0;1;0;0;0;0;0;0;0;1;3;0;0;0
"25/01/2014";"12:15:00";"37";"com vítima";"157.9";"BR-393/RJ";"Norte";"Outros - Sequência";1;0;1;0;0;0;0;0;0;0;2;1;0;0;0
"25/01/2014";"05:48:00";"58";"sem vítima";"185";"BR-393/RJ";"Norte";"Queda de Moto";0;0;0;1;0;0;0;0;0;0;1;0;0;0;0
"26/01/2014";"09:48:00";"53";"com vítima";"281.25";"BR-393/RJ";"Norte";"Atropelamento - Ambulante";1;0;0;0;0;0;0;0;0;0;1;0;1;0;0
"27/01/2014";"10:08:00";"25";"com vítima";"281.735";"BR-393/RJ";"Norte";"Outros - Sequência";3;0;0;0;0;0;0;0;0;0;2;1;0;0;0
"27/01/2014";"12:56:00";"33";"sem vítima";"279";"BR-393/RJ";"Norte";"Colisão Traseira";2;0;0;0;0;0;0;0;0;0;2;0;0;0;0
"28/01/2014";"03:22:00";"58";"com vítima";"256";"BR-393/RJ";"Norte";"Colisão Traseira";1;0;1;0;0;0;0;0;0;0;1;2;0;0;0
"28/01/2014";"03:38:00";"64";"sem vítima";"256";"BR-393/RJ";"Norte";"Colisão Traseira";0;0;0;0;1;0;0;0;0;1;2;0;0;0;0
"28/01/2014";"06:15:00";"73";"com vítima";"274";"BR-393/RJ";"Norte";"Tombamento";0;0;1;0;0;0;0;0;0;0;0;1;0;0;0
"29/01/2014";"08:16:00";"17";"com vítima";"258";"BR-393/RJ";"Sul";"Outros";1;0;1;0;0;0;0;0;0;0;1;1;0;0;0
"29/01/2014";"11:50:00";"28";"sem vítima";"246";"BR-393/RJ";"Norte";"Colisão Lateral";1;0;1;0;0;0;0;0;0;0;3;0;0;0;0
"29/01/2014";"12:34:00";"30";"sem vítima";"281";"BR-393/RJ";"Norte";"Colisão Traseira";1;0;1;0;0;0;0;0;0;0;2;0;0;0;0
"29/01/2014";"12:48:00";"31";"com vítima";"185.5";"BR-393/RJ";"Norte";"Colisão Traseira";1;0;1;0;0;0;0;0;0;0;0;2;0;0;0
"31/01/2014";"08:33:00";"28";"sem vítima";"175";"BR-393/RJ";"Norte";"Colisão Traseira";1;0;1;0;0;0;0;0;0;0;2;0;0;0;0
"31/01/2014";"04:33:00";"54";"sem vítima";"193";"BR-393/RJ";"Norte";"Outros";0;0;1;0;0;0;0;0;0;0;1;0;0;0;0
"01/02/2014";"04:52:00";"14";"sem vítima";"239.369";"BR-393/RJ";"Sul";"Choque - Defensa, barreira ou "submarino"";1;0;0;0;0;0;0;0;0;0;1;0;0;0;0
"01/02/2014";"12:05:00";"23";"com vítima";"233";"BR-393/RJ";"Norte";"Colisão Transversal";0;0;2;0;0;0;0;0;0;0;0;2;0;0;0
"01/02/2014";"01:52:00";"25";"com vítima";"165";"BR-393/RJ";"Norte";"Queda de Bicicleta";0;1;0;0;0;0;0;0;0;0;0;1;0;1;0
"01/02/2014";"06:14:00";"35";"sem vítima";"285";"BR-393/RJ";"Norte";"Colisão Traseira";2;0;0;0;0;0;0;0;0;0;2;0;0;0;0
"01/02/2014";"08:58:00";"49";"com vítima";"280";"BR-393/RJ";"Norte";"Atropelamento - Morador";1;0;0;0;0;0;0;0;0;0;1;2;0;0;0
"02/02/2014";"10:57:00";"26";"com vítima";"162.8";"BR-393/RJ";"Sul";"Engavetamento";3;0;0;0;0;0;0;0;0;0;6;1;1;0;0
"03/02/2014";"07:07:00";"18";"sem vítima";"250.595";"BR-393/RJ";"Sul";"Colisão Lateral";1;0;0;0;1;0;0;0;0;0;2;0;0;0;0
"03/02/2014";"08:21:00";"20";"com vítima";"285.39";"BR-393/RJ";"Norte";"Colisão Transversal";2;0;0;0;0;0;0;0;0;0;1;2;0;0;0
"03/02/2014";"11:27:00";"40";"sem vítima";"175";"BR-393/RJ";"Sul";"Colisão Traseira";3;0;0;0;0;0;0;0;0;0;3;0;0;0;0
"03/02/2014";"11:56:00";"46";"com vítima";"104";"BR-393/RJ";"Norte";"Engavetamento";2;0;0;1;0;0;0;0;0;0;3;1;0;0;0
"03/02/2014";"05:05:00";"67";"sem vítima";"285";"BR-393/RJ";"Norte";"Colisão Traseira";2;0;0;0;0;0;0;0;0;0;2;0;0;0;0
"03/02/2014";"09:46:00";"77";"com vítima";"241.111";"BR-393/RJ";"Norte";"Colisão Traseira";3;0;0;0;0;0;0;0;0;0;4;1;0;0;0
"04/02/2014";"07:28:00";"69";"sem vítima";"105.581";"BR-393/RJ";"Norte";"Colisão Lateral";1;0;1;0;0;0;0;0;0;0;2;0;0;0;0
"05/02/2014";"05:46:00";"17";"com vítima";"262.083";"BR-393/RJ";"Sul";"Tombamento";0;0;1;0;0;0;0;0;0;0;1;2;0;0;0
"05/02/2014";"08:20:00";"66";"com vítima";"162.8";"BR-393/RJ";"Norte";"Colisão Traseira";1;0;1;0;0;0;0;0;0;0;2;1;0;0;0
"07/02/2014";"10:58:00";"31";"com vítima";"283.342";"BR-393/RJ";"Norte";"Engavetamento";3;0;0;0;0;0;0;0;0;0;3;0;1;0;0
"08/02/2014";"03:08:00";"11";"com vítima";"104.647";"BR-393/RJ";"Norte";"Colisão Lateral";1;0;1;0;0;0;0;0;0;0;1;0;0;0;1
"08/02/2014";"05:15:00";"16";"sem vítima";"236.758";"BR-393/RJ";"Sul";"Colisão Transversal";2;0;0;0;0;0;0;0;0;0;3;0;0;0;0
"08/02/2014";"07:59:00";"24";"sem vítima";"271.627";"BR-393/RJ";"Norte";"Objeto lançado contra veículo";2;0;0;0;0;0;0;0;0;0;9;0;0;0;0
"09/02/2014";"11:27:00";"56";"com vítima";"175.7";"BR-393/RJ";"Sul";"Capotamento";1;0;0;0;0;0;0;0;0;0;0;1;0;0;0
"10/02/2014";"08:50:00";"22";"com vítima";"268.092";"BR-393/RJ";"Norte";"Colisão Lateral";1;0;0;0;0;0;0;0;0;1;0;2;0;0;0
"10/02/2014";"02:54:00";"39";"com vítima";"201.47";"BR-393/RJ";"Norte";"Colisão Traseira";2;0;0;0;0;0;0;0;0;0;1;4;0;0;0
"11/02/2014";"07:00:00";"14";"com vítima";"259.975";"BR-393/RJ";"Norte";"Outros - Sequência";1;0;2;0;0;0;0;0;0;0;0;3;0;0;0
"11/02/2014";"09:54:00";"23";"com vítima";"147.222";"BR-393/RJ";"Sul";"Tombamento";0;0;1;0;0;0;0;0;0;0;0;0;1;0;0
"11/02/2014";"01:34:00";"36";"com vítima";"285.268";"BR-393/RJ";"Norte";"Choque - Outros";1;0;0;0;0;0;0;0;0;0;3;2;0;0;0
"11/02/2014";"05:31:00";"65";"sem vítima";"110.8";"BR-393/RJ";"Sul";"Choque - Suporte de Sinalização";1;0;1;0;0;0;0;0;0;0;2;0;0;0;0
"11/02/2014";"06:00:00";"69";"com vítima";"124.467";"BR-393/RJ";"Norte";"Tombamento";0;0;2;0;0;0;0;0;0;0;1;1;0;0;0
"12/02/2014";"06:41:00";"65";"sem vítima";"285.8";"BR-393/RJ";"Sul";"Colisão Transversal";1;0;1;0;0;0;0;0;0;0;3;0;0;0;0
"12/02/2014";"10:42:00";"76";"com vítima";"188.406";"BR-393/RJ";"Norte";"Atropelamento de Animal";1;0;0;0;0;0;0;0;0;0;0;2;0;0;0
"13/02/2014";"07:45:00";"13";"com vítima";"285.547";"BR-393/RJ";"Sul";"Colisão Lateral";1;0;1;0;0;0;0;0;0;0;0;2;0;0;0
"13/02/2014";"07:07:00";"61";"sem vítima";"238.7";"BR-393/RJ";"Sul";"Colisão Lateral";2;0;0;0;0;0;0;0;0;0;4;0;0;0;0
"14/02/2014";"07:39:00";"17";"sem vítima";"279.313";"BR-393/RJ";"Norte";"Colisão Traseira";2;0;0;0;0;0;0;0;0;0;4;0;0;0;0
"14/02/2014";"04:58:00";"58";"com vítima";"274";"BR-393/RJ";"Norte";"Saida de Pista";0;0;0;0;0;0;0;0;0;1;0;1;0;0;0
"15/02/2014";"12:49:00";"10";"sem vítima";"273.8";"BR-393/RJ";"Sul";"Tombamento";0;0;1;0;0;0;0;0;0;0;1;0;0;0;0
"15/02/2014";"04:49:00";"12";"com vítima";"238.341";"BR-393/RJ";"Norte";"Colisão Frontal";2;0;0;0;1;0;0;0;0;0;2;1;0;1;1
"15/02/2014";"09:30:00";"25";"sem vítima";"264.907";"BR-393/RJ";"Norte";"Colisão Traseira";0;0;1;0;0;0;0;0;0;1;2;0;0;0;0
"15/02/2014";"12:04:00";"31";"com vítima";"169.62";"BR-393/RJ";"Sul";"Colisão Transversal";0;0;0;2;0;0;0;0;0;0;1;1;0;0;0
"15/02/2014";"08:30:00";"50";"com vítima";"172.186";"BR-393/RJ";"Sul";"Choque - Talude";1;0;0;0;0;0;0;0;0;0;0;1;0;0;0
"16/02/2014";"03:37:00";"16";"sem vítima";"136.041";"BR-393/RJ";"Norte";"Choque - Outros";1;0;0;0;0;0;0;0;0;0;1;0;0;0;0
"16/02/2014";"07:15:00";"20";"sem vítima";"263";"BR-393/RJ";"Sul";"Saida de Pista";1;0;0;0;0;0;0;0;0;0;1;0;0;0;0
"16/02/2014";"09:53:00";"26";"sem vítima";"285";"BR-393/RJ";"Norte";"Colisão Lateral";2;0;0;0;0;0;0;0;0;0;2;0;0;0;0
"16/02/2014";"09:59:00";"28";"sem vítima";"157";"BR-393/RJ";"Norte";"Colisão Traseira";1;0;1;0;0;0;0;0;0;0;2;0;0;0;0
"16/02/2014";"04:05:00";"40";"sem vítima";"254";"BR-393/RJ";"Norte";"Colisão Traseira";1;0;0;0;0;0;0;0;0;0;1;0;0;0;0
"17/02/2014";"05:27:00";"48";"sem vítima";"158.413";"BR-393/RJ";"Norte";"Colisão Traseira";2;0;0;0;0;0;0;0;0;0;2;0;0;0;0
"18/02/2014";"08:01:00";"18";"sem vítima";"283.072";"BR-393/RJ";"Sul";"Engavetamento";2;0;0;1;0;0;0;0;0;0;3;0;0;0;0
"18/02/2014";"09:41:00";"22";"sem vítima";"236.097";"BR-393/RJ";"Norte";"Colisão Traseira";2;0;0;0;0;0;0;0;0;0;5;0;0;0;0
"18/02/2014";"11:40:00";"29";"com vítima";"123.646";"BR-393/RJ";"Sul";"Choque - Suporte de Sinalização";1;0;0;0;0;0;0;0;0;0;0;4;0;0;0
"18/02/2014";"02:58:00";"43";"sem vítima";"124.431";"BR-393/RJ";"Norte";"Colisão Lateral";0;0;2;0;0;0;0;0;0;0;2;0;0;0;0
"19/02/2014";"11:25:00";"84";"com vítima";"251.696";"BR-393/RJ";"Norte";"Atropelamento - Morador";0;0;0;1;0;0;0;0;0;0;1;0;1;0;0
"20/02/2014";"11:37:00";"40";"sem vítima";"286";"BR-393/RJ";"Sul";"Colisão Traseira";2;0;0;0;0;0;0;0;0;0;3;0;0;0;0