data;horario;n_da_ocorrencia;tipo_de_ocorrencia;km;trecho;sentido;tipo_de_acidente;automovel;bicicleta;caminhao;moto;onibus;outros;tracao_animal;transporte_de_cargas_especiais;trator_maquinas;utilitarios;ilesos;levemente_feridos;moderadamente_feridos;gravemente_feridos;mortos
"20/02/2014";"05:30:00";"63";"com vítima";"237";"BR-393/RJ";"Sul";"Colisão Lateral";2;0;0;0;0;0;0;0;0;0;0;3;0;0;0
"20/02/2014";"07:11:00";"71";"sem vítima";"247.18";"BR-393/RJ";"Norte";"Colisão Traseira";0;0;2;0;0;0;0;0;0;0;2;0;0;0;0
"20/02/2014";"08:04:00";"70";"sem vítima";"245.486";"BR-393/RJ";"Sul";"Engavetamento";2;0;1;0;0;0;0;0;0;0;3;0;0;0;0
"21/02/2014";"02:01:00";"45";"com vítima";"268.498";"BR-393/RJ";"Norte";"Colisão Transversal";2;0;0;0;0;0;0;0;0;0;3;1;0;0;0
"21/02/2014";"05:51:00";"58";"sem vítima";"285.5";"BR-393/RJ";"Sul";"Colisão Lateral";1;0;1;0;0;0;0;0;0;0;2;0;0;0;0
"22/02/2014";"08:53:00";"57";"sem vítima";"285.5";"BR-393/RJ";"Norte";"Colisão Traseira";2;0;0;0;0;0;0;0;0;0;2;0;0;0;0
"23/02/2014";"02:55:00";"34";"sem vítima";"258.276";"BR-393/RJ";"Norte";"Colisão Traseira";1;0;1;0;0;0;0;0;0;0;2;0;0;0;0
"23/02/2014";"08:03:00";"54";"sem vítima";"286.002";"BR-393/RJ";"Sul";"Colisão Lateral";1;0;1;0;0;0;0;0;0;0;7;0;0;0;0
"23/02/2014";"10:01:00";"59";"sem vítima";"195.551";"BR-393/RJ";"Sul";"Saida de Pista";1;0;0;0;0;0;0;0;0;0;1;0;0;0;0
"24/02/2014";"06:57:00";"17";"sem vítima";"140";"BR-393/RJ";"Norte";"Saida de Pista";1;0;0;0;0;0;0;0;0;0;1;0;0;0;0
"24/02/2014";"09:36:00";"30";"com vítima";"150";"BR-393/RJ";"Sul";"Outros - Sequência";1;0;1;0;0;0;0;0;0;0;2;1;0;0;0
"24/02/2014";"11:31:00";"40";"sem vítima";"103.734";"BR-393/RJ";"Norte";"Outros";0;0;1;0;0;0;0;0;0;0;1;0;0;0;0
"24/02/2014";"08:56:00";"79";"sem vítima";"268.723";"BR-393/RJ";"Sul";"Atropelamento de Animal";1;0;0;0;0;0;0;0;0;0;1;0;0;0;0
"26/02/2014";"07:33:00";"15";"sem vítima";"255.774";"BR-393/RJ";"Sul";"Abalroamento Mesmo Sentido ";1;0;1;0;0;0;0;0;0;0;2;0;0;0;0
"26/02/2014";"11:37:00";"39";"com vítima";"140.074";"BR-393/RJ";"Sul";"Queda de Moto";0;0;0;1;0;0;0;0;0;0;0;1;0;0;0
"26/02/2014";"07:17:00";"70";"com vítima";"163.7";"BR-393/RJ";"Norte";"Engavetamento";3;0;0;0;0;0;0;0;0;0;0;3;0;0;0
"27/02/2014";"03:51:00";"19";"sem vítima";"186.6";"BR-393/RJ";"Norte";"Atropelamento de Animal";1;0;1;0;0;0;0;0;0;0;2;0;0;0;0
"27/02/2014";"06:44:00";"24";"com vítima";"265";"BR-393/RJ";"Sul";"Colisão Traseira";0;0;1;0;1;0;0;0;0;0;2;1;0;0;0
"27/02/2014";"01:12:00";"68";"com vítima";"281";"BR-393/RJ";"Sul";"Colisão Transversal";2;0;0;0;0;0;0;0;0;0;4;2;0;0;0
"27/02/2014";"02:40:00";"80";"com vítima";"273.7";"BR-393/RJ";"Sul";"Tombamento";0;0;1;0;0;0;0;0;0;0;0;0;1;0;0
"27/02/2014";"02:47:00";"82";"sem vítima";"245.7";"BR-393/RJ";"Norte";"Colisão Traseira";2;0;0;0;0;0;0;0;0;0;2;0;0;0;0
"27/02/2014";"05:09:00";"91";"com vítima";"175";"BR-393/RJ";"Norte";"Colisão Lateral";1;0;0;1;0;0;0;0;0;0;1;2;0;0;0
"28/02/2014";"07:30:00";"14";"sem vítima";"201.8";"BR-393/RJ";"Norte";"Colisão Traseira";0;0;2;0;0;0;0;0;0;0;2;0;0;0;0
"28/02/2014";"08:03:00";"17";"com vítima";"235.234";"BR-393/RJ";"Norte";"Atropelamento - Morador";0;0;1;0;0;0;0;0;0;0;1;1;0;0;0
"28/02/2014";"10:32:00";"30";"sem vítima";"279";"BR-393/RJ";"Sul";"Colisão Traseira";2;0;0;0;0;0;0;0;0;0;2;0;0;0;0
"28/02/2014";"03:50:00";"52";"sem vítima";"102";"BR-393/RJ";"Norte";"Colisão Frontal";2;0;0;0;0;0;0;0;0;0;4;0;0;0;0
"28/02/2014";"06:24:00";"67";"sem vítima";"285.996";"BR-393/RJ";"Norte";"Colisão Traseira";1;0;0;0;1;0;0;0;0;0;2;0;0;0;0
"28/02/2014";"07:38:00";"74";"sem vítima";"281.48";"BR-393/RJ";"Sul";"Colisão Lateral";2;0;0;0;0;0;0;0;0;0;2;0;0;0;0
"28/02/2014";"08:19:00";"78";"com vítima";"216.1";"BR-393/RJ";"Sul";"Choque - Elemento de Drenagem";1;0;0;0;0;0;0;0;0;0;0;2;0;0;0
"28/02/2014";"10:03:00";"87";"com vítima";"177.799";"BR-393/RJ";"Norte";"Colisão Traseira";2;0;0;0;0;0;0;0;0;0;5;5;0;0;0
"01/03/2014";"01:21:00";"11";"com vítima";"229.842";"BR-393/RJ";"Norte";"Saida de Pista";1;0;0;0;0;0;0;0;0;0;2;2;0;0;0
"01/03/2014";"05:03:00";"18";"com vítima";"179.619";"BR-393/RJ";"Norte";"Choque - Talude";1;0;0;0;0;0;0;0;0;0;0;1;0;0;0
"01/03/2014";"06:46:00";"21";"com vítima";"182.357";"BR-393/RJ";"Norte";"Colisão Lateral";1;0;1;0;0;0;0;0;0;0;0;2;1;0;0
"01/03/2014";"11:22:00";"41";"com vítima";"277.704";"BR-393/RJ";"Sul";"Choque - Arvore";1;0;0;0;0;0;0;0;0;0;0;1;0;0;0
"02/03/2014";"08:16:00";"57";"sem vítima";"153.628";"BR-393/RJ";"Norte";"Colisão Transversal";2;0;0;0;0;0;0;0;0;0;2;0;0;0;0
"02/03/2014";"09:21:00";"60";"sem vítima";"238";"BR-393/RJ";"Norte";"Colisão Lateral";2;0;0;0;0;0;0;0;0;0;2;0;0;0;0
"04/03/2014";"06:49:00";"11";"sem vítima";"177.768";"BR-393/RJ";"Norte";"Choque - Outros";1;0;0;0;0;0;0;0;0;0;2;0;0;0;0
"04/03/2014";"12:42:00";"25";"sem vítima";"201.942";"BR-393/RJ";"Norte";"Colisão Traseira";2;0;0;0;0;0;0;0;0;0;2;0;0;0;0
"05/03/2014";"03:24:00";"44";"com vítima";"195";"BR-393/RJ";"Sul";"Abalroamento Mesmo Sentido ";1;0;1;0;0;0;0;0;0;0;4;1;0;0;0
"05/03/2014";"09:46:00";"60";"sem vítima";"284.2";"BR-393/RJ";"Norte";"Choque - Outros";1;0;0;0;0;0;0;0;0;0;1;0;0;0;0
"06/03/2014";"01:45:00";"13";"sem vítima";"246.331";"BR-393/RJ";"Sul";"Colisão Traseira";1;0;1;0;0;0;0;0;0;0;2;0;0;0;0
"06/03/2014";"07:17:00";"51";"com vítima";"223";"BR-393/RJ";"Norte";"Colisão Traseira";0;0;0;1;0;0;0;0;0;1;1;1;0;0;0
"06/03/2014";"08:56:00";"56";"com vítima";"203.6";"BR-393/RJ";"Norte";"Outros - Sequência";2;0;1;0;0;0;0;0;0;0;0;3;0;0;0
"07/03/2014";"12:25:00";"10";"sem vítima";"283.3";"BR-393/RJ";"Norte";"Choque - Outros";1;0;0;0;0;0;0;0;0;0;1;0;0;0;0
"07/03/2014";"09:51:00";"30";"sem vítima";"142";"BR-393/RJ";"Sul";"Colisão Traseira";2;0;0;0;0;0;0;0;0;0;9;0;0;0;0
"07/03/2014";"09:58:00";"69";"sem vítima";"220.031";"BR-393/RJ";"Sul";"Saida de Pista";1;0;0;0;0;0;0;0;0;0;5;0;0;0;0
"07/03/2014";"10:26:00";"71";"com vítima";"127.658";"BR-393/RJ";"Sul";"Saida de Pista";1;0;0;0;0;0;0;0;0;0;0;0;1;0;0
"08/03/2014";"08:16:00";"47";"sem vítima";"201.001";"BR-393/RJ";"Sul";"Colisão Traseira";2;0;0;0;0;0;0;0;0;0;7;0;0;0;0
"10/03/2014";"01:16:00";"35";"com vítima";"243.594";"BR-393/RJ";"Norte";"Colisão Frontal";2;0;0;0;0;0;0;0;0;0;1;3;0;0;0
"10/03/2014";"02:16:00";"37";"sem vítima";"285.588";"BR-393/RJ";"Sul";"Colisão Lateral";1;0;1;0;0;0;0;0;0;0;2;0;0;0;0
"11/03/2014";"02:41:00";"50";"com vítima";"243.7";"BR-393/RJ";"Sul";"Queda de Moto";0;0;0;1;0;0;0;0;0;0;0;1;0;0;0
"11/03/2014";"09:38:00";"75";"sem vítima";"285.3";"BR-393/RJ";"Sul";"Colisão Traseira";1;0;0;1;0;0;0;0;0;0;3;0;0;0;0
"12/03/2014";"06:59:00";"16";"sem vítima";"285.545";"BR-393/RJ";"Norte";"Colisão Lateral";1;0;1;0;0;0;0;0;0;0;2;0;0;0;0
"12/03/2014";"03:21:00";"63";"com vítima";"171.5";"BR-393/RJ";"Norte";"Choque - Talude";1;0;0;0;0;0;0;0;0;0;3;0;1;0;0
"14/03/2014";"06:55:00";"14";"sem vítima";"246.838";"BR-393/RJ";"Sul";"Colisão Traseira";1;0;1;0;0;0;0;0;0;0;2;0;0;0;0
"14/03/2014";"09:10:00";"22";"com vítima";"285.5";"BR-393/RJ";"Sul";"Outros - Sequência";2;0;1;0;0;0;0;0;0;0;0;3;0;0;0
"14/03/2014";"03:15:00";"44";"sem vítima";"268.324";"BR-393/RJ";"Sul";"Colisão Traseira";1;0;1;0;0;0;0;0;0;0;2;0;0;0;0
"15/03/2014";"01:43:00";"9";"com vítima";"127.1";"BR-393/RJ";"Norte";"Colisão Frontal";1;0;1;0;0;0;0;0;0;0;1;0;0;0;1
"15/03/2014";"04:19:00";"11";"com vítima";"139.469";"BR-393/RJ";"Norte";"Tombamento";0;0;1;0;0;0;0;0;0;0;0;0;2;0;0
"15/03/2014";"03:11:00";"33";"com vítima";"124.451";"BR-393/RJ";"Norte";"Tombamento";0;0;1;0;0;0;0;0;0;0;0;0;1;0;0
"16/03/2014";"03:59:00";"38";"com vítima";"286";"BR-393/RJ";"Norte";"Colisão Traseira";1;0;0;1;0;0;0;0;0;0;1;1;0;0;0
"16/03/2014";"04:37:00";"41";"com vítima";"245.177";"BR-393/RJ";"Sul";"Colisão Lateral";0;0;0;2;0;0;0;0;0;0;1;1;0;0;0
"16/03/2014";"06:50:00";"48";"sem vítima";"281.5";"BR-393/RJ";"Sul";"Colisão Traseira";2;0;0;0;0;0;0;0;0;0;2;0;0;0;0
"17/03/2014";"05:07:00";"13";"com vítima";"277.819";"BR-393/RJ";"Norte";"Colisão Lateral";1;0;0;0;0;0;0;0;0;1;0;2;0;0;0
"17/03/2014";"07:38:00";"17";"com vítima";"181.453";"BR-393/RJ";"Sul";"Colisão Frontal";1;0;1;0;0;0;0;0;0;0;0;1;0;0;1
"17/03/2014";"12:00:00";"41";"com vítima";"170";"BR-393/RJ";"Sul";"Outros - Sequência";3;0;0;0;0;0;0;0;0;0;5;1;0;0;0
"17/03/2014";"03:26:00";"52";"com vítima";"265.45";"BR-393/RJ";"Norte";"Colisão Frontal";2;0;0;0;0;0;0;0;0;0;1;5;0;0;0
"18/03/2014";"12:53:00";"41";"com vítima";"236.555";"BR-393/RJ";"Norte";"Colisão Lateral";1;0;0;1;0;0;0;0;0;0;1;0;1;0;0
"19/03/2014";"03:41:00";"40";"sem vítima";"265.456";"BR-393/RJ";"Sul";"Colisão Traseira";1;0;1;0;0;0;0;0;0;0;3;0;0;0;0
"19/03/2014";"08:19:00";"50";"sem vítima";"286";"BR-393/RJ";"Sul";"Engavetamento";3;0;0;0;0;0;0;0;0;0;3;0;0;0;0
"20/03/2014";"01:38:00";"3";"com vítima";"220.496";"BR-393/RJ";"Norte";"Tombamento";0;0;1;0;0;0;0;0;0;0;0;1;0;0;0
"20/03/2014";"07:17:00";"18";"sem vítima";"265";"BR-393/RJ";"Norte";"Colisão Traseira";1;0;1;0;0;0;0;0;0;0;2;0;0;0;0
"21/03/2014";"05:33:00";"57";"sem vítima";"155";"BR-393/RJ";"Norte";"Outros";0;0;1;0;0;0;0;0;0;0;1;0;0;0;0
"21/03/2014";"10:15:00";"66";"com vítima";"195.1";"BR-393/RJ";"Sul";"Colisão Traseira";1;0;1;0;0;0;0;0;0;0;0;2;1;0;0
"22/03/2014";"11:07:00";"36";"sem vítima";"201.698";"BR-393/RJ";"Norte";"Colisão Traseira";0;0;2;0;0;0;0;0;0;0;2;0;0;0;0
"22/03/2014";"08:41:00";"66";"com vítima";"262.048";"BR-393/RJ";"Norte";"Colisão Lateral";1;0;1;0;0;0;0;0;0;0;1;1;0;0;0
"23/03/2014";"03:25:00";"13";"sem vítima";"242.43";"BR-393/RJ";"Sul";"Capotamento";1;0;0;0;0;0;0;0;0;0;1;0;0;0;0
"23/03/2014";"03:39:00";"14";"com vítima";"239.409";"BR-393/RJ";"Norte";"Capotamento";1;0;0;0;0;0;0;0;0;0;0;1;0;0;0
"23/03/2014";"07:23:00";"46";"com vítima";"2.99";"Alça Sul";"Norte";"Atropelamento - Morador";1;0;0;0;0;0;0;0;0;0;1;1;0;0;0
"24/03/2014";"12:08:00";"1";"sem vítima";"227.246";"BR-393/RJ";"Sul";"Saida de Pista";1;0;0;0;0;0;0;0;0;0;1;0;0;0;0
"24/03/2014";"03:42:00";"13";"sem vítima";"254.9";"BR-393/RJ";"Norte";"Atropelamento de Animal";2;0;0;0;0;0;0;0;0;0;5;0;0;0;0
"24/03/2014";"12:51:00";"32";"sem vítima";"281";"BR-393/RJ";"Sul";"Colisão Lateral";1;0;0;0;1;0;0;0;0;0;2;0;0;0;0
"24/03/2014";"05:55:00";"49";"com vítima";"286";"BR-393/RJ";"Sul";"Colisão Transversal";1;0;0;1;0;0;0;0;0;0;1;1;0;0;0
"24/03/2014";"06:43:00";"50";"sem vítima";"285.8";"BR-393/RJ";"Sul";"Colisão Lateral";1;0;1;0;0;0;0;0;0;0;2;0;0;0;0
"26/03/2014";"10:00:00";"30";"com vítima";"285.404";"BR-393/RJ";"Sul";"Colisão Traseira";2;0;0;0;0;0;0;0;0;0;1;1;0;0;0
"26/03/2014";"01:06:00";"44";"com vítima";"220.635";"BR-393/RJ";"Norte";"Saida de Pista";0;0;1;0;0;0;0;0;0;0;0;1;1;0;0
"26/03/2014";"04:07:00";"49";"sem vítima";"162.1";"BR-393/RJ";"Sul";"Saida de Pista";0;0;0;0;0;0;0;0;0;1;1;0;0;0;0
"26/03/2014";"04:12:00";"50";"com vítima";"284.5";"BR-393/RJ";"Norte";"Colisão Traseira";2;0;0;0;0;0;0;0;0;0;1;1;0;0;0
"26/03/2014";"10:56:00";"62";"com vítima";"274";"BR-393/RJ";"Sul";"Tombamento";0;0;1;0;0;0;0;0;0;0;0;1;0;0;0
"27/03/2014";"05:07:00";"12";"com vítima";"189.259";"BR-393/RJ";"Norte";"Choque - Arvore";0;0;0;0;0;0;0;0;0;1;0;0;1;0;0
"27/03/2014";"07:19:00";"14";"com vítima";"157.923";"BR-393/RJ";"Sul";"Colisão Frontal";0;0;2;0;0;0;0;0;0;0;1;1;0;0;0
"27/03/2014";"08:01:00";"16";"com vítima";"203.968";"BR-393/RJ";"Sul";"Capotamento";1;0;1;0;0;0;0;0;0;0;1;0;1;0;0
"27/03/2014";"06:50:00";"55";"com vítima";"0.55";"Alça Sul";"Norte";"Atropelamento - Ciclista";0;1;0;0;0;0;0;0;0;1;1;1;0;0;0
"27/03/2014";"11:55:00";"62";"com vítima";"238.66";"BR-393/RJ";"Norte";"Colisão Transversal";0;0;1;1;0;0;0;0;0;0;0;1;0;0;1
"28/03/2014";"02:41:00";"10";"sem vítima";"265";"BR-393/RJ";"Sul";"Choque - Defensa, barreira ou "submarino"";1;0;0;0;0;0;0;0;0;0;1;0;0;0;0
"28/03/2014";"09:31:00";"21";"sem vítima";"177.6";"BR-393/RJ";"Norte";"Engavetamento";3;0;0;0;0;0;0;0;0;0;4;0;0;0;0
"28/03/2014";"12:08:00";"32";"sem vítima";"105.9";"BR-393/RJ";"Norte";"Colisão Transversal";2;0;0;0;0;0;0;0;0;0;3;0;0;0;0
"28/03/2014";"06:27:00";"47";"sem vítima";"135.5";"BR-393/RJ";"Norte";"Colisão Frontal";2;0;0;0;0;0;0;0;0;0;3;0;0;0;0
"29/03/2014";"01:38:00";"10";"sem vítima";"285";"BR-393/RJ";"Norte";"Choque - Outros";1;0;0;0;0;0;0;0;0;0;1;0;0;0;0
"29/03/2014";"10:42:00";"35";"sem vítima";"246.584";"BR-393/RJ";"Sul";"Colisão Lateral";1;0;1;0;0;0;0;0;0;0;2;0;0;0;0
"29/03/2014";"03:25:00";"49";"com vítima";"182.208";"BR-393/RJ";"Sul";"Colisão Frontal";0;0;1;1;0;0;0;0;0;0;0;1;0;0;1
"29/03/2014";"09:07:00";"65";"sem vítima";"263.1";"BR-393/RJ";"Sul";"Capotamento";1;0;0;0;0;0;0;0;0;0;1;0;0;0;0
"30/03/2014";"02:59:00";"12";"sem vítima";"285.9";"BR-393/RJ";"Norte";"Colisão Lateral";2;0;0;0;0;0;0;0;0;0;2;0;0;0;0
"30/03/2014";"05:28:00";"15";"com vítima";"270.791";"BR-393/RJ";"Norte";"Colisão Frontal";2;0;0;0;0;0;0;0;0;0;0;1;1;1;0
"30/03/2014";"10:43:00";"24";"com vítima";"255.774";"BR-393/RJ";"Sul";"Colisão Transversal";2;0;0;0;0;0;0;0;0;0;1;2;1;0;0
"30/03/2014";"10:49:00";"25";"com vítima";"210.831";"BR-393/RJ";"Norte";"Queda de Moto";0;0;0;1;0;0;0;0;0;0;0;1;0;0;0
"31/03/2014";"06:36:00";"11";"sem vítima";"139.629";"BR-393/RJ";"Norte";"Saida de Pista";1;0;0;0;0;0;0;0;0;0;3;0;0;0;0
"31/03/2014";"09:28:00";"23";"sem vítima";"165.8";"BR-393/RJ";"Sul";"Engavetamento";4;0;0;0;0;0;0;0;0;0;4;0;0;0;0
"31/03/2014";"11:31:00";"32";"com vítima";"284.452";"BR-393/RJ";"Sul";"Queda de Moto";0;0;0;1;0;0;0;0;0;0;0;1;0;0;0
"31/03/2014";"01:08:00";"35";"com vítima";"141.325";"BR-393/RJ";"Sul";"Queda de Bicicleta";0;1;0;0;0;0;0;0;0;0;0;1;0;0;0
"31/03/2014";"05:24:00";"53";"sem vítima";"240.501";"BR-393/RJ";"Norte";"Saida de Pista";1;0;0;0;0;0;0;0;0;0;2;0;0;0;0
"01/04/2014";"10:25:00";"26";"com vítima";"284.496";"BR-393/RJ";"Norte";"Colisão Traseira";2;0;1;0;0;0;0;0;0;0;2;1;0;0;0
"01/04/2014";"11:11:00";"30";"sem vítima";"284.52";"BR-393/RJ";"Norte";"Colisão Traseira";1;0;1;0;0;0;0;0;0;0;2;0;0;0;0
"01/04/2014";"11:18:00";"31";"sem vítima";"178";"BR-393/RJ";"Norte";"Colisão Traseira";0;0;2;0;0;0;0;0;0;0;2;0;0;0;0
"01/04/2014";"12:11:00";"32";"sem vítima";"285.495";"BR-393/RJ";"Sul";"Colisão Traseira";1;0;1;0;0;0;0;0;0;0;2;0;0;0;0
"01/04/2014";"01:53:00";"44";"com vítima";"253";"BR-393/RJ";"Sul";"Saida de Pista";1;0;0;0;0;0;0;0;0;0;0;1;0;0;0
"03/04/2014";"12:58:00";"43";"com vítima";"250.871";"BR-393/RJ";"Norte";"Colisão Traseira";2;0;0;0;0;0;0;0;0;0;0;2;0;0;0
"03/04/2014";"07:15:00";"58";"sem vítima";"181.76";"BR-393/RJ";"Norte";"Saida de Pista";1;0;0;0;0;0;0;0;0;0;1;0;0;0;0
"03/04/2014";"09:12:00";"62";"sem vítima";"165.3";"BR-393/RJ";"Norte";"Colisão Traseira";1;0;1;0;0;0;0;0;0;0;4;0;0;0;0
"04/04/2014";"07:50:00";"17";"sem vítima";"271";"BR-393/RJ";"Norte";"Capotamento";1;0;1;0;0;0;0;0;0;0;2;0;0;0;0
"04/04/2014";"11:27:00";"39";"sem vítima";"122.4";"BR-393/RJ";"Sul";"Saida de Pista";1;0;0;0;0;0;0;0;0;0;2;0;0;0;0
"04/04/2014";"09:36:00";"69";"sem vítima";"183.5";"BR-393/RJ";"Norte";"Colisão Traseira";2;0;0;0;0;0;0;0;0;0;2;0;0;0;0
"05/04/2014";"08:48:00";"17";"sem vítima";"165";"BR-393/RJ";"Norte";"Colisão Traseira";2;0;0;0;0;0;0;0;0;0;2;0;0;0;0
"05/04/2014";"12:19:00";"26";"com vítima";"2";"Alça Sul";"Sul";"Colisão Transversal";2;0;0;0;0;0;0;0;0;0;2;3;0;0;0
"06/04/2014";"05:12:00";"14";"sem vítima";"282.366";"BR-393/RJ";"Norte";"Colisão Traseira";2;0;0;0;0;0;0;0;0;0;2;0;0;0;0
"06/04/2014";"07:01:00";"16";"com vítima";"248.115";"BR-393/RJ";"Sul";"Saida de Pista";1;0;0;0;0;0;0;0;0;0;0;1;0;0;0
"06/04/2014";"03:39:00";"37";"sem vítima";"241.707";"BR-393/RJ";"Sul";"Choque - Talude";1;0;0;0;0;0;0;0;0;0;1;0;0;0;0
"07/04/2014";"04:42:00";"13";"sem vítima";"1.77";"Alça Sul";"Sul";"Atropelamento de Animal";1;0;0;0;0;0;0;0;0;0;1;0;0;0;0
"07/04/2014";"05:27:00";"58";"sem vítima";"168.401";"BR-393/RJ";"Sul";"Colisão Lateral";1;0;1;0;0;0;0;0;0;0;2;0;0;0;0
"08/04/2014";"07:33:00";"18";"com vítima";"281.9";"BR-393/RJ";"Norte";"Queda de Moto";0;0;0;1;0;0;0;0;0;0;1;1;0;0;0
"08/04/2014";"11:01:00";"27";"sem vítima";"284";"BR-393/RJ";"Norte";"Colisão Traseira";2;0;0;0;0;0;0;0;0;0;2;0;0;0;0
"08/04/2014";"05:01:00";"40";"sem vítima";"279";"BR-393/RJ";"Sul";"Colisão Traseira";0;0;2;0;0;0;0;0;0;0;2;0;0;0;0
"08/04/2014";"05:54:00";"42";"com vítima";"169.697";"BR-393/RJ";"Norte";"Colisão Transversal";1;0;1;0;0;0;0;0;0;0;0;2;1;2;0
"08/04/2014";"08:43:00";"46";"sem vítima";"165.494";"BR-393/RJ";"Norte";"Colisão Traseira";1;0;1;0;0;0;0;0;0;0;3;0;0;0;0
"10/04/2014";"09:02:00";"29";"sem vítima";"286";"BR-393/RJ";"Sul";"Engavetamento";3;0;0;0;0;0;0;0;0;0;5;0;0;0;0
"10/04/2014";"03:08:00";"50";"sem vítima";"265.206";"BR-393/RJ";"Norte";"Abalroamento Mesmo Sentido ";1;0;1;0;0;0;0;0;0;0;3;0;0;0;0
"11/04/2014";"06:52:00";"16";"sem vítima";"285.618";"BR-393/RJ";"Sul";"Abalroamento Mesmo Sentido ";1;0;1;0;0;0;0;0;0;0;2;0;0;0;0
"11/04/2014";"01:56:00";"37";"sem vítima";"285.388";"BR-393/RJ";"Sul";"Colisão Transversal";2;0;0;0;0;0;0;0;0;0;2;0;0;0;0
"11/04/2014";"04:53:00";"49";"com vítima";"193.279";"BR-393/RJ";"Sul";"Colisão Lateral";0;0;1;1;0;0;0;0;0;0;1;0;0;0;1
"12/04/2014";"05:22:00";"14";"sem vítima";"225.6";"BR-393/RJ";"Norte";"Choque - Outros";1;0;0;0;0;0;0;0;0;0;2;0;0;0;0
"12/04/2014";"12:17:00";"35";"sem vítima";"180";"BR-393/RJ";"Norte";"Colisão Traseira";2;0;0;0;0;0;0;0;0;0;2;0;0;0;0
"13/04/2014";"06:27:00";"47";"com vítima";"282.497";"BR-393/RJ";"Sul";"Colisão Traseira";3;0;0;0;0;0;0;0;0;0;2;1;0;0;0
"13/04/2014";"06:55:00";"48";"sem vítima";"282";"BR-393/RJ";"Sul";"Colisão Traseira";2;0;0;0;0;0;0;0;0;0;2;0;0;0;0
"13/04/2014";"07:17:00";"50";"sem vítima";"282.1";"BR-393/RJ";"Norte";"Colisão Traseira";2;0;0;0;0;0;0;0;0;0;2;0;0;0;0
"15/04/2014";"06:52:00";"17";"com vítima";"277.554";"BR-393/RJ";"Sul";"Atropelamento - Ciclista";1;1;0;0;0;0;0;0;0;0;1;2;0;0;0
"15/04/2014";"12:22:00";"43";"sem vítima";"157.492";"BR-393/RJ";"Sul";"Abalroamento Mesmo Sentido ";1;0;1;0;0;0;0;0;0;0;2;0;0;0;0
"15/04/2014";"05:50:00";"55";"com vítima";"285";"BR-393/RJ";"Norte";"Outros - Sequência";1;0;2;0;0;0;0;0;0;0;2;0;1;0;0
"16/04/2014";"06:38:00";"55";"com vítima";"250.486";"BR-393/RJ";"Sul";"Colisão Transversal";1;0;0;1;0;0;0;0;0;0;1;1;0;0;0
"16/04/2014";"11:45:00";"63";"com vítima";"147.217";"BR-393/RJ";"Norte";"Tombamento";0;0;1;0;0;0;0;0;0;0;0;1;0;0;0
"17/04/2014";"12:01:00";"1";"sem vítima";"284.512";"BR-393/RJ";"Norte";"Colisão Traseira";2;0;0;0;0;0;0;0;0;0;3;0;0;0;0
"17/04/2014";"09:06:00";"24";"com vítima";"281.9";"BR-393/RJ";"Norte";"Colisão Transversal";1;0;0;1;0;0;0;0;0;0;0;2;0;0;0
"17/04/2014";"09:13:00";"25";"sem vítima";"155.577";"BR-393/RJ";"Norte";"Colisão Traseira";1;0;1;0;0;0;0;0;0;0;6;0;0;0;0
"17/04/2014";"10:04:00";"27";"sem vítima";"285.493";"BR-393/RJ";"Norte";"Colisão Traseira";1;0;1;0;0;0;0;0;0;0;2;0;0;0;0
"17/04/2014";"11:32:00";"32";"com vítima";"176.889";"BR-393/RJ";"Norte";"Colisão Lateral";1;0;1;0;0;0;0;0;0;0;3;1;0;0;0
"17/04/2014";"05:27:00";"51";"sem vítima";"284.208";"BR-393/RJ";"Norte";"Colisão Traseira";1;0;1;0;0;0;0;0;0;0;2;0;0;0;0
"18/04/2014";"06:50:00";"13";"sem vítima";"255.805";"BR-393/RJ";"Norte";"Colisão Traseira";1;0;0;1;0;0;0;0;0;0;2;0;0;0;0
"18/04/2014";"07:36:00";"17";"sem vítima";"202.254";"BR-393/RJ";"Norte";"Engavetamento";3;0;0;0;0;0;0;0;0;0;3;0;0;0;0
"18/04/2014";"09:30:00";"26";"sem vítima";"106.294";"BR-393/RJ";"Norte";"Engavetamento";1;0;1;0;0;0;0;0;0;1;5;0;0;0;0
"18/04/2014";"11:58:00";"42";"com vítima";"168.761";"BR-393/RJ";"Norte";"Colisão Transversal";1;0;1;0;0;0;0;0;0;0;0;3;0;0;0
"20/04/2014";"05:27:00";"47";"com vítima";"282.8";"BR-393/RJ";"Norte";"Engavetamento";3;0;0;0;0;0;0;0;0;0;3;1;0;0;0
"20/04/2014";"11:06:00";"60";"com vítima";"174.553";"BR-393/RJ";"Sul";"Atropelamento de Animal";0;0;0;0;1;0;0;0;0;0;50;1;0;0;0
"21/04/2014";"06:05:00";"13";"com vítima";"218.567";"BR-393/RJ";"Norte";"Capotamento";1;0;0;0;0;0;0;0;0;0;3;2;1;0;0
"21/04/2014";"09:35:00";"23";"sem vítima";"175.813";"BR-393/RJ";"Norte";"Tombamento";0;0;1;0;0;0;0;0;0;0;1;0;0;0;0
"22/04/2014";"12:25:00";"29";"sem vítima";"281.356";"BR-393/RJ";"Norte";"Colisão Traseira";0;0;2;0;0;0;0;0;0;0;3;0;0;0;0
"22/04/2014";"05:43:00";"47";"com vítima";"266.602";"BR-393/RJ";"Norte";"Capotamento";1;0;0;0;0;0;0;0;0;0;1;4;0;0;0
"22/04/2014";"07:20:00";"54";"com vítima";"226";"BR-393/RJ";"Sul";"Capotamento";1;0;0;0;0;0;0;0;0;0;0;2;0;0;0
"23/04/2014";"04:18:00";"14";"sem vítima";"140.283";"BR-393/RJ";"Norte";"Capotamento";1;0;0;0;0;0;0;0;0;0;1;0;0;0;0