data;horario;n_da_ocorrencia;tipo_de_ocorrencia;km;trecho;sentido;tipo_de_acidente;automovel;bicicleta;caminhao;moto;onibus;outros;tracao_animal;transporte_de_cargas_especiais;trator_maquinas;utilitarios;ilesos;levemente_feridos;moderadamente_feridos;gravemente_feridos;mortos
"16/12/2014";"08:32:00";"72";"com vítima";"235.803";"BR-393/RJ";"Pista Norte";"Colisão lateral no mesmo sentido";1;0;0;1;0;0;0;0;0;0;1;1;1;0;0
"17/12/2014";"07:47:00";"22";"sem vítima";"122.8";"BR-393/RJ";"Pista Sul";"Saídas de pista";0;0;1;0;0;0;0;0;0;0;1;0;0;0;0
"18/12/2014";"07:53:00";"20";"com vítima";"235.899";"BR-393/RJ";"Pista Sul";"Acidentes de outra natureza";1;0;1;0;0;0;0;0;0;0;0;3;0;0;0
"18/12/2014";"07:06:00";"74";"com vítima";"164.7";"BR-393/RJ";"Pista Norte";"Tombamento";0;0;1;0;0;0;0;0;0;0;1;0;1;0;0
"19/12/2014";"02:41:00";"53";"com vítima";"262.855";"BR-393/RJ";"Pista Norte";"Acidentes de outra natureza";2;0;0;0;0;0;0;0;0;0;2;4;0;0;0
"19/12/2014";"05:38:00";"63";"com vítima";"265.096";"BR-393/RJ";"Pista Norte";"Colisão com veículos (traseira)";2;0;0;0;0;0;0;0;0;0;2;3;0;0;0
"19/12/2014";"10:26:00";"71";"sem vítima";"284.2";"BR-393/RJ";"Pista Norte";"Colisão com veículos (traseira)";2;0;0;0;0;0;0;0;0;0;2;0;0;0;0
"19/12/2014";"11:39:00";"76";"sem vítima";"279.641";"BR-393/RJ";"Pista Norte";"Saídas de pista";1;0;0;0;0;0;0;0;0;0;1;0;0;0;0
"20/12/2014";"01:20:00";"3";"sem vítima";"223.996";"BR-393/RJ";"Pista Norte";"Saídas de pista";0;0;0;0;0;0;0;0;0;1;2;0;0;0;0
"20/12/2014";"04:31:00";"14";"sem vítima";"283";"BR-393/RJ";"Pista Norte";"Colisão com veículos (traseira)";2;0;0;0;0;0;0;0;0;0;2;0;0;0;0
"20/12/2014";"08:58:00";"36";"sem vítima";"237";"BR-393/RJ";"Pista Norte";"Colisão lateral no sentido contrário";2;0;0;0;0;0;0;0;0;0;6;0;0;0;0
"20/12/2014";"10:51:00";"44";"sem vítima";"216";"BR-393/RJ";"Pista Norte";"Colisão lateral no sentido contrário";0;0;2;0;0;0;0;0;0;0;2;0;0;0;0
"20/12/2014";"12:03:00";"49";"com vítima";"283.8";"BR-393/RJ";"Pista Norte";"Acidentes de outra natureza";0;0;0;1;0;0;0;0;0;0;0;1;0;0;0
"20/12/2014";"03:04:00";"65";"sem vítima";"142.4";"BR-393/RJ";"Pista Norte";"Colisão lateral no sentido contrário";2;0;0;0;0;0;0;0;0;0;2;0;0;0;0
"20/12/2014";"10:29:00";"78";"com vítima";"235.175";"BR-393/RJ";"Pista Norte";"Acidentes de outra natureza";0;0;0;1;0;0;0;0;0;0;0;1;0;0;0
"20/12/2014";"11:38:00";"80";"com vítima";"283.6";"BR-393/RJ";"Pista Norte";"Colisão com veículos (traseira)";2;0;0;0;0;0;0;0;0;0;1;2;0;0;0
"20/12/2014";"11:53:00";"81";"com vítima";"284.8";"BR-393/RJ";"Pista Sul";"Colisão lateral no sentido contrário";2;0;0;0;0;0;0;0;0;0;2;3;0;0;0
"21/12/2014";"02:08:00";"11";"com vítima";"264.38";"BR-393/RJ";"Pista Norte";"Acidentes de outra natureza";0;0;0;1;0;0;0;0;0;0;0;2;0;0;0
"21/12/2014";"04:30:00";"15";"sem vítima";"281";"BR-393/RJ";"Pista Sul";"Colisão lateral no sentido contrário";2;0;0;0;0;0;0;0;0;0;2;0;0;0;0
"21/12/2014";"11:53:00";"32";"com vítima";"202";"BR-393/RJ";"Pista Norte";"Colisão lateral no sentido contrário";1;0;1;0;0;0;0;0;0;0;1;4;0;0;0
"21/12/2014";"02:24:00";"40";"com vítima";"178";"BR-393/RJ";"Pista Norte";"Colisão com veículos (traseira)";1;0;1;0;0;0;0;0;0;0;2;1;0;0;0
"21/12/2014";"02:45:00";"42";"com vítima";"148";"BR-393/RJ";"Pista Sul";"Colisão c/ obstáculos";1;0;0;0;0;0;0;0;0;0;0;2;2;0;0
"22/12/2014";"04:14:00";"41";"sem vítima";"155";"BR-393/RJ";"Pista Sul";"Saídas de pista";1;0;0;0;0;0;0;0;0;0;1;0;0;0;0
"22/12/2014";"05:43:00";"45";"sem vítima";"125.5";"BR-393/RJ";"Pista Norte";"Colisão com veículos (traseira)";2;0;0;0;0;0;0;0;0;0;5;0;0;0;0
"22/12/2014";"10:16:00";"52";"com vítima";"147.382";"BR-393/RJ";"Pista Norte";"Tombamento";0;0;1;0;0;0;0;0;0;0;0;0;1;0;0
"23/12/2014";"08:01:00";"19";"sem vítima";"105.817";"BR-393/RJ";"Pista Norte";"Colisão com veículos (traseira)";1;0;0;0;0;0;0;0;0;1;5;0;0;0;0
"23/12/2014";"07:58:00";"57";"com vítima";"122.1";"BR-393/RJ";"Pista Norte";"Saídas de pista";1;0;0;0;0;0;0;0;0;0;0;2;0;0;0
"24/12/2014";"12:04:00";"1";"sem vítima";"178";"BR-393/RJ";"Pista Sul";"Colisão com veículos (traseira)";2;0;0;0;0;0;0;0;0;0;5;0;0;0;0
"24/12/2014";"06:13:00";"83";"com vítima";"195";"BR-393/RJ";"Pista Norte";"Colisão com veículos (traseira)";1;0;1;0;0;0;0;0;0;0;0;6;0;0;0
"24/12/2014";"09:04:00";"92";"com vítima";"142.501";"BR-393/RJ";"Pista Norte";"Atropelamento de pedestre";1;0;0;0;0;0;0;0;0;0;1;1;0;0;0
"24/12/2014";"09:35:00";"95";"com vítima";"182.201";"BR-393/RJ";"Pista Sul";"Colisão c/ obstáculos";1;0;0;0;0;0;0;0;0;0;2;0;1;0;0
"25/12/2014";"01:31:00";"10";"sem vítima";"281.469";"BR-393/RJ";"Pista Norte";"Colisão lateral no sentido contrário";2;0;0;0;0;0;0;0;0;0;3;0;0;0;0
"25/12/2014";"03:02:00";"34";"sem vítima";"114.311";"BR-393/RJ";"Pista Norte";"Saídas de pista";1;0;0;0;0;0;0;0;0;0;1;0;0;0;0
"26/12/2014";"03:57:00";"35";"com vítima";"164.677";"BR-393/RJ";"Pista Norte";"Saídas de pista";0;0;0;1;0;0;0;0;0;0;0;0;1;0;0
"26/12/2014";"04:30:00";"37";"com vítima";"235.705";"BR-393/RJ";"Pista Sul";"Acidentes de outra natureza";0;0;0;1;0;0;0;0;0;0;0;2;0;0;0
"26/12/2014";"07:16:00";"46";"com vítima";"187";"BR-393/RJ";"Pista Sul";"Acidentes de outra natureza";0;0;0;1;0;0;0;0;0;0;0;0;1;0;0
"27/12/2014";"08:37:00";"20";"com vítima";"235.265";"BR-393/RJ";"Pista Sul";"Colisão lateral no sentido contrário";1;0;1;0;0;0;0;0;0;0;2;0;0;0;1
"27/12/2014";"11:19:00";"28";"sem vítima";"285";"BR-393/RJ";"Pista Norte";"Colisão com veículos (traseira)";1;0;1;0;0;0;0;0;0;0;2;0;0;0;0
"27/12/2014";"01:50:00";"34";"com vítima";"168.718";"BR-393/RJ";"Pista Sul";"Colisão lateral no sentido contrário";1;0;0;0;1;0;0;0;0;0;41;1;0;0;0
"27/12/2014";"08:04:00";"48";"com vítima";"258";"BR-393/RJ";"Pista Norte";"Colisão lateral no sentido contrário";1;0;0;0;1;0;0;0;0;0;20;0;0;1;0
"28/12/2014";"12:48:00";"1";"com vítima";"217.7";"BR-393/RJ";"Pista Norte";"Acidentes de outra natureza";0;0;0;1;0;0;0;0;0;0;0;0;1;0;0
"28/12/2014";"06:37:00";"59";"sem vítima";"285.628";"BR-393/RJ";"Pista Sul";"Engavetamento";3;0;0;0;0;0;0;0;0;0;3;0;0;0;0
"28/12/2014";"09:33:00";"73";"com vítima";"219.028";"BR-393/RJ";"Pista Sul";"Colisão lateral no sentido contrário";1;0;1;0;0;0;0;0;0;0;0;2;2;0;0
"29/12/2014";"10:27:00";"31";"sem vítima";"285.593";"BR-393/RJ";"Pista Sul";"Engavetamento";2;0;0;0;1;0;0;0;0;0;4;0;0;0;0
"29/12/2014";"11:03:00";"32";"com vítima";"286.4";"BR-393/RJ";"Pista Sul";"Engavetamento";3;0;0;0;0;0;0;0;0;0;2;1;0;0;0
"29/12/2014";"11:13:00";"33";"com vítima";"158.546";"BR-393/RJ";"Pista Sul";"Colisão Transversal";1;0;1;0;0;0;0;0;0;0;1;3;0;1;0
"29/12/2014";"01:44:00";"41";"sem vítima";"285.593";"BR-393/RJ";"Pista Sul";"Colisão com veículos (traseira)";2;0;0;0;0;0;0;0;0;0;3;0;0;0;0
"29/12/2014";"10:24:00";"76";"sem vítima";"164.75";"BR-393/RJ";"Pista Norte";"Saídas de pista";1;0;0;0;0;0;0;0;0;0;2;0;0;0;0
"29/12/2014";"10:56:00";"77";"sem vítima";"285";"BR-393/RJ";"Pista Sul";"Colisão com veículos (traseira)";2;0;0;0;0;0;0;0;0;0;2;0;0;0;0
"30/12/2014";"09:28:00";"22";"sem vítima";"102.879";"BR-393/RJ";"Pista Norte";"Colisão com veículos (traseira)";2;0;0;0;0;0;0;0;0;0;4;0;0;0;0
"31/12/2014";"03:53:00";"12";"sem vítima";"147";"BR-393/RJ";"Pista Sul";"Saídas de pista";1;0;0;0;0;0;0;0;0;0;2;0;0;0;0
"31/12/2014";"02:12:00";"37";"com vítima";"260.858";"BR-393/RJ";"Pista Sul";"Saídas de pista";1;0;0;0;0;0;0;0;0;0;0;4;0;0;0
"01/01/2015";"04:32:00";"12";"com vítima";"181.7";"BR-393/RJ";"Pista Norte";"Saídas de pista";1;0;0;0;0;0;0;0;0;0;0;1;0;0;0
"01/01/2015";"08:39:00";"19";"sem vítima";"283.492";"BR-393/RJ";"Pista Norte";"Colisão c/ obstáculos";1;0;0;0;0;0;0;0;0;0;1;0;0;0;0
"02/01/2015";"02:16:00";"10";"sem vítima";"260.462";"BR-393/RJ";"Pista Norte";"Colisão c/ obstáculos";1;0;0;0;0;0;0;0;0;0;4;0;0;0;0
"02/01/2015";"09:20:00";"22";"sem vítima";"108.524";"BR-393/RJ";"Pista Norte";"Choque - Outros";1;0;0;0;0;0;0;0;0;0;2;0;0;0;0
"02/01/2015";"10:34:00";"25";"com vítima";"166.079";"BR-393/RJ";"Pista Norte";"Colisão com veículos (traseira)";0;0;1;0;0;0;0;0;0;1;2;5;0;0;0
"02/01/2015";"06:35:00";"46";"com vítima";"206.96";"BR-393/RJ";"Pista Sul";"Saídas de pista";1;0;0;0;0;0;0;0;0;0;0;0;1;0;0
"03/01/2015";"09:54:00";"32";"com vítima";"281.304";"BR-393/RJ";"Pista Norte";"Colisão lateral no sentido contrário";1;0;0;1;0;0;0;0;0;0;2;1;0;0;0
"03/01/2015";"01:18:00";"42";"sem vítima";"281.492";"BR-393/RJ";"Pista Sul";"Colisão lateral no sentido contrário";2;0;0;0;0;0;0;0;0;0;3;0;0;0;0
"03/01/2015";"01:23:00";"43";"com vítima";"167.764";"BR-393/RJ";"Pista Norte";"Colisão com veículos (traseira)";2;0;0;0;0;0;0;0;0;0;5;1;0;0;0
"05/01/2015";"09:22:00";"29";"sem vítima";"230.677";"BR-393/RJ";"Pista Sul";"Capotamento";1;0;0;0;0;0;0;0;0;0;3;0;0;0;0
"05/01/2015";"02:52:00";"47";"sem vítima";"283.32";"BR-393/RJ";"Pista Sul";"Engavetamento";3;0;0;0;0;0;0;0;0;0;7;0;0;0;0
"05/01/2015";"03:02:00";"48";"sem vítima";"127.627";"BR-393/RJ";"Pista Norte";"Colisão c/ obstáculos";1;0;0;0;0;0;0;0;0;0;4;0;0;0;0
"05/01/2015";"07:39:00";"61";"sem vítima";"229.392";"BR-393/RJ";"Pista Sul";"Saídas de pista";0;0;1;0;0;0;0;0;0;0;1;0;0;0;0
"06/01/2015";"04:28:00";"54";"sem vítima";"158";"BR-393/RJ";"Pista Sul";"Saídas de pista";1;0;0;0;0;0;0;0;0;0;1;0;0;0;0
"06/01/2015";"04:52:00";"56";"com vítima";"226.4";"BR-393/RJ";"Pista Sul";"Capotamento";0;0;0;1;0;0;0;0;0;0;0;0;2;0;0
"07/01/2015";"06:45:00";"14";"com vítima";"223.577";"BR-393/RJ";"Pista Sul";"Colisão c/ obstáculos";1;0;0;0;0;0;0;0;0;0;1;2;0;0;0
"07/01/2015";"11:52:00";"37";"sem vítima";"168.947";"BR-393/RJ";"Pista Sul";"Colisão com veículos (traseira)";1;0;1;0;0;0;0;0;0;0;3;0;0;0;0
"08/01/2015";"12:20:00";"38";"com vítima";"250";"BR-393/RJ";"Pista Norte";"Colisão lateral no sentido contrário";1;0;0;1;0;0;0;0;0;0;1;0;0;1;0
"09/01/2015";"12:13:00";"47";"sem vítima";"162";"BR-393/RJ";"Pista Norte";"Saídas de pista";0;0;1;0;0;0;0;0;0;0;1;0;0;0;0
"10/01/2015";"09:17:00";"28";"sem vítima";"138.09";"BR-393/RJ";"Pista Norte";"Tombamento";0;0;1;0;0;0;0;0;0;0;1;0;0;0;0
"10/01/2015";"09:51:00";"61";"sem vítima";"281.566";"BR-393/RJ";"Pista Sul";"Colisão lateral no sentido contrário";1;0;1;0;0;0;0;0;0;0;3;0;0;0;0
"10/01/2015";"10:59:00";"63";"sem vítima";"281.045";"BR-393/RJ";"Pista Norte";"Colisão lateral no sentido contrário";1;0;0;1;0;0;0;0;0;0;5;0;0;0;0
"11/01/2015";"02:27:00";"44";"com vítima";"274.677";"BR-393/RJ";"Pista Sul";"Colisão lateral no mesmo sentido";1;0;1;0;0;0;0;0;0;0;1;4;0;0;0
"12/01/2015";"09:02:00";"22";"com vítima";"204.457";"BR-393/RJ";"Pista Norte";"Acidentes de outra natureza";0;0;0;1;0;0;0;0;0;0;0;1;0;0;0
"12/01/2015";"09:39:00";"28";"com vítima";"146";"BR-393/RJ";"Pista Norte";"Colisão lateral no mesmo sentido";0;0;1;1;0;0;0;0;0;0;2;1;0;0;0
"12/01/2015";"10:59:00";"37";"com vítima";"250.812";"BR-393/RJ";"Pista Norte";"Acidentes de outra natureza";3;0;0;0;0;0;0;0;0;0;0;8;0;1;0
"12/01/2015";"10:36:00";"74";"sem vítima";"200.7";"BR-393/RJ";"Pista Sul";"Atropelamento de animais";0;0;1;0;0;0;0;0;0;0;1;0;0;0;0
"13/01/2015";"01:50:00";"58";"com vítima";"268.3";"BR-393/RJ";"Pista Norte";"Acidentes de outra natureza";0;0;0;1;0;0;0;0;0;0;0;1;0;0;0
"13/01/2015";"07:27:00";"77";"sem vítima";"284";"BR-393/RJ";"Pista Norte";"Colisão com veículos (traseira)";2;0;0;0;0;0;0;0;0;0;5;0;0;0;0
"14/01/2015";"08:44:00";"69";"com vítima";"123.193";"BR-393/RJ";"Pista Sul";"Acidentes de outra natureza";0;0;0;1;0;0;0;0;0;0;0;1;2;0;0
"15/01/2015";"04:54:00";"58";"sem vítima";"125.445";"BR-393/RJ";"Pista Sul";"Engavetamento";3;0;0;0;0;0;0;0;0;0;8;0;0;0;0
"16/01/2015";"07:13:00";"65";"sem vítima";"286";"BR-393/RJ";"Pista Sul";"Colisão com veículos (traseira)";2;0;0;0;0;0;0;0;0;0;2;0;0;0;0
"16/01/2015";"08:24:00";"69";"sem vítima";"284.3";"BR-393/RJ";"Pista Norte";"Colisão com veículos (traseira)";2;0;0;0;0;0;0;0;0;0;2;0;0;0;0
"17/01/2015";"08:28:00";"18";"sem vítima";"282.39";"BR-393/RJ";"Pista Norte";"Acidentes de outra natureza";4;0;0;0;0;0;0;0;0;0;7;0;0;0;0
"17/01/2015";"12:04:00";"31";"com vítima";"123.571";"BR-393/RJ";"Pista Norte";"Colisão com veículos (frontal)";0;0;2;0;0;0;0;0;0;0;0;2;1;0;1
"17/01/2015";"02:54:00";"43";"com vítima";"279.7";"BR-393/RJ";"Pista Sul";"Colisão com veículos (frontal)";2;0;0;0;0;0;0;0;0;0;5;1;0;0;0
"17/01/2015";"04:13:00";"47";"com vítima";"253.164";"BR-393/RJ";"Pista Norte";"Colisão com veículos (frontal)";1;0;0;0;0;0;0;0;0;1;1;0;0;1;0
"18/01/2015";"08:40:00";"25";"sem vítima";"286";"BR-393/RJ";"Pista Sul";"Colisão com veículos (traseira)";2;0;0;0;0;0;0;0;0;0;4;0;0;0;0
"18/01/2015";"02:29:00";"50";"com vítima";"103.695";"BR-393/RJ";"Pista Norte";"Engavetamento";3;0;0;0;0;0;0;0;0;0;1;6;0;0;0
"18/01/2015";"11:48:00";"85";"com vítima";"250";"BR-393/RJ";"Pista Norte";"Acidentes de outra natureza";0;0;0;1;0;0;0;0;0;0;0;1;0;0;0
"19/01/2015";"12:30:00";"38";"com vítima";"175.619";"BR-393/RJ";"Pista Sul";"Colisão lateral no mesmo sentido";1;0;1;0;0;0;0;0;0;0;1;1;0;0;0
"20/01/2015";"03:01:00";"5";"com vítima";"210.6";"BR-393/RJ";"Pista Norte";"Acidentes de outra natureza";1;0;2;0;0;0;0;0;0;0;0;4;0;0;0
"21/01/2015";"05:05:00";"66";"com vítima";"3";"Alça Sul";"Pista Sul";"Colisão lateral no mesmo sentido";1;0;0;1;0;0;0;0;0;0;4;1;0;0;0
"22/01/2015";"06:07:00";"14";"com vítima";"189.38";"BR-393/RJ";"Pista Norte";"Colisão com veículos (frontal)";0;0;2;0;0;0;0;0;0;0;0;1;0;0;1
"22/01/2015";"06:11:00";"54";"com vítima";"157";"BR-393/RJ";"Pista Norte";"Colisão c/ obstáculos";1;0;0;0;0;0;0;0;0;0;3;1;0;0;0
"22/01/2015";"07:38:00";"59";"sem vítima";"224.903";"BR-393/RJ";"Pista Sul";"Colisão com veículos (traseira)";1;0;0;0;0;0;0;0;0;0;1;0;0;0;0
"22/01/2015";"08:12:00";"62";"sem vítima";"103.9";"BR-393/RJ";"Pista Sul";"Colisão com veículos (traseira)";1;0;1;0;0;0;0;0;0;0;2;0;0;0;0
"23/01/2015";"08:46:00";"23";"sem vítima";"252.31";"BR-393/RJ";"Pista Norte";"Engavetamento";3;0;0;0;0;0;0;0;0;0;3;0;0;0;0
"23/01/2015";"02:31:00";"56";"com vítima";"199.383";"BR-393/RJ";"Pista Norte";"Acidentes de outra natureza";0;0;1;0;0;0;0;0;0;0;1;0;1;0;0
"24/01/2015";"08:38:00";"18";"com vítima";"217.632";"BR-393/RJ";"Pista Norte";"Saídas de pista";1;0;0;0;0;0;0;0;0;0;1;1;0;0;0
"24/01/2015";"12:35:00";"26";"com vítima";"263.09";"BR-393/RJ";"Pista Norte";"Tombamento";0;0;1;0;0;0;0;0;0;0;0;1;0;0;0
"24/01/2015";"03:11:00";"29";"com vítima";"114.543";"BR-393/RJ";"Pista Norte";"Saídas de pista";0;0;2;0;0;0;0;0;0;0;1;1;1;0;0
"25/01/2015";"07:24:00";"21";"com vítima";"131.426";"BR-393/RJ";"Pista Norte";"Tombamento";0;0;1;0;0;0;0;0;0;0;0;1;0;0;0
"25/01/2015";"08:15:00";"26";"com vítima";"235";"BR-393/RJ";"Pista Norte";"Colisão lateral no sentido contrário";0;0;0;1;0;0;0;0;0;1;1;1;0;0;0
"25/01/2015";"10:27:00";"35";"com vítima";"263";"BR-393/RJ";"Pista Norte";"Acidentes de outra natureza";0;0;0;1;0;0;0;0;0;0;0;1;0;0;0
"25/01/2015";"10:39:00";"38";"com vítima";"162.2";"BR-393/RJ";"Pista Sul";"Tombamento";0;0;1;0;0;0;0;0;0;0;0;0;1;0;0
"25/01/2015";"11:02:00";"39";"com vítima";"172.3";"BR-393/RJ";"Pista Norte";"Colisão lateral no sentido contrário";2;0;0;0;0;0;0;0;0;0;0;5;0;0;0
"25/01/2015";"11:45:00";"40";"sem vítima";"236.797";"BR-393/RJ";"Pista Norte";"Colisão com veículos (traseira)";2;0;0;0;0;0;0;0;0;0;2;0;0;0;0
"25/01/2015";"12:26:00";"44";"sem vítima";"286";"BR-393/RJ";"Pista Norte";"Engavetamento";2;0;0;0;1;0;0;0;0;0;3;0;0;0;0
"25/01/2015";"01:55:00";"50";"com vítima";"180.4";"BR-393/RJ";"Pista Norte";"Tombamento";0;0;1;0;0;0;0;0;0;0;0;1;0;0;0
"25/01/2015";"08:17:00";"73";"com vítima";"2";"Alça Sul";"Pista Norte";"Colisão lateral no sentido contrário";1;0;0;1;0;0;0;0;0;0;3;2;0;0;0
"25/01/2015";"10:00:00";"84";"sem vítima";"125";"BR-393/RJ";"Pista Norte";"Colisão com veículos (traseira)";0;0;2;0;0;0;0;0;0;0;3;0;0;0;0
"26/01/2015";"04:37:00";"56";"sem vítima";"263.9";"BR-393/RJ";"Pista Norte";"Saídas de pista";0;0;1;0;0;0;0;0;0;0;1;0;0;0;0
"28/01/2015";"12:23:00";"1";"sem vítima";"281.52";"BR-393/RJ";"Pista Norte";"Colisão com veículos (traseira)";0;0;2;0;0;0;0;0;0;0;3;0;0;0;0
"29/01/2015";"03:15:00";"53";"sem vítima";"236.5";"BR-393/RJ";"Pista Norte";"Colisão lateral no sentido contrário";1;0;0;0;0;0;0;0;0;1;4;0;0;0;0
"29/01/2015";"04:05:00";"57";"sem vítima";"281.538";"BR-393/RJ";"Pista Norte";"Colisão lateral no sentido contrário";2;0;0;0;0;0;0;0;0;0;2;0;0;0;0
"29/01/2015";"05:40:00";"60";"sem vítima";"252.3";"BR-393/RJ";"Pista Norte";"Colisão com veículos (traseira)";1;0;1;0;0;0;0;0;0;0;2;0;0;0;0
"30/01/2015";"08:19:00";"26";"com vítima";"285";"BR-393/RJ";"Pista Norte";"Colisão com veículos (traseira)";1;0;0;1;0;0;0;0;0;0;1;1;0;0;0
"30/01/2015";"08:49:00";"29";"sem vítima";"285";"BR-393/RJ";"Pista Sul";"Colisão lateral no sentido contrário";1;0;1;0;0;0;0;0;0;0;2;0;0;0;0
"30/01/2015";"02:58:00";"50";"com vítima";"258.695";"BR-393/RJ";"Pista Sul";"Colisão com veículos (traseira)";1;0;0;0;0;0;0;0;0;1;1;1;0;0;0
"31/01/2015";"03:34:00";"11";"com vítima";"239";"BR-393/RJ";"Pista Sul";"Acidentes de outra natureza";1;0;1;0;0;0;0;0;0;0;0;3;0;0;0
"31/01/2015";"05:46:00";"13";"sem vítima";"239";"BR-393/RJ";"Pista Norte";"Colisão c/ obstáculos";1;0;0;0;0;0;0;0;0;0;1;0;0;0;0
"31/01/2015";"09:44:00";"21";"sem vítima";"266";"BR-393/RJ";"Pista Sul";"Saídas de pista";1;0;0;0;0;0;0;0;0;0;2;0;0;0;0
"31/01/2015";"02:05:00";"33";"com vítima";"192.812";"BR-393/RJ";"Pista Norte";"Colisão lateral no mesmo sentido";1;0;1;0;0;0;0;0;0;0;0;5;0;0;0
"01/02/2015";"11:51:00";"24";"sem vítima";"281";"BR-393/RJ";"Pista Sul";"Colisão lateral no sentido contrário";1;0;0;1;0;0;0;0;0;0;2;0;0;0;0
"01/02/2015";"04:58:00";"36";"com vítima";"179.095";"BR-393/RJ";"Pista Norte";"Colisão lateral no sentido contrário";1;0;0;0;1;0;0;0;0;0;20;3;0;0;0
"01/02/2015";"10:59:00";"46";"sem vítima";"106.05";"BR-393/RJ";"Pista Sul";"Colisão com veículos (traseira)";2;0;0;0;0;0;0;0;0;0;4;0;0;0;0
"02/02/2015";"10:32:00";"26";"sem vítima";"109.4";"BR-393/RJ";"Pista Norte";"Colisão lateral no mesmo sentido";0;0;1;0;0;0;0;0;0;1;3;0;0;0;0
"03/02/2015";"12:49:00";"2";"sem vítima";"251.878";"BR-393/RJ";"Pista Sul";"Saídas de pista";1;0;0;0;0;0;0;0;0;0;1;0;0;0;0
"03/02/2015";"05:01:00";"12";"sem vítima";"130";"BR-393/RJ";"Pista Sul";"Colisão c/ obstáculos";0;0;0;0;1;0;0;0;0;0;30;0;0;0;0
"04/02/2015";"03:26:00";"43";"sem vítima";"270.6";"BR-393/RJ";"Pista Norte";"Colisão com veículos (traseira)";2;0;0;0;0;0;0;0;0;0;3;0;0;0;0
"04/02/2015";"04:43:00";"48";"com vítima";"268.523";"BR-393/RJ";"Pista Sul";"Colisão c/ obstáculos";0;0;1;0;0;0;0;0;0;0;0;0;0;0;1
"04/02/2015";"05:01:00";"50";"sem vítima";"270";"BR-393/RJ";"Pista Norte";"Colisão c/ obstáculos";2;0;0;0;0;0;0;0;0;0;2;0;0;0;0
"04/02/2015";"05:04:00";"51";"com vítima";"127.3";"BR-393/RJ";"Pista Norte";"Colisão com veículos (frontal)";1;0;1;0;0;0;0;0;0;0;0;0;3;2;1
"04/02/2015";"11:39:00";"62";"com vítima";"239.5";"BR-393/RJ";"Pista Sul";"Colisão com veículos (traseira)";1;0;1;0;0;0;0;0;0;0;2;0;1;0;0
"05/02/2015";"06:37:00";"12";"com vítima";"139.553";"BR-393/RJ";"Pista Sul";"Saídas de pista";1;0;0;0;0;0;0;0;0;0;0;2;0;0;0
"05/02/2015";"09:02:00";"18";"com vítima";"160";"BR-393/RJ";"Pista Sul";"Colisão c/ obstáculos";1;0;0;0;0;0;0;0;0;0;0;1;0;0;0
"06/02/2015";"04:39:00";"80";"com vítima";"155";"BR-393/RJ";"Pista Norte";"Colisão c/ obstáculos";0;0;0;0;0;0;0;0;0;1;0;3;0;0;0
"06/02/2015";"04:41:00";"81";"sem vítima";"176";"BR-393/RJ";"Pista Sul";"Colisão com veículos (traseira)";2;0;0;0;0;0;0;0;0;0;3;0;0;0;0
"06/02/2015";"07:38:00";"91";"sem vítima";"284.837";"BR-393/RJ";"Pista Sul";"Colisão com veículos (traseira)";1;0;1;1;0;0;0;0;0;0;3;0;0;0;0
"07/02/2015";"01:08:00";"3";"com vítima";"236.8";"BR-393/RJ";"Pista Sul";"Atropelamento de pedestre";0;0;0;1;0;0;0;0;0;0;0;1;0;0;1
"07/02/2015";"06:12:00";"23";"com vítima";"142";"BR-393/RJ";"Pista Norte";"Colisão lateral no sentido contrário";2;0;0;0;0;0;0;0;0;0;0;2;0;0;0
"07/02/2015";"06:14:00";"24";"com vítima";"219.4";"BR-393/RJ";"Pista Sul";"Atropelamento de animais";0;0;0;0;0;0;0;0;0;1;0;4;0;0;0
"07/02/2015";"06:45:00";"29";"com vítima";"165";"BR-393/RJ";"Pista Sul";"Capotamento";1;0;0;0;0;0;0;0;0;0;0;1;0;0;0
"07/02/2015";"10:28:00";"40";"sem vítima";"249.38";"BR-393/RJ";"Pista Norte";"Acidentes de outra natureza";0;0;0;1;0;0;0;0;0;0;1;0;0;0;0