data;horario;n_da_ocorrencia;tipo_de_ocorrencia;km;trecho;sentido;tipo_de_acidente;automovel;bicicleta;caminhao;moto;onibus;outros;tracao_animal;transporte_de_cargas_especiais;trator_maquinas;utilitarios;ilesos;levemente_feridos;moderadamente_feridos;gravemente_feridos;mortos
"09/04/2015";"09:22:00";"44";"sem vítima";"132";"BR-393/RJ";"Pista Norte";"Colisão com veículos (traseira)";1;0;0;1;0;0;0;0;0;0;2;0;0;0;0
"09/04/2015";"09:26:00";"103";"sem vítima";"265";"BR-393/RJ";"Pista Norte";"Colisão lateral no mesmo sentido";1;0;1;0;0;0;0;0;0;0;3;0;0;0;0
"10/04/2015";"12:22:00";"51";"com vítima";"240";"BR-393/RJ";"Pista Norte";"Capotamento";1;0;0;0;0;0;0;0;0;0;0;0;1;0;0
"10/04/2015";"03:34:00";"66";"com vítima";"279.5";"BR-393/RJ";"Pista Norte";"Colisão lateral no sentido contrário";1;0;0;1;0;0;0;0;0;0;0;1;1;0;0
"10/04/2015";"06:46:00";"75";"sem vítima";"286";"BR-393/RJ";"Pista Sul";"Colisão com veículos (traseira)";2;0;0;0;0;0;0;0;0;0;2;0;0;0;0
"11/04/2015";"04:52:00";"21";"sem vítima";"172.7";"BR-393/RJ";"Pista Norte";"Atropelamento de animais";0;0;0;0;0;1;0;0;0;0;1;0;0;0;0
"11/04/2015";"10:11:00";"43";"sem vítima";"139.94";"BR-393/RJ";"Pista Norte";"Saídas de pista";0;0;1;0;0;0;0;0;0;0;1;0;0;0;0
"11/04/2015";"10:59:00";"50";"sem vítima";"286";"BR-393/RJ";"Pista Norte";"Colisão com veículos (traseira)";2;0;0;0;0;0;0;0;0;0;2;0;0;0;0
"11/04/2015";"05:22:00";"85";"com vítima";"235.394";"BR-393/RJ";"Pista Norte";"Colisão lateral no sentido contrário";1;0;0;1;0;0;0;0;0;0;1;1;0;0;0
"12/04/2015";"04:16:00";"15";"com vítima";"155.6";"BR-393/RJ";"Pista Sul";"Acidentes de outra natureza";0;0;0;1;0;0;0;0;0;0;0;0;1;0;0
"12/04/2015";"07:20:00";"16";"sem vítima";"124.323";"BR-393/RJ";"Pista Norte";"Tombamento";0;0;1;0;0;0;0;0;0;0;1;0;0;0;0
"12/04/2015";"07:50:00";"8";"sem vítima";"285";"BR-393/RJ";"Pista Norte";"Colisão com veículos (traseira)";2;0;0;0;0;0;0;0;0;0;2;0;0;0;0
"12/04/2015";"08:09:00";"9";"com vítima";"188";"BR-393/RJ";"Pista Sul";"Acidentes de outra natureza";0;0;1;2;0;0;0;0;0;0;1;2;1;0;0
"13/04/2015";"08:12:00";"62";"sem vítima";"283.3";"BR-393/RJ";"Pista Sul";"Colisão lateral no sentido contrário";2;0;0;0;0;0;0;0;0;0;4;0;0;0;0
"14/04/2015";"09:00:00";"25";"com vítima";"278";"BR-393/RJ";"Pista Sul";"Colisão lateral no mesmo sentido";2;0;0;0;0;0;0;0;0;0;1;1;0;0;0
"14/04/2015";"06:17:00";"54";"com vítima";"156";"BR-393/RJ";"Pista Norte";"Saídas de pista";1;0;0;0;0;0;0;0;0;0;0;1;0;0;0
"14/04/2015";"11:17:00";"79";"sem vítima";"285.7";"BR-393/RJ";"Pista Norte";"Colisão lateral no sentido contrário";1;0;1;0;0;0;0;0;0;0;2;0;0;0;0
"16/04/2015";"03:20:00";"18";"com vítima";"251.8";"BR-393/RJ";"Pista Norte";"Capotamento";1;0;0;0;0;0;0;0;0;0;0;1;0;0;0
"16/04/2015";"07:20:00";"34";"com vítima";"185.05";"BR-393/RJ";"Pista Norte";"Colisão com veículos (frontal)";1;0;2;0;0;0;0;0;0;0;2;0;0;1;0
"16/04/2015";"01:10:00";"63";"com vítima";"106";"BR-393/RJ";"Pista Norte";"Colisão lateral no sentido contrário";1;0;0;1;0;0;0;0;0;0;1;1;0;0;0
"17/04/2015";"06:44:00";"27";"com vítima";"136.3";"BR-393/RJ";"Pista Norte";"Tombamento";0;0;1;0;0;0;0;0;0;0;0;1;0;0;0
"17/04/2015";"10:43:00";"46";"sem vítima";"252.4";"BR-393/RJ";"Pista Norte";"Colisão lateral no mesmo sentido";2;0;0;0;0;0;0;0;0;0;5;0;0;0;0
"17/04/2015";"10:29:00";"93";"com vítima";"235";"BR-393/RJ";"Pista Norte";"Colisão lateral no mesmo sentido";1;0;0;1;0;0;0;0;0;0;1;1;0;0;0
"18/04/2015";"02:17:00";"5";"com vítima";"123.504";"BR-393/RJ";"Pista Sul";"Colisão c/ obstáculos";1;0;0;0;0;0;0;0;0;0;0;2;0;0;0
"18/04/2015";"07:15:00";"26";"sem vítima";"252";"BR-393/RJ";"Pista Sul";"Colisão lateral no sentido contrário";1;0;1;0;0;0;0;0;0;0;2;0;0;0;0
"18/04/2015";"09:07:00";"29";"com vítima";"201.4";"BR-393/RJ";"Pista Norte";"Tombamento";0;0;1;0;0;0;0;0;0;0;0;0;1;0;0
"19/04/2015";"05:05:00";"17";"sem vítima";"249.5";"BR-393/RJ";"Pista Norte";"Colisão com veículos (frontal)";1;0;0;0;1;0;0;0;0;0;45;0;0;0;0
"19/04/2015";"09:27:00";"32";"com vítima";"141.25";"BR-393/RJ";"Pista Sul";"Acidentes de outra natureza";0;1;0;0;0;0;0;0;0;0;0;1;0;0;0
"21/04/2015";"03:47:00";"15";"sem vítima";"286.002";"BR-393/RJ";"Pista Sul";"Colisão com veículos (traseira)";1;0;0;1;0;0;0;0;0;0;2;0;0;0;0
"22/04/2015";"07:49:00";"22";"sem vítima";"285";"BR-393/RJ";"Pista Sul";"Colisão lateral no mesmo sentido";1;0;1;0;0;0;0;0;0;0;2;0;0;0;0
"22/04/2015";"06:15:00";"59";"com vítima";"178.2";"BR-393/RJ";"Pista Sul";"Saídas de pista";1;0;0;0;0;0;0;0;0;0;0;1;0;0;0
"22/04/2015";"06:28:00";"60";"sem vítima";"286.2";"BR-393/RJ";"Pista Norte";"Colisão com veículos (traseira)";1;0;1;0;0;0;0;0;0;0;2;0;0;0;0
"22/04/2015";"06:33:00";"61";"sem vítima";"182.4";"BR-393/RJ";"Pista Sul";"Colisão c/ obstáculos";0;0;1;0;0;0;0;0;0;0;1;0;0;0;0
"22/04/2015";"06:46:00";"63";"sem vítima";"265";"BR-393/RJ";"Pista Norte";"Colisão com veículos (traseira)";2;0;0;0;0;0;0;0;0;0;2;0;0;0;0
"23/04/2015";"06:23:00";"92";"com vítima";"151.9";"BR-393/RJ";"Pista Sul";"Tombamento";0;0;1;0;0;0;0;0;0;0;1;0;1;0;0
"23/04/2015";"09:08:00";"99";"com vítima";"283.3";"BR-393/RJ";"Pista Sul";"Colisão com veículos (frontal)";1;0;0;1;0;0;0;0;0;0;1;1;0;0;0
"24/04/2015";"09:12:00";"35";"sem vítima";"282.38";"BR-393/RJ";"Pista Norte";"Colisão lateral no sentido contrário";2;0;0;0;0;0;0;0;0;0;2;0;0;0;0
"24/04/2015";"12:14:00";"61";"sem vítima";"168.22";"BR-393/RJ";"Pista Norte";"Colisão lateral no mesmo sentido";0;0;0;1;0;0;0;0;0;1;3;0;0;0;0
"24/04/2015";"03:14:00";"68";"sem vítima";"163";"BR-393/RJ";"Pista Sul";"Colisão com veículos (frontal)";1;0;0;1;0;0;0;0;0;0;3;0;0;0;0
"24/04/2015";"03:19:00";"71";"com vítima";"272.7";"BR-393/RJ";"Pista Sul";"Saídas de pista";0;0;1;0;0;0;0;0;0;0;0;1;0;0;0
"24/04/2015";"06:36:00";"96";"sem vítima";"168.7";"BR-393/RJ";"Pista Norte";"Colisão lateral no mesmo sentido";1;0;0;0;1;0;0;0;0;0;32;0;0;0;0
"24/04/2015";"07:37:00";"101";"com vítima";"172";"BR-393/RJ";"Pista Norte";"Colisão lateral no sentido contrário";1;0;1;0;0;0;0;0;0;0;1;2;0;0;0
"25/04/2015";"12:15:00";"2";"sem vítima";"284.5";"BR-393/RJ";"Pista Sul";"Colisão lateral no mesmo sentido";1;0;1;0;0;0;0;0;0;0;2;0;0;0;0
"26/04/2015";"11:21:00";"28";"com vítima";"177.182";"BR-393/RJ";"Pista Norte";"Colisão lateral no sentido contrário";1;0;0;1;0;0;0;0;0;0;0;4;0;0;0
"26/04/2015";"07:12:00";"64";"sem vítima";"282.5";"BR-393/RJ";"Pista Sul";"Colisão com veículos (traseira)";2;0;0;0;0;0;0;0;0;0;2;0;0;0;0
"27/04/2015";"02:25:00";"4";"com vítima";"216.3";"BR-393/RJ";"Pista Sul";"Saídas de pista";0;0;1;0;0;0;0;0;0;0;0;1;0;0;0
"27/04/2015";"02:04:00";"64";"sem vítima";"280.164";"BR-393/RJ";"Pista Norte";"Colisão com veículos (traseira)";1;0;1;0;0;0;0;0;0;0;3;0;0;0;0
"27/04/2015";"04:31:00";"76";"sem vítima";"222.1";"BR-393/RJ";"Pista Norte";"Colisão com veículos (frontal)";2;0;0;0;0;0;0;0;0;0;2;0;0;0;0
"28/04/2015";"08:01:00";"31";"sem vítima";"285.003";"BR-393/RJ";"Pista Sul";"Colisão lateral no mesmo sentido";1;0;1;0;0;0;0;0;0;0;2;0;0;0;0
"28/04/2015";"04:02:00";"69";"sem vítima";"214.192";"BR-393/RJ";"Pista Sul";"Colisão c/ obstáculos";1;0;0;0;0;0;0;0;0;0;1;0;0;0;0
"29/04/2015";"12:55:00";"65";"sem vítima";"285.226";"BR-393/RJ";"Pista Norte";"Saídas de pista";2;0;0;0;0;0;0;0;0;0;2;0;0;0;0
"30/04/2015";"12:55:00";"3";"sem vítima";"253.7";"BR-393/RJ";"Pista Sul";"Colisão com veículos (traseira)";2;0;0;0;0;0;0;0;0;0;3;0;0;0;0
"30/04/2015";"05:01:00";"18";"com vítima";"259.508";"BR-393/RJ";"Pista Norte";"Tombamento";0;0;1;0;0;0;0;0;0;0;0;1;0;0;0
"30/04/2015";"07:42:00";"25";"com vítima";"155.441";"BR-393/RJ";"Pista Norte";"Saídas de pista";0;0;1;0;0;0;0;0;0;0;0;1;0;0;0
"30/04/2015";"01:15:00";"43";"sem vítima";"102";"BR-393/RJ";"Pista Sul";"Colisão com veículos (traseira)";1;0;1;0;0;0;0;0;0;0;3;0;0;0;0
"30/04/2015";"09:14:00";"68";"sem vítima";"255.4";"BR-393/RJ";"Pista Norte";"Colisão lateral no sentido contrário";2;0;0;0;0;0;0;0;0;0;2;0;0;0;0
"01/05/2015";"02:52:00";"47";"com vítima";"282";"BR-393/RJ";"Pista Sul";"Colisão lateral no sentido contrário";1;0;0;1;0;0;0;0;0;0;1;2;0;0;0
"02/05/2015";"06:17:00";"37";"com vítima";"245.5";"BR-393/RJ";"Pista Norte";"Atropelamento de pedestre";1;1;0;0;0;0;0;0;0;0;1;1;0;0;0
"03/05/2015";"04:26:00";"53";"com vítima";"131.377";"BR-393/RJ";"Pista Norte";"Acidentes de outra natureza";0;0;0;1;0;0;0;0;0;0;0;2;0;0;0
"04/05/2015";"09:43:00";"65";"sem vítima";"284";"BR-393/RJ";"Pista Sul";"Colisão com veículos (traseira)";2;0;0;0;0;0;0;0;0;0;2;0;0;0;0
"05/05/2015";"06:39:00";"18";"sem vítima";"146";"BR-393/RJ";"Pista Norte";"Colisão c/ obstáculos";1;0;0;0;0;0;0;0;0;0;3;0;0;0;0
"05/05/2015";"07:28:00";"19";"sem vítima";"151.837";"BR-393/RJ";"Pista Sul";"Tombamento";0;0;1;0;0;0;0;0;0;0;1;0;0;0;0
"05/05/2015";"08:22:00";"22";"sem vítima";"283";"BR-393/RJ";"Pista Sul";"Colisão lateral no mesmo sentido";2;0;0;0;0;0;0;0;0;0;2;0;0;0;0
"05/05/2015";"06:30:00";"46";"sem vítima";"133";"BR-393/RJ";"Pista Norte";"Colisão com veículos (traseira)";1;0;1;0;0;0;0;0;0;0;3;0;0;0;0
"06/05/2015";"06:50:00";"20";"com vítima";"168.455";"BR-393/RJ";"Pista Sul";"Colisão lateral no mesmo sentido";1;0;0;1;0;0;0;0;0;0;1;0;1;0;0
"06/05/2015";"08:50:00";"26";"com vítima";"174.506";"BR-393/RJ";"Pista Norte";"Colisão lateral no sentido contrário";1;0;0;1;0;0;0;0;0;0;1;0;1;0;0
"06/05/2015";"05:46:00";"78";"com vítima";"147.5";"BR-393/RJ";"Pista Norte";"Acidentes de outra natureza";0;0;0;1;0;0;0;0;0;0;0;1;0;0;0
"07/05/2015";"07:40:00";"28";"com vítima";"270.947";"BR-393/RJ";"Pista Norte";"Colisão lateral no sentido contrário";2;0;0;0;0;0;0;0;0;0;0;1;1;0;0
"07/05/2015";"12:04:00";"43";"sem vítima";"252.402";"BR-393/RJ";"Pista Norte";"Colisão lateral no sentido contrário";2;0;0;0;0;0;0;0;0;0;2;0;0;0;0
"08/05/2015";"07:59:00";"25";"com vítima";"230.393";"BR-393/RJ";"Pista Sul";"Acidentes de outra natureza";0;0;0;1;0;0;0;0;0;0;0;1;0;0;0
"08/05/2015";"01:30:00";"39";"sem vítima";"133.652";"BR-393/RJ";"Pista Norte";"Colisão com veículos (traseira)";0;0;2;0;0;0;0;0;0;0;2;0;0;0;0
"08/05/2015";"05:59:00";"61";"com vítima";"279.8";"BR-393/RJ";"Pista Sul";"Engavetamento";3;0;0;0;0;0;0;0;0;0;3;2;0;0;0
"08/05/2015";"06:35:00";"62";"com vítima";"182";"BR-393/RJ";"Pista Norte";"Atropelamento de pedestre";0;0;0;1;0;0;0;0;0;0;0;1;0;1;0
"08/05/2015";"09:46:00";"73";"com vítima";"102";"BR-393/RJ";"Pista Sul";"Colisão com veículos (frontal)";2;0;0;0;0;0;0;0;0;0;1;1;0;0;0
"09/05/2015";"01:17:00";"2";"sem vítima";"282";"BR-393/RJ";"Pista Norte";"Colisão com veículos (traseira)";2;0;0;0;0;0;0;0;0;0;3;0;0;0;0
"09/05/2015";"12:20:00";"47";"sem vítima";"282.376";"BR-393/RJ";"Pista Sul";"Colisão lateral no sentido contrário";2;0;0;0;0;0;0;0;0;0;3;0;0;0;0
"09/05/2015";"05:23:00";"60";"com vítima";"132.8";"BR-393/RJ";"Pista Sul";"Colisão lateral no sentido contrário";1;0;0;1;0;0;0;0;0;0;1;1;0;0;0
"10/05/2015";"06:20:00";"17";"com vítima";"152.8";"BR-393/RJ";"Pista Norte";"Capotamento";1;0;0;0;0;0;0;0;0;0;0;2;0;0;0
"10/05/2015";"07:12:00";"77";"sem vítima";"281.843";"BR-393/RJ";"Pista Sul";"Colisão com veículos (traseira)";1;0;0;1;0;0;0;0;0;0;2;0;0;0;0
"11/05/2015";"06:03:00";"85";"sem vítima";"262";"BR-393/RJ";"Pista Norte";"Acidentes de outra natureza";0;0;0;1;0;0;0;0;0;0;2;0;0;0;0
"11/05/2015";"08:56:00";"91";"sem vítima";"285.5";"BR-393/RJ";"Pista Norte";"Colisão com veículos (traseira)";1;0;0;0;1;0;0;0;0;0;2;0;0;0;0
"12/05/2015";"04:32:00";"66";"sem vítima";"267.302";"BR-393/RJ";"Pista Norte";"Colisão c/ obstáculos";1;0;0;0;0;0;0;0;0;0;1;0;0;0;0
"13/05/2015";"07:17:00";"21";"com vítima";"242.423";"BR-393/RJ";"Pista Norte";"Colisão c/ obstáculos";1;0;0;0;0;0;0;0;0;0;1;0;1;0;0
"14/05/2015";"02:44:00";"18";"sem vítima";"283.067";"BR-393/RJ";"Pista Norte";"Colisão c/ obstáculos";1;0;0;0;0;0;0;0;0;0;2;0;0;0;0
"14/05/2015";"11:01:00";"52";"sem vítima";"195.119";"BR-393/RJ";"Pista Norte";"Colisão com veículos (traseira)";0;0;2;0;0;0;0;0;0;0;2;0;0;0;0
"14/05/2015";"02:13:00";"63";"com vítima";"162";"BR-393/RJ";"Pista Norte";"Colisão com veículos (traseira)";2;0;0;0;0;0;0;0;0;0;2;1;0;0;0
"14/05/2015";"06:02:00";"72";"com vítima";"235.2";"BR-393/RJ";"Pista Norte";"Colisão lateral no sentido contrário";0;0;0;2;0;0;0;0;0;0;1;0;1;0;0
"14/05/2015";"11:59:00";"96";"sem vítima";"268.4";"BR-393/RJ";"Pista Sul";"Capotamento";1;0;0;0;0;0;0;0;0;0;1;0;0;0;0
"15/05/2015";"01:59:00";"60";"com vítima";"159.818";"BR-393/RJ";"Pista Norte";"Colisão com veículos (frontal)";1;0;2;0;0;0;0;0;0;0;0;1;1;0;1
"15/05/2015";"06:25:00";"69";"com vítima";"284.65";"BR-393/RJ";"Pista Sul";"Acidentes de outra natureza";0;0;0;1;0;0;0;0;0;0;0;1;0;0;0
"15/05/2015";"07:08:00";"74";"com vítima";"201.55";"BR-393/RJ";"Pista Norte";"Tombamento";0;0;1;0;0;0;0;0;0;0;0;1;0;0;0
"15/05/2015";"10:00:00";"81";"com vítima";"238.528";"BR-393/RJ";"Pista Sul";"Saídas de pista";1;0;0;0;0;0;0;0;0;0;0;1;1;0;0
"16/05/2015";"04:25:00";"50";"com vítima";"123";"BR-393/RJ";"Pista Norte";"Colisão lateral no sentido contrário";1;0;2;0;0;0;0;0;0;0;2;1;0;1;0
"16/05/2015";"07:12:00";"53";"sem vítima";"220";"BR-393/RJ";"Pista Norte";"Acidentes de outra natureza";0;0;0;1;0;0;0;0;0;0;1;0;0;0;0
"18/05/2015";"02:36:00";"69";"sem vítima";"284";"BR-393/RJ";"Pista Norte";"Colisão Lateral Mesmo Sentido";2;0;0;0;0;0;0;0;0;0;2;0;0;0;0
"19/05/2015";"04:15:00";"3";"sem vítima";"155.768";"BR-393/RJ";"Pista Norte";"Tombamento";0;0;1;0;0;0;0;0;0;0;1;0;0;0;0
"19/05/2015";"07:09:00";"18";"com vítima";"286.001";"BR-393/RJ";"Pista Norte";"Atropelamento de pedestre";0;0;0;1;0;0;0;0;0;0;0;2;0;0;0
"19/05/2015";"08:12:00";"21";"com vítima";"281.462";"BR-393/RJ";"Pista Sul";"Acidentes de outra natureza";0;0;0;1;0;0;0;0;0;0;0;2;0;0;0
"19/05/2015";"09:32:00";"27";"sem vítima";"223.859";"BR-393/RJ";"Pista Sul";"Saídas de pista";2;0;0;0;0;0;0;0;0;0;3;0;0;0;0
"21/05/2015";"08:04:00";"29";"com vítima";"164.653";"BR-393/RJ";"Pista Norte";"Tombamento";0;0;1;0;0;0;0;0;0;0;0;1;0;0;0
"21/05/2015";"07:42:00";"86";"com vítima";"281.3";"BR-393/RJ";"Pista Norte";"Colisão lateral no sentido contrário";0;0;1;1;0;0;0;0;0;0;1;0;1;0;0
"22/05/2015";"09:36:00";"56";"sem vítima";"281";"BR-393/RJ";"Pista Sul";"Colisão lateral no sentido contrário";1;0;0;1;0;0;0;0;0;0;2;0;0;0;0
"22/05/2015";"12:57:00";"69";"com vítima";"104.584";"BR-393/RJ";"Pista Sul";"Colisão lateral no mesmo sentido";1;0;0;1;0;0;0;0;0;0;2;1;0;0;0
"23/05/2015";"03:39:00";"21";"com vítima";"180.1";"BR-393/RJ";"Pista Sul";"Saídas de pista";1;0;0;0;0;0;0;0;0;0;0;0;1;0;0
"23/05/2015";"05:52:00";"24";"sem vítima";"156.568";"BR-393/RJ";"Pista Norte";"Tombamento";0;0;1;0;0;0;0;0;0;0;1;0;0;0;0
"23/05/2015";"06:28:00";"27";"sem vítima";"258.229";"BR-393/RJ";"Pista Norte";"Colisão c/ obstáculos";2;0;0;0;0;0;0;0;0;0;2;0;0;0;0
"23/05/2015";"10:50:00";"36";"sem vítima";"285.119";"BR-393/RJ";"Pista Norte";"Colisão c/ obstáculos";1;0;0;0;0;0;0;0;0;0;1;0;0;0;0
"23/05/2015";"11:12:00";"37";"com vítima";"232.197";"BR-393/RJ";"Pista Sul";"Colisão com veículos (frontal)";1;0;2;0;0;0;0;0;0;0;3;0;1;0;0
"23/05/2015";"11:38:00";"39";"sem vítima";"232.197";"BR-393/RJ";"Pista Sul";"Colisão lateral no sentido contrário";0;0;0;0;0;0;0;0;0;2;2;0;0;0;0
"23/05/2015";"09:22:00";"54";"sem vítima";"285.9";"BR-393/RJ";"Pista Norte";"Colisão com veículos (traseira)";1;0;0;1;0;0;0;0;0;0;4;0;0;0;0
"24/05/2015";"02:23:00";"4";"com vítima";"105.383";"BR-393/RJ";"Pista Sul";"Capotamento";1;0;0;0;0;0;0;0;0;0;0;0;0;1;0
"24/05/2015";"05:43:00";"7";"com vítima";"177.53";"BR-393/RJ";"Pista Sul";"Colisão c/ obstáculos";1;0;0;0;0;0;0;0;0;0;0;1;0;0;0
"24/05/2015";"07:44:00";"35";"com vítima";"158";"BR-393/RJ";"Pista Norte";"Acidentes de outra natureza";0;0;0;1;0;0;0;0;0;0;0;2;0;0;0
"25/05/2015";"07:56:00";"86";"sem vítima";"123.138";"BR-393/RJ";"Pista Sul";"Tombamento";0;0;1;0;0;0;0;0;0;0;1;0;0;0;0
"26/05/2015";"12:22:00";"1";"com vítima";"254.2";"BR-393/RJ";"Pista Sul";"Acidentes de outra natureza";0;0;0;1;0;0;0;0;0;0;0;1;0;0;0
"26/05/2015";"12:36:00";"52";"sem vítima";"265";"BR-393/RJ";"Pista Sul";"Colisão com veículos (traseira)";0;0;2;0;0;0;0;0;0;0;2;0;0;0;0
"26/05/2015";"06:18:00";"82";"com vítima";"280.814";"BR-393/RJ";"Pista Sul";"Colisão lateral no sentido contrário";1;0;0;1;0;0;0;0;0;0;1;1;0;0;0
"26/05/2015";"08:22:00";"95";"com vítima";"255.5";"BR-393/RJ";"Pista Sul";"Acidentes de outra natureza";0;0;0;1;0;0;0;0;0;0;0;1;0;0;0
"27/05/2015";"07:57:00";"31";"sem vítima";"285.502";"BR-393/RJ";"Pista Sul";"Colisão lateral no sentido contrário";1;0;1;0;0;0;0;0;0;0;2;0;0;0;0
"27/05/2015";"08:01:00";"32";"sem vítima";"175.765";"BR-393/RJ";"Pista Norte";"Engavetamento";3;0;0;0;0;0;0;0;0;0;3;0;0;0;0
"27/05/2015";"06:10:00";"73";"com vítima";"279.1";"BR-393/RJ";"Pista Norte";"Atropelamento de pedestre";1;1;0;0;0;0;0;0;0;0;1;1;0;0;0
"29/05/2015";"05:23:00";"15";"com vítima";"138.626";"BR-393/RJ";"Pista Norte";"Colisão com veículos (frontal)";2;0;0;1;0;0;0;0;0;0;0;6;2;0;0
"29/05/2015";"06:39:00";"18";"com vítima";"177.75";"BR-393/RJ";"Pista Sul";"Colisão com veículos (frontal)";1;0;1;0;0;0;0;0;0;0;1;1;0;0;0
"29/05/2015";"06:43:00";"19";"com vítima";"177.8";"BR-393/RJ";"Pista Norte";"Colisão lateral no mesmo sentido";1;0;0;1;0;0;0;0;0;0;1;0;0;1;0
"29/05/2015";"07:25:00";"20";"com vítima";"238.6";"BR-393/RJ";"Pista Norte";"Colisão lateral no sentido contrário";1;0;1;0;0;0;0;0;0;0;1;0;0;1;0
"29/05/2015";"07:30:00";"21";"com vítima";"181";"BR-393/RJ";"Pista Norte";"Colisão com veículos (frontal)";2;0;0;0;0;0;0;0;0;0;0;4;1;0;0
"30/05/2015";"07:52:00";"22";"sem vítima";"195";"BR-393/RJ";"Pista Norte";"Colisão com veículos (traseira)";2;0;0;0;0;0;0;0;0;0;2;0;0;0;0
"30/05/2015";"10:39:00";"39";"sem vítima";"140.513";"BR-393/RJ";"Pista Norte";"Atropelamento de animais";0;0;0;0;1;0;0;0;0;0;14;0;0;0;0
"31/05/2015";"07:08:00";"29";"com vítima";"182.234";"BR-393/RJ";"Pista Norte";"Colisão c/ obstáculos";0;0;1;0;0;0;0;0;0;0;0;1;0;0;0
"31/05/2015";"04:16:00";"45";"com vítima";"268.366";"BR-393/RJ";"Pista Sul";"Colisão lateral no sentido contrário";2;0;0;0;0;0;0;0;0;0;1;4;0;0;0
"31/05/2015";"05:54:00";"53";"sem vítima";"265";"BR-393/RJ";"Pista Sul";"Engavetamento";2;0;0;1;0;0;0;0;0;0;3;0;0;0;0
"31/05/2015";"05:58:00";"54";"sem vítima";"256";"BR-393/RJ";"Pista Sul";"Saídas de pista";1;0;0;0;0;0;0;0;0;0;1;0;0;0;0
"31/05/2015";"06:09:00";"55";"com vítima";"223.165";"BR-393/RJ";"Pista Norte";"Acidentes de outra natureza";0;0;0;1;0;0;0;0;0;0;0;1;1;0;0
"01/06/2015";"01:39:00";"2";"sem vítima";"282.919";"BR-393/RJ";"Pista Norte";"Saídas de pista";1;0;0;0;0;0;0;0;0;0;1;0;0;0;0
"01/06/2015";"03:14:00";"44";"com vítima";"182.396";"BR-393/RJ";"Pista Norte";"Colisão lateral no mesmo sentido";2;0;0;0;0;0;0;0;0;0;0;3;0;0;0
"02/06/2015";"09:02:00";"28";"sem vítima";"286.4";"BR-393/RJ";"Pista Norte";"Colisão com veículos (traseira)";1;0;0;0;1;0;0;0;0;0;3;0;0;0;0
"02/06/2015";"09:11:00";"30";"com vítima";"239";"BR-393/RJ";"Pista Sul";"Colisão com veículos (traseira)";2;0;0;0;0;0;0;0;0;0;2;1;0;0;0
"03/06/2015";"07:22:00";"42";"com vítima";"238";"BR-393/RJ";"Pista Norte";"Colisão lateral no sentido contrário";2;0;0;0;0;0;0;0;0;0;0;4;0;0;0
"03/06/2015";"03:54:00";"90";"sem vítima";"283.2";"BR-393/RJ";"Pista Sul";"Colisão lateral no sentido contrário";2;0;0;0;0;0;0;0;0;0;2;0;0;0;0
"04/06/2015";"07:14:00";"76";"com vítima";"285.9";"BR-393/RJ";"Pista Norte";"Colisão lateral no sentido contrário";1;0;0;1;0;0;0;0;0;0;1;1;0;0;0
"05/06/2015";"05:47:00";"51";"com vítima";"215.9";"BR-393/RJ";"Pista Norte";"Saídas de pista";1;0;0;0;0;0;0;0;0;0;0;0;1;0;0
"06/06/2015";"05:23:00";"24";"sem vítima";"135.9";"BR-393/RJ";"Pista Norte";"Colisão com veículos (traseira)";1;0;0;0;0;0;0;0;0;1;2;0;0;0;0
"06/06/2015";"09:23:00";"89";"sem vítima";"102.8";"BR-393/RJ";"Pista Sul";"Colisão lateral no mesmo sentido";2;0;0;0;0;0;0;0;0;0;3;0;0;0;0
"07/06/2015";"11:30:00";"38";"com vítima";"281";"BR-393/RJ";"Pista Norte";"Colisão com veículos (traseira)";2;0;0;0;0;0;0;0;0;0;2;1;0;0;0
"07/06/2015";"02:43:00";"55";"sem vítima";"283";"BR-393/RJ";"Pista Norte";"Colisão com veículos (traseira)";2;0;0;0;0;0;0;0;0;0;2;0;0;0;0
"07/06/2015";"06:55:00";"73";"com vítima";"281.929";"BR-393/RJ";"Pista Sul";"Colisão com veículos (traseira)";2;0;0;0;0;0;0;0;0;0;5;2;0;0;0
"08/06/2015";"07:48:00";"23";"com vítima";"284.512";"BR-393/RJ";"Pista Sul";"Colisão com veículos (traseira)";2;0;0;0;0;0;0;0;0;0;1;1;0;0;0