data;horario;n_da_ocorrencia;tipo_de_ocorrencia;km;trecho;sentido;tipo_de_acidente;automovel;bicicleta;caminhao;moto;onibus;outros;tracao_animal;transporte_de_cargas_especiais;trator_maquinas;utilitarios;ilesos;levemente_feridos;moderadamente_feridos;gravemente_feridos;mortos
"08/06/2015";"09:47:00";"35";"com vítima";"105.429";"BR-393/RJ";"Pista Norte";"Atropelamento de pedestre";0;1;1;0;0;0;0;0;0;0;1;1;0;0;0
"08/06/2015";"10:14:00";"77";"com vítima";"286";"BR-393/RJ";"Pista Norte";"Colisão lateral no sentido contrário";1;0;0;1;0;0;0;0;0;0;1;1;0;0;0
"09/06/2015";"04:32:00";"75";"com vítima";"175.663";"BR-393/RJ";"Pista Norte";"Atropelamento de pedestre";1;1;0;0;0;0;0;0;0;0;1;1;0;0;0
"09/06/2015";"09:16:00";"95";"sem vítima";"265.2";"BR-393/RJ";"Pista Norte";"Colisão com veículos (traseira)";2;0;0;0;0;0;0;0;0;0;2;0;0;0;0
"10/06/2015";"10:55:00";"54";"com vítima";"255";"BR-393/RJ";"Pista Norte";"Colisão lateral no sentido contrário";0;0;1;1;0;0;0;0;0;0;1;1;0;0;0
"10/06/2015";"11:20:00";"58";"sem vítima";"182.328";"BR-393/RJ";"Pista Sul";"Colisão com veículos (traseira)";0;0;2;0;0;0;0;0;0;0;4;0;0;0;0
"10/06/2015";"12:41:00";"61";"sem vítima";"286";"BR-393/RJ";"Pista Sul";"Engavetamento";4;0;0;0;0;0;0;0;0;0;4;0;0;0;0
"10/06/2015";"06:15:00";"99";"sem vítima";"268.145";"BR-393/RJ";"Pista Sul";"Saídas de pista";1;0;0;0;0;0;0;0;0;0;1;0;0;0;0
"10/06/2015";"07:14:00";"103";"com vítima";"278.08";"BR-393/RJ";"Pista Sul";"Atropelamento de pedestre";0;1;1;0;0;0;0;0;0;0;1;0;0;1;0
"10/06/2015";"09:15:00";"108";"sem vítima";"214.731";"BR-393/RJ";"Pista Sul";"Saídas de pista";0;0;1;0;0;0;0;0;0;0;1;0;0;0;0
"11/06/2015";"01:11:00";"10";"com vítima";"117.154";"BR-393/RJ";"Pista Sul";"Colisão lateral no sentido contrário";2;0;1;0;0;0;0;0;0;0;4;3;2;0;0
"11/06/2015";"04:17:00";"15";"sem vítima";"229.962";"BR-393/RJ";"Pista Norte";"Saídas de pista";0;0;1;0;0;0;0;0;0;0;2;0;0;0;0
"11/06/2015";"10:32:00";"41";"sem vítima";"252.464";"BR-393/RJ";"Pista Sul";"Colisão lateral no sentido contrário";1;0;0;1;0;0;0;0;0;0;2;0;0;0;0
"11/06/2015";"11:43:00";"50";"sem vítima";"285";"BR-393/RJ";"Pista Norte";"Engavetamento";3;0;0;0;0;0;0;0;0;0;3;0;0;0;0
"11/06/2015";"10:04:00";"95";"sem vítima";"284.25";"BR-393/RJ";"Pista Norte";"Colisão lateral no mesmo sentido";1;0;0;0;1;0;0;0;0;0;2;0;0;0;0
"12/06/2015";"02:01:00";"8";"sem vítima";"255.5";"BR-393/RJ";"Pista Sul";"Colisão com veículos (traseira)";0;0;2;0;0;0;0;0;0;0;2;0;0;0;0
"12/06/2015";"06:32:00";"30";"com vítima";"217.642";"BR-393/RJ";"Pista Norte";"Colisão c/ obstáculos";1;0;0;0;0;0;0;0;0;0;0;1;0;0;0
"12/06/2015";"08:01:00";"33";"com vítima";"177.852";"BR-393/RJ";"Pista Norte";"Engavetamento";3;0;0;0;0;0;0;0;0;0;0;5;0;0;0
"12/06/2015";"01:32:00";"60";"com vítima";"177.183";"BR-393/RJ";"Pista Norte";"Colisão com veículos (traseira)";2;0;0;0;0;0;0;0;0;0;0;4;0;0;0
"12/06/2015";"05:14:00";"71";"com vítima";"199.1";"BR-393/RJ";"Pista Norte";"Colisão c/ obstáculos";1;0;0;0;0;0;0;0;0;0;3;2;0;0;0
"13/06/2015";"07:48:00";"26";"com vítima";"108.34";"BR-393/RJ";"Pista Norte";"Colisão com veículos (traseira)";2;0;0;0;0;0;0;0;0;0;2;2;0;0;0
"13/06/2015";"05:51:00";"57";"com vítima";"193";"BR-393/RJ";"Pista Norte";"Saídas de pista";1;0;0;0;0;0;0;0;0;0;0;2;0;0;0
"14/06/2015";"12:42:00";"37";"com vítima";"169";"BR-393/RJ";"Pista Sul";"Colisão com veículos (traseira)";1;0;0;1;0;0;0;0;0;0;0;2;0;0;0
"14/06/2015";"04:24:00";"52";"com vítima";"117.534";"BR-393/RJ";"Pista Norte";"Tombamento";0;0;1;0;0;0;0;0;0;0;0;0;1;0;0
"15/06/2015";"01:18:00";"86";"com vítima";"285";"BR-393/RJ";"Pista Sul";"Colisão lateral no sentido contrário";1;0;0;1;0;0;0;0;0;0;1;2;0;0;0
"16/06/2015";"08:50:00";"26";"com vítima";"133.938";"BR-393/RJ";"Pista Norte";"Colisão com veículos (traseira)";1;0;1;0;0;0;0;0;0;0;1;3;0;0;0
"17/06/2015";"06:27:00";"57";"sem vítima";"175";"BR-393/RJ";"Pista Sul";"Colisão lateral no mesmo sentido";2;0;0;0;0;0;0;0;0;0;2;0;0;0;0
"17/06/2015";"07:33:00";"62";"com vítima";"278";"BR-393/RJ";"Pista Sul";"Colisão lateral no sentido contrário";1;0;0;1;0;0;0;0;0;0;1;1;0;0;0
"18/06/2015";"07:43:00";"16";"com vítima";"175.438";"BR-393/RJ";"Pista Sul";"Capotamento";1;0;0;0;0;0;0;0;0;0;0;1;0;0;0
"19/06/2015";"06:36:00";"38";"sem vítima";"192";"BR-393/RJ";"Pista Norte";"Saídas de pista";1;0;0;0;0;0;0;0;0;0;4;0;0;0;0
"19/06/2015";"07:08:00";"40";"sem vítima";"272";"BR-393/RJ";"Pista Sul";"Saídas de pista";1;0;0;0;0;0;0;0;0;0;1;0;0;0;0
"19/06/2015";"03:21:00";"102";"sem vítima";"279.4";"BR-393/RJ";"Pista Sul";"Colisão com veículos (traseira)";2;0;0;0;0;0;0;0;0;0;3;0;0;0;0
"20/06/2015";"09:03:00";"32";"com vítima";"167.868";"BR-393/RJ";"Pista Sul";"Engavetamento";3;0;0;0;0;0;0;0;0;0;3;2;0;0;0
"20/06/2015";"12:36:00";"50";"com vítima";"217.881";"BR-393/RJ";"Pista Sul";"Tombamento";0;0;1;0;0;0;0;0;0;0;0;1;0;0;0
"21/06/2015";"04:26:00";"13";"com vítima";"281.387";"BR-393/RJ";"Pista Sul";"Acidentes de outra natureza";0;0;0;1;0;0;0;0;0;0;0;0;1;0;0
"22/06/2015";"01:46:00";"60";"com vítima";"235";"BR-393/RJ";"Pista Norte";"Colisão lateral no sentido contrário";1;0;0;1;0;0;0;0;0;0;1;1;0;0;0
"22/06/2015";"10:37:00";"108";"sem vítima";"159";"BR-393/RJ";"Pista Norte";"Colisão lateral no mesmo sentido";1;0;1;0;0;0;0;0;0;0;3;0;0;0;0
"23/06/2015";"12:15:00";"56";"sem vítima";"136.15";"BR-393/RJ";"Pista Norte";"Colisão com veículos (traseira)";1;0;1;0;0;0;0;0;0;0;4;0;0;0;0
"24/06/2015";"02:49:00";"61";"com vítima";"147.2";"BR-393/RJ";"Pista Sul";"Saídas de pista";1;0;0;0;0;0;0;0;0;0;0;2;0;0;0
"25/06/2015";"05:55:00";"69";"sem vítima";"286";"BR-393/RJ";"Pista Norte";"Engavetamento";3;0;0;0;0;0;0;0;0;0;3;0;0;0;0
"25/06/2015";"06:15:00";"71";"sem vítima";"176";"BR-393/RJ";"Pista Sul";"Colisão com veículos (traseira)";0;0;1;0;1;0;0;0;0;0;4;0;0;0;0
"25/06/2015";"07:15:00";"76";"sem vítima";"285";"BR-393/RJ";"Pista Norte";"Colisão com veículos (traseira)";2;0;0;0;0;0;0;0;0;0;2;0;0;0;0
"27/06/2015";"04:41:00";"23";"sem vítima";"239.514";"BR-393/RJ";"Pista Norte";"Capotamento";1;0;0;0;0;0;0;0;0;0;1;0;0;0;0
"27/06/2015";"02:25:00";"62";"com vítima";"252.419";"BR-393/RJ";"Pista Sul";"Colisão lateral no sentido contrário";1;0;0;0;1;0;0;0;0;0;2;3;0;0;0
"27/06/2015";"11:39:00";"87";"sem vítima";"254";"BR-393/RJ";"Pista Sul";"Saídas de pista";1;0;0;0;0;0;0;0;0;0;1;0;0;0;0
"27/06/2015";"11:46:00";"89";"sem vítima";"218";"BR-393/RJ";"Pista Norte";"Saídas de pista";1;0;0;0;0;0;0;0;0;0;1;0;0;0;0
"28/06/2015";"08:27:00";"59";"sem vítima";"202";"BR-393/RJ";"Pista Norte";"Colisão com veículos (traseira)";1;0;0;0;1;0;0;0;0;0;53;0;0;0;0
"28/06/2015";"10:37:00";"61";"com vítima";"238";"BR-393/RJ";"Pista Sul";"Colisão lateral no mesmo sentido";2;0;0;0;0;0;0;0;0;0;0;5;0;0;0
"29/06/2015";"07:02:00";"101";"sem vítima";"175.5";"BR-393/RJ";"Pista Sul";"Colisão com veículos (traseira)";2;0;0;0;0;0;0;0;0;0;2;0;0;0;0
"30/06/2015";"10:57:00";"40";"com vítima";"180.813";"BR-393/RJ";"Pista Sul";"Engavetamento";1;0;1;0;0;0;0;0;0;1;2;2;0;0;0
"30/06/2015";"06:59:00";"83";"sem vítima";"256";"BR-393/RJ";"Pista Norte";"Saídas de pista";1;0;0;0;0;0;0;0;0;0;1;0;0;0;0
"01/07/2015";"10:26:00";"50";"com vítima";"104.035";"BR-393/RJ";"Pista Sul";"Colisão com veículos (traseira)";1;0;0;1;0;0;0;0;0;0;1;1;0;0;0
"01/07/2015";"11:35:00";"123";"sem vítima";"133.9";"BR-393/RJ";"Pista Sul";"Colisão lateral no mesmo sentido";1;0;1;0;0;0;0;0;0;0;5;0;0;0;0
"03/07/2015";"12:28:00";"35";"sem vítima";"227.803";"BR-393/RJ";"Pista Sul";"Tombamento";0;0;1;0;0;0;0;0;0;0;1;0;0;0;0
"03/07/2015";"01:16:00";"36";"sem vítima";"243.453";"BR-393/RJ";"Pista Sul";"Saídas de pista";1;0;0;0;0;0;0;0;0;0;1;0;0;0;0
"03/07/2015";"03:45:00";"48";"com vítima";"283.585";"BR-393/RJ";"Pista Sul";"Colisão com veículos (traseira)";2;0;0;0;0;0;0;0;0;0;1;1;0;0;0
"04/07/2015";"10:31:00";"39";"sem vítima";"279.311";"BR-393/RJ";"Pista Norte";"Colisão com veículos (traseira)";1;0;0;0;0;0;0;0;0;1;2;0;0;0;0
"04/07/2015";"12:32:00";"47";"com vítima";"279.646";"BR-393/RJ";"Pista Sul";"Colisão lateral no mesmo sentido";1;0;0;1;0;0;0;0;0;0;1;1;0;0;0
"05/07/2015";"07:38:00";"83";"com vítima";"134.14";"BR-393/RJ";"Pista Norte";"Colisão com veículos (traseira)";1;0;0;0;0;0;0;0;0;1;1;1;0;0;0
"05/07/2015";"07:56:00";"85";"com vítima";"212.417";"BR-393/RJ";"Pista Norte";"Atropelamento de animais";0;0;0;0;0;0;0;0;0;1;0;2;0;0;0
"06/07/2015";"04:27:00";"84";"com vítima";"102";"BR-393/RJ";"Pista Sul";"Atropelamento de pedestre";1;0;0;0;0;0;0;0;0;0;1;0;0;1;0
"07/07/2015";"01:06:00";"9";"sem vítima";"113";"BR-393/RJ";"Pista Norte";"Atropelamento de animais";0;0;0;0;1;0;0;0;0;0;1;0;0;0;0
"08/07/2015";"06:21:00";"15";"com vítima";"105.959";"BR-393/RJ";"Pista Sul";"Colisão com veículos (frontal)";2;0;0;0;0;0;0;0;0;0;1;1;1;0;0
"08/07/2015";"07:07:00";"22";"sem vítima";"284.606";"BR-393/RJ";"Pista Sul";"Colisão lateral no mesmo sentido";1;0;1;0;0;0;0;0;0;0;2;0;0;0;0
"08/07/2015";"07:48:00";"24";"sem vítima";"265.104";"BR-393/RJ";"Pista Sul";"Colisão com veículos (traseira)";1;0;1;0;0;0;0;0;0;0;2;0;0;0;0
"08/07/2015";"11:36:00";"56";"com vítima";"281.29";"BR-393/RJ";"Pista Norte";"Atropelamento de pedestre";1;1;0;0;0;0;0;0;0;0;1;1;0;0;0
"08/07/2015";"06:32:00";"91";"com vítima";"155.563";"BR-393/RJ";"Pista Norte";"Colisão com veículos (traseira)";2;0;0;0;0;0;0;0;0;0;2;1;0;0;0
"08/07/2015";"08:28:00";"97";"sem vítima";"232.354";"BR-393/RJ";"Pista Norte";"Colisão lateral no mesmo sentido";2;0;0;0;0;0;0;0;0;0;3;0;0;0;0
"10/07/2015";"11:24:00";"31";"sem vítima";"283.468";"BR-393/RJ";"Pista Sul";"Colisão com veículos (traseira)";2;0;0;0;0;0;0;0;0;0;3;0;0;0;0
"10/07/2015";"03:26:00";"48";"com vítima";"124.446";"BR-393/RJ";"Pista Norte";"Tombamento";0;0;1;0;0;0;0;0;0;0;0;0;1;0;0
"11/07/2015";"02:01:00";"10";"sem vítima";"175.5";"BR-393/RJ";"Pista Norte";"Saídas de pista";1;0;0;0;0;0;0;0;0;0;1;0;0;0;0
"11/07/2015";"06:27:00";"13";"com vítima";"164.697";"BR-393/RJ";"Pista Norte";"Tombamento";0;0;1;0;0;0;0;0;0;0;1;2;0;0;0
"11/07/2015";"07:04:00";"16";"com vítima";"162";"BR-393/RJ";"Pista Norte";"Saídas de pista";1;0;0;0;0;0;0;0;0;0;0;0;3;0;0
"11/07/2015";"10:12:00";"22";"sem vítima";"178";"BR-393/RJ";"Pista Sul";"Colisão com veículos (traseira)";2;0;0;0;0;0;0;0;0;0;3;0;0;0;0
"11/07/2015";"11:31:00";"25";"com vítima";"282.718";"BR-393/RJ";"Pista Norte";"Engavetamento";3;0;0;0;0;0;0;0;0;0;2;2;0;0;0
"12/07/2015";"03:18:00";"17";"com vítima";"239.4";"BR-393/RJ";"Pista Norte";"Capotamento";1;0;0;0;0;0;0;0;0;0;0;1;0;0;0
"12/07/2015";"01:46:00";"49";"sem vítima";"282.809";"BR-393/RJ";"Pista Sul";"Colisão com veículos (traseira)";2;0;0;0;0;0;0;0;0;0;2;0;0;0;0
"14/07/2015";"08:10:00";"20";"com vítima";"146.422";"BR-393/RJ";"Pista Sul";"Colisão c/ obstáculos";0;0;1;0;0;0;0;0;0;0;0;0;0;0;1
"14/07/2015";"12:58:00";"37";"sem vítima";"284.905";"BR-393/RJ";"Pista Norte";"Colisão com veículos (traseira)";1;0;1;0;0;0;0;0;0;0;2;0;0;0;0
"15/07/2015";"02:10:00";"13";"sem vítima";"253.4";"BR-393/RJ";"Pista Norte";"Atropelamento de animais";0;0;1;0;0;0;0;0;0;0;1;0;0;0;0
"15/07/2015";"07:31:00";"24";"com vítima";"124.868";"BR-393/RJ";"Pista Norte";"Colisão c/ obstáculos";0;0;1;0;0;0;0;0;0;0;0;1;0;0;0
"16/07/2015";"10:25:00";"38";"com vítima";"218.264";"BR-393/RJ";"Pista Norte";"Saídas de pista";3;0;0;0;0;0;0;0;0;0;0;4;1;1;2
"16/07/2015";"10:44:00";"39";"sem vítima";"256.2";"BR-393/RJ";"Pista Norte";"Colisão c/ obstáculos";1;0;0;0;0;0;0;0;0;0;1;0;0;0;0
"17/07/2015";"07:03:00";"38";"com vítima";"114.866";"BR-393/RJ";"Pista Norte";"Tombamento";0;0;1;0;0;0;0;0;0;0;0;2;0;0;0
"18/07/2015";"06:42:00";"38";"com vítima";"152.08";"BR-393/RJ";"Pista Sul";"Tombamento";0;0;1;0;0;0;0;0;0;0;0;1;0;0;0
"18/07/2015";"04:04:00";"66";"sem vítima";"238.377";"BR-393/RJ";"Pista Norte";"Colisão com veículos (traseira)";2;0;0;0;0;0;0;0;0;0;2;0;0;0;0
"19/07/2015";"01:31:00";"36";"com vítima";"167.68";"BR-393/RJ";"Pista Sul";"Colisão com veículos (frontal)";2;0;0;0;0;0;0;0;0;0;1;3;0;0;0
"20/07/2015";"12:03:00";"64";"sem vítima";"252.416";"BR-393/RJ";"Pista Sul";"Colisão lateral no sentido contrário";2;0;0;0;0;0;0;0;0;0;2;0;0;0;0
"20/07/2015";"06:50:00";"114";"com vítima";"205.15";"BR-393/RJ";"Pista Sul";"Acidentes de outra natureza";0;0;0;2;0;0;0;0;0;0;0;2;0;0;0
"22/07/2015";"09:43:00";"34";"com vítima";"238.613";"BR-393/RJ";"Pista Norte";"Colisão lateral no mesmo sentido";2;0;0;0;0;0;0;0;0;0;2;3;0;0;0
"22/07/2015";"10:06:00";"37";"sem vítima";"285.62";"BR-393/RJ";"Pista Norte";"Colisão lateral no mesmo sentido";1;0;0;0;1;0;0;0;0;0;2;0;0;0;0
"23/07/2015";"06:11:00";"66";"sem vítima";"229.5";"BR-393/RJ";"Pista Norte";"Colisão c/ obstáculos";1;0;0;0;0;0;0;0;0;0;5;0;0;0;0
"24/07/2015";"09:33:00";"33";"com vítima";"265";"BR-393/RJ";"Pista Sul";"Colisão lateral no mesmo sentido";1;0;1;0;0;0;0;0;0;0;2;1;0;0;0
"25/07/2015";"08:24:00";"26";"sem vítima";"266.087";"BR-393/RJ";"Pista Norte";"Colisão lateral no sentido contrário";2;0;0;0;0;0;0;0;0;0;2;0;0;0;0
"25/07/2015";"11:48:00";"42";"com vítima";"167.479";"BR-393/RJ";"Pista Sul";"Colisão com veículos (traseira)";1;0;0;1;0;0;0;0;0;0;1;1;0;0;0
"25/07/2015";"09:34:00";"95";"com vítima";"278.863";"BR-393/RJ";"Pista Sul";"Colisão com veículos (traseira)";2;0;0;0;0;0;0;0;0;0;1;1;0;0;0
"26/07/2015";"06:48:00";"14";"sem vítima";"275.409";"BR-393/RJ";"Pista Sul";"Colisão com veículos (frontal)";2;0;0;0;0;0;0;0;0;0;3;0;0;0;0
"27/07/2015";"05:23:00";"10";"com vítima";"203.31";"BR-393/RJ";"Pista Sul";"Atropelamento de animais";1;0;0;0;0;0;0;0;0;0;0;0;1;0;0
"27/07/2015";"07:24:00";"74";"sem vítima";"172";"BR-393/RJ";"Pista Norte";"Acidentes de outra natureza";0;0;0;1;0;0;0;0;0;0;1;0;0;0;0
"28/07/2015";"09:38:00";"35";"com vítima";"125.396";"BR-393/RJ";"Pista Norte";"Colisão lateral no mesmo sentido";2;0;0;0;0;0;0;0;0;0;5;2;0;0;0
"28/07/2015";"08:50:00";"136";"com vítima";"283.428";"BR-393/RJ";"Pista Norte";"Acidentes de outra natureza";0;0;0;1;0;0;0;0;0;0;0;1;0;0;0
"29/07/2015";"12:11:00";"92";"com vítima";"169.09";"BR-393/RJ";"Pista Sul";"Colisão lateral no sentido contrário";0;0;1;1;0;0;0;0;0;0;1;0;0;1;0
"29/07/2015";"12:37:00";"96";"sem vítima";"282.906";"BR-393/RJ";"Pista Sul";"Engavetamento";3;0;0;0;1;0;0;0;0;0;4;0;0;0;0
"30/07/2015";"06:59:00";"81";"com vítima";"237.8";"BR-393/RJ";"Pista Norte";"Colisão lateral no mesmo sentido";0;0;0;1;0;0;0;0;0;1;2;0;0;1;0
"31/07/2015";"08:53:00";"30";"sem vítima";"239.62";"BR-393/RJ";"Pista Sul";"Engavetamento";4;0;0;0;0;0;0;0;0;0;8;0;0;0;0
"03/08/2015";"08:24:00";"23";"com vítima";"178.348";"BR-393/RJ";"Pista Norte";"Colisão com veículos (traseira)";2;0;0;0;0;0;0;0;0;0;1;2;0;0;0
"03/08/2015";"09:22:00";"27";"sem vítima";"285.553";"BR-393/RJ";"Pista Sul";"Colisão lateral no mesmo sentido";1;0;1;0;0;0;0;0;0;0;2;0;0;0;0
"03/08/2015";"04:13:00";"59";"com vítima";"204.832";"BR-393/RJ";"Pista Sul";"Colisão c/ obstáculos";0;0;1;0;0;0;0;0;0;0;0;0;1;0;0
"03/08/2015";"04:19:00";"60";"com vítima";"155.477";"BR-393/RJ";"Pista Norte";"Tombamento";0;0;1;0;0;0;0;0;0;0;1;1;0;0;0
"03/08/2015";"06:39:00";"69";"sem vítima";"156";"BR-393/RJ";"Pista Norte";"Acidentes de outra natureza";0;0;0;1;0;0;0;0;0;0;1;0;0;0;0
"04/08/2015";"09:40:00";"26";"sem vítima";"178.3";"BR-393/RJ";"Pista Norte";"Colisão com veículos (traseira)";1;0;1;0;0;0;0;0;0;0;2;0;0;0;0
"04/08/2015";"09:47:00";"27";"com vítima";"255";"BR-393/RJ";"Pista Norte";"Colisão lateral no mesmo sentido";1;0;0;1;0;0;0;0;0;0;1;1;0;0;0
"05/08/2015";"07:00:00";"18";"com vítima";"168";"BR-393/RJ";"Pista Norte";"Colisão c/ obstáculos";1;0;0;0;0;0;0;0;0;0;0;1;0;0;0
"05/08/2015";"07:05:00";"19";"sem vítima";"234.707";"BR-393/RJ";"Pista Sul";"Colisão lateral no sentido contrário";2;0;0;0;0;0;0;0;0;0;2;0;0;0;0
"06/08/2015";"09:13:00";"40";"sem vítima";"285.473";"BR-393/RJ";"Pista Sul";"Colisão lateral no mesmo sentido";1;0;1;0;0;0;0;0;0;0;2;0;0;0;0
"07/08/2015";"02:30:00";"7";"sem vítima";"173.455";"BR-393/RJ";"Pista Sul";"Colisão c/ obstáculos";0;0;1;0;0;0;0;0;0;0;3;0;0;0;0
"07/08/2015";"07:38:00";"25";"com vítima";"147.181";"BR-393/RJ";"Pista Norte";"Tombamento";0;0;1;0;0;0;0;0;0;0;0;0;0;1;0
"07/08/2015";"03:23:00";"37";"com vítima";"234.5";"BR-393/RJ";"Pista Norte";"Colisão com veículos (traseira)";2;0;0;0;0;0;0;0;0;0;1;1;0;0;0
"07/08/2015";"06:32:00";"46";"com vítima";"219.1";"BR-393/RJ";"Pista Sul";"Saídas de pista";1;0;0;0;0;0;0;0;0;0;0;2;0;0;0
"08/08/2015";"12:01:00";"1";"com vítima";"103.8";"BR-393/RJ";"Pista Norte";"Acidentes de outra natureza";0;0;0;1;0;0;0;0;0;0;0;1;0;0;0
"08/08/2015";"08:07:00";"25";"com vítima";"165";"BR-393/RJ";"Pista Norte";"Colisão com veículos (frontal)";0;0;2;0;0;0;0;0;0;0;0;3;0;0;0
"08/08/2015";"10:41:00";"73";"com vítima";"167.4";"BR-393/RJ";"Pista Norte";"Acidentes de outra natureza";0;0;0;1;0;0;0;0;0;0;0;1;0;0;0
"09/08/2015";"07:43:00";"22";"com vítima";"182";"BR-393/RJ";"Pista Norte";"Acidentes de outra natureza";0;0;0;1;0;0;0;0;0;0;0;1;0;0;0
"09/08/2015";"09:35:00";"96";"com vítima";"280.5";"BR-393/RJ";"Pista Sul";"Atropelamento de pedestre";1;0;0;0;0;0;0;0;0;0;1;0;0;1;0
"10/08/2015";"12:37:00";"50";"sem vítima";"178";"BR-393/RJ";"Pista Sul";"Colisão c/ obstáculos";0;0;1;0;0;0;0;0;0;0;1;0;0;0;0
"10/08/2015";"07:02:00";"82";"com vítima";"242.05";"BR-393/RJ";"Pista Sul";"Acidentes de outra natureza";0;0;0;1;0;0;0;0;0;0;0;1;0;0;0
"10/08/2015";"07:16:00";"84";"sem vítima";"132";"BR-393/RJ";"Pista Sul";"Colisão com veículos (traseira)";2;0;0;0;0;0;0;0;0;0;2;0;0;0;0
"10/08/2015";"10:55:00";"94";"com vítima";"147.22";"BR-393/RJ";"Pista Sul";"Tombamento";0;0;1;0;0;0;0;0;0;0;0;1;0;0;0
"10/08/2015";"11:04:00";"96";"com vítima";"154";"BR-393/RJ";"Pista Sul";"Acidentes de outra natureza";0;0;0;1;0;0;0;0;0;0;0;1;0;0;0
"11/08/2015";"06:58:00";"10";"sem vítima";"240.853";"BR-393/RJ";"Pista Norte";"Atropelamento de animais";1;0;0;0;0;0;0;0;0;0;1;0;0;0;0
"11/08/2015";"10:49:00";"25";"com vítima";"258.066";"BR-393/RJ";"Pista Norte";"Tombamento";0;0;1;0;0;0;0;0;0;0;0;1;0;0;0
"11/08/2015";"06:16:00";"50";"com vítima";"174.8";"BR-393/RJ";"Pista Norte";"Atropelamento de pedestre";1;1;0;0;0;0;0;0;0;0;1;1;0;0;0
"13/08/2015";"10:38:00";"128";"sem vítima";"280";"BR-393/RJ";"Pista Norte";"Colisão com veículos (traseira)";0;0;1;0;0;0;0;0;0;1;2;0;0;0;0
"13/08/2015";"10:55:00";"133";"com vítima";"201.368";"BR-393/RJ";"Pista Norte";"Tombamento";0;0;1;0;0;0;0;0;0;0;0;1;0;0;0
"14/08/2015";"10:59:00";"51";"com vítima";"171.477";"BR-393/RJ";"Pista Sul";"Colisão lateral no sentido contrário";1;0;1;0;0;0;0;0;0;0;1;1;0;0;0
"14/08/2015";"06:15:00";"93";"com vítima";"193.175";"BR-393/RJ";"Pista Sul";"Atropelamento de pedestre";0;0;1;0;0;0;0;0;0;0;0;1;0;0;1
"14/08/2015";"06:39:00";"97";"sem vítima";"285.115";"BR-393/RJ";"Pista Norte";"Colisão com veículos (traseira)";2;0;0;0;0;0;0;0;0;0;2;0;0;0;0
"15/08/2015";"05:42:00";"40";"sem vítima";"243.195";"BR-393/RJ";"Pista Norte";"Objeto lançado contra veículo";0;0;1;0;1;0;0;0;0;0;30;0;0;0;0
"15/08/2015";"06:53:00";"106";"sem vítima";"282.3";"BR-393/RJ";"Pista Norte";"Colisão com veículos (traseira)";2;0;0;0;0;0;0;0;0;0;2;0;0;0;0
"15/08/2015";"07:39:00";"111";"sem vítima";"248.1";"BR-393/RJ";"Pista Sul";"Saídas de pista";1;0;0;0;0;0;0;0;0;0;1;0;0;0;0
"16/08/2015";"10:04:00";"64";"sem vítima";"168";"BR-393/RJ";"Pista Norte";"Colisão com veículos (traseira)";2;0;0;0;0;0;0;0;0;0;3;0;0;0;0
"17/08/2015";"12:49:00";"9";"com vítima";"282.128";"BR-393/RJ";"Pista Norte";"Acidentes de outra natureza";0;0;0;1;0;0;0;0;0;0;1;1;0;0;0
"17/08/2015";"10:38:00";"47";"com vítima";"261.191";"BR-393/RJ";"Pista Sul";"Colisão c/ obstáculos";1;0;0;0;0;0;0;0;0;0;0;0;1;0;0
"17/08/2015";"12:17:00";"54";"sem vítima";"285";"BR-393/RJ";"Pista Sul";"Colisão com veículos (traseira)";1;0;1;0;0;0;0;0;0;0;2;0;0;0;0
"18/08/2015";"01:14:00";"7";"sem vítima";"239.445";"BR-393/RJ";"Pista Norte";"Acidentes de outra natureza";1;0;0;0;0;0;0;0;0;0;2;0;0;0;0
"18/08/2015";"02:25:00";"54";"com vítima";"268";"BR-393/RJ";"Pista Norte";"Colisão lateral no sentido contrário";1;0;0;1;0;0;0;0;0;0;2;2;0;0;0
"19/08/2015";"09:05:00";"53";"com vítima";"273.752";"BR-393/RJ";"Pista Sul";"Colisão lateral no mesmo sentido";1;0;0;1;0;0;0;0;0;0;1;1;0;0;0
"19/08/2015";"11:11:00";"58";"com vítima";"104.129";"BR-393/RJ";"Pista Norte";"Acidentes de outra natureza";1;0;1;1;0;0;0;0;0;0;2;1;0;0;0