data;horario;n_da_ocorrencia;tipo_de_ocorrencia;km;trecho;sentido;tipo_de_acidente;automovel;bicicleta;caminhao;moto;onibus;outros;tracao_animal;transporte_de_cargas_especiais;trator_maquinas;utilitarios;ilesos;levemente_feridos;moderadamente_feridos;gravemente_feridos;mortos
"20/08/2015";"09:01:00";"25";"sem vítima";"281";"BR-393/RJ";"Pista Norte";"Colisão com veículos (traseira)";1;0;1;0;0;0;0;0;0;0;2;0;0;0;0
"20/08/2015";"07:14:00";"85";"com vítima";"177.6";"BR-393/RJ";"Pista Sul";"Colisão com veículos (frontal)";2;0;0;0;0;0;0;0;0;0;1;2;0;0;0
"21/08/2015";"05:49:00";"100";"sem vítima";"284.2";"BR-393/RJ";"Pista Sul";"Colisão lateral no mesmo sentido";1;0;1;0;0;0;0;0;0;0;2;0;0;0;0
"21/08/2015";"09:18:00";"108";"com vítima";"175.588";"BR-393/RJ";"Pista Sul";"Engavetamento";2;0;1;0;0;0;0;0;0;0;1;3;0;0;0
"22/08/2015";"04:18:00";"5";"com vítima";"248.4";"BR-393/RJ";"Pista Norte";"Acidentes de outra natureza";0;0;0;1;0;0;0;0;0;0;1;1;0;0;0
"22/08/2015";"10:44:00";"40";"sem vítima";"268";"BR-393/RJ";"Pista Norte";"Colisão lateral no mesmo sentido";1;0;0;1;0;0;0;0;0;0;2;0;0;0;0
"23/08/2015";"06:27:00";"20";"com vítima";"201.44";"BR-393/RJ";"Pista Norte";"Tombamento";0;0;1;0;0;0;0;0;0;0;0;0;0;0;1
"23/08/2015";"10:44:00";"23";"sem vítima";"236.57";"BR-393/RJ";"Pista Sul";"Colisão com veículos (traseira)";2;0;0;0;0;0;0;0;0;0;4;0;0;0;0
"23/08/2015";"08:37:00";"54";"com vítima";"152";"BR-393/RJ";"Pista Sul";"Saídas de pista";1;0;0;0;0;0;0;0;0;0;0;1;0;0;0
"23/08/2015";"10:52:00";"60";"com vítima";"216";"BR-393/RJ";"Pista Sul";"Acidentes de outra natureza";0;0;1;1;0;0;0;0;0;0;1;0;0;0;1
"24/08/2015";"12:41:00";"9";"com vítima";"279.5";"BR-393/RJ";"Pista Norte";"Colisão lateral no sentido contrário";2;0;0;0;0;0;0;0;0;0;2;1;0;0;0
"24/08/2015";"11:41:00";"48";"sem vítima";"246.5";"BR-393/RJ";"Pista Norte";"Colisão lateral no sentido contrário";2;0;0;0;0;0;0;0;0;0;2;0;0;0;0
"24/08/2015";"07:23:00";"71";"com vítima";"249.3";"BR-393/RJ";"Pista Sul";"Colisão com veículos (traseira)";2;0;0;0;0;0;0;0;0;0;2;1;0;0;0
"25/08/2015";"03:37:00";"77";"com vítima";"125";"BR-393/RJ";"Pista Norte";"Colisão com veículos (traseira)";1;0;1;0;0;0;0;0;0;0;2;1;0;0;0
"25/08/2015";"06:17:00";"91";"com vítima";"268.609";"BR-393/RJ";"Pista Norte";"Colisão lateral no sentido contrário";2;0;0;0;0;0;0;0;0;0;0;2;1;0;0
"25/08/2015";"08:07:00";"101";"sem vítima";"262.954";"BR-393/RJ";"Pista Norte";"Saídas de pista";1;0;0;0;0;0;0;0;0;0;1;0;0;0;0
"26/08/2015";"08:27:00";"40";"sem vítima";"235";"BR-393/RJ";"Pista Sul";"Colisão lateral no mesmo sentido";1;0;1;0;0;0;0;0;0;0;3;0;0;0;0
"26/08/2015";"10:03:00";"115";"sem vítima";"283.412";"BR-393/RJ";"Pista Norte";"Colisão com veículos (traseira)";2;0;0;0;0;0;0;0;0;0;3;0;0;0;0
"27/08/2015";"10:49:00";"39";"sem vítima";"285.8";"BR-393/RJ";"Pista Sul";"Colisão lateral no mesmo sentido";2;0;0;0;0;0;0;0;0;0;2;0;0;0;0
"27/08/2015";"07:33:00";"62";"com vítima";"177.7";"BR-393/RJ";"Pista Sul";"Colisão lateral no mesmo sentido";1;0;1;0;0;0;0;0;0;0;1;1;0;0;0
"28/08/2015";"07:22:00";"18";"sem vítima";"218.486";"BR-393/RJ";"Pista Sul";"Saídas de pista";1;0;0;0;0;0;0;0;0;0;1;0;0;0;0
"28/08/2015";"07:09:00";"56";"sem vítima";"281";"BR-393/RJ";"Pista Norte";"Colisão lateral no sentido contrário";1;0;1;0;0;0;0;0;0;0;2;0;0;0;0
"29/08/2015";"10:18:00";"38";"sem vítima";"285";"BR-393/RJ";"Pista Norte";"Colisão lateral no sentido contrário";2;0;0;0;0;0;0;0;0;0;2;0;0;0;0
"29/08/2015";"11:02:00";"49";"sem vítima";"285";"BR-393/RJ";"Pista Norte";"Colisão com veículos (traseira)";1;0;1;0;0;0;0;0;0;0;2;0;0;0;0
"29/08/2015";"11:04:00";"51";"sem vítima";"243";"BR-393/RJ";"Pista Norte";"Capotamento";1;0;0;0;0;0;0;0;0;0;1;0;0;0;0
"29/08/2015";"10:55:00";"100";"com vítima";"250.8";"BR-393/RJ";"Pista Sul";"Atropelamento de pedestre";1;0;0;0;0;0;0;0;0;0;1;0;0;0;1
"30/08/2015";"06:15:00";"64";"sem vítima";"155";"BR-393/RJ";"Pista Sul";"Colisão lateral no mesmo sentido";2;0;0;0;0;0;0;0;0;0;8;0;0;0;0
"30/08/2015";"06:47:00";"69";"sem vítima";"284.8";"BR-393/RJ";"Pista Sul";"Colisão lateral no mesmo sentido";1;0;1;0;0;0;0;0;0;0;2;0;0;0;0
"01/09/2015";"10:18:00";"106";"com vítima";"281.2";"BR-393/RJ";"Pista Sul";"Colisão lateral no mesmo sentido";0;1;0;0;1;0;0;0;0;0;1;1;0;0;0
"02/09/2015";"01:46:00";"64";"com vítima";"254";"BR-393/RJ";"Pista Sul";"Saídas de pista";1;0;0;0;0;0;0;0;0;0;0;1;0;0;0
"02/09/2015";"06:41:00";"89";"sem vítima";"285.514";"BR-393/RJ";"Pista Sul";"Colisão lateral no mesmo sentido";1;0;1;0;0;0;0;0;0;0;2;0;0;0;0
"04/09/2015";"10:00:00";"37";"com vítima";"172.216";"BR-393/RJ";"Pista Norte";"Tombamento";0;0;2;0;0;0;0;0;0;0;0;1;3;0;0
"04/09/2015";"05:27:00";"63";"sem vítima";"174";"BR-393/RJ";"Pista Sul";"Acidentes de outra natureza";0;0;0;1;0;0;0;0;0;0;1;0;0;0;0
"04/09/2015";"05:38:00";"65";"sem vítima";"284.4";"BR-393/RJ";"Pista Sul";"Colisão lateral no mesmo sentido";1;0;0;0;1;0;0;0;0;0;2;0;0;0;0
"04/09/2015";"06:28:00";"72";"sem vítima";"285.5";"BR-393/RJ";"Pista Norte";"Colisão com veículos (traseira)";1;0;1;0;0;0;0;0;0;0;2;0;0;0;0
"04/09/2015";"11:59:00";"99";"com vítima";"274.8";"BR-393/RJ";"Pista Norte";"Saídas de pista";1;0;0;0;0;0;0;0;0;0;2;1;0;0;0
"05/09/2015";"03:35:00";"12";"sem vítima";"141.3";"BR-393/RJ";"Pista Sul";"Saídas de pista";1;0;0;0;0;0;0;0;0;0;1;0;0;0;0
"05/09/2015";"10:57:00";"33";"sem vítima";"195.15";"BR-393/RJ";"Pista Sul";"Colisão com veículos (traseira)";2;0;0;0;0;0;0;0;0;0;7;0;0;0;0
"05/09/2015";"03:31:00";"53";"sem vítima";"155.557";"BR-393/RJ";"Pista Norte";"Saídas de pista";1;0;0;0;0;0;0;0;0;0;2;0;0;0;0
"05/09/2015";"03:36:00";"54";"com vítima";"168.764";"BR-393/RJ";"Pista Norte";"Colisão lateral no sentido contrário";2;0;0;0;0;0;0;0;0;0;0;3;0;0;0
"05/09/2015";"04:06:00";"55";"sem vítima";"153.633";"BR-393/RJ";"Pista Norte";"Acidentes de outra natureza";0;0;0;1;0;0;0;0;0;0;2;0;0;0;0
"05/09/2015";"07:21:00";"69";"sem vítima";"143";"BR-393/RJ";"Pista Norte";"Colisão lateral no sentido contrário";1;0;0;0;1;0;0;0;0;0;6;0;0;0;0
"05/09/2015";"07:32:00";"72";"sem vítima";"165";"BR-393/RJ";"Pista Sul";"Saídas de pista";1;0;0;0;0;0;0;0;0;0;2;0;0;0;0
"05/09/2015";"10:57:00";"77";"com vítima";"114.25";"BR-393/RJ";"Pista Norte";"Capotamento";1;0;0;0;0;0;0;0;0;0;0;0;1;0;0
"06/09/2015";"07:16:00";"16";"sem vítima";"266.508";"BR-393/RJ";"Pista Norte";"Colisão c/ obstáculos";1;0;0;0;0;0;0;0;0;0;1;0;0;0;0
"06/09/2015";"06:12:00";"49";"com vítima";"151.928";"BR-393/RJ";"Pista Sul";"Capotamento";0;0;1;0;0;0;0;0;0;0;0;0;0;0;1
"06/09/2015";"07:06:00";"52";"com vítima";"274.718";"BR-393/RJ";"Pista Sul";"Capotamento";1;0;0;0;0;0;0;0;0;0;0;1;0;0;0
"06/09/2015";"08:40:00";"59";"sem vítima";"251";"BR-393/RJ";"Pista Norte";"Colisão lateral no mesmo sentido";2;0;0;0;0;0;0;0;0;0;2;0;0;0;0
"07/09/2015";"11:35:00";"36";"sem vítima";"278.577";"BR-393/RJ";"Pista Sul";"Colisão com veículos (traseira)";2;0;0;0;0;0;0;0;0;0;2;0;0;0;0
"07/09/2015";"02:23:00";"48";"sem vítima";"102";"BR-393/RJ";"Pista Norte";"Colisão lateral no sentido contrário";2;0;0;0;0;0;0;0;0;0;10;0;0;0;0
"08/09/2015";"12:48:00";"2";"com vítima";"280";"BR-393/RJ";"Pista Sul";"Colisão lateral no sentido contrário";0;0;0;2;0;0;0;0;0;0;1;1;0;0;0
"08/09/2015";"05:48:00";"32";"com vítima";"175";"BR-393/RJ";"Pista Sul";"Capotamento";1;0;0;0;0;0;0;0;0;0;0;1;0;0;0
"08/09/2015";"09:33:00";"50";"sem vítima";"281";"BR-393/RJ";"Pista Sul";"Colisão lateral no mesmo sentido";2;0;0;0;0;0;0;0;0;0;2;0;0;0;0
"09/09/2015";"07:37:00";"73";"com vítima";"201.4";"BR-393/RJ";"Pista Sul";"Acidentes de outra natureza";0;0;0;1;0;0;0;0;0;0;1;1;0;0;0
"10/09/2015";"07:04:00";"17";"com vítima";"114.31";"BR-393/RJ";"Pista Norte";"Colisão c/ obstáculos";0;0;1;0;0;0;0;0;0;0;0;1;0;0;1
"10/09/2015";"11:24:00";"49";"com vítima";"181.396";"BR-393/RJ";"Pista Norte";"Capotamento";1;0;0;0;0;0;0;0;0;0;0;1;0;0;0
"11/09/2015";"11:40:00";"75";"sem vítima";"155";"BR-393/RJ";"Pista Norte";"Saídas de pista";1;0;0;0;0;0;0;0;0;0;2;0;0;0;0
"11/09/2015";"02:55:00";"107";"sem vítima";"260.769";"BR-393/RJ";"Pista Norte";"Colisão c/ obstáculos";1;0;0;0;0;0;0;0;0;0;1;0;0;0;0
"11/09/2015";"03:26:00";"111";"sem vítima";"136.487";"BR-393/RJ";"Pista Sul";"Saídas de pista";1;0;0;0;0;0;0;0;0;0;4;0;0;0;0
"11/09/2015";"06:40:00";"133";"com vítima";"218.367";"BR-393/RJ";"Pista Sul";"Tombamento";0;0;1;0;0;0;0;0;0;0;0;1;0;0;0
"14/09/2015";"11:39:00";"42";"com vítima";"105";"BR-393/RJ";"Pista Norte";"Acidentes de outra natureza";0;0;0;1;0;0;0;0;0;0;0;1;0;0;0
"14/09/2015";"05:42:00";"73";"com vítima";"279";"BR-393/RJ";"Pista Norte";"Colisão lateral no sentido contrário";1;0;1;0;0;0;0;0;0;0;1;0;0;1;0
"15/09/2015";"12:45:00";"2";"com vítima";"161.935";"BR-393/RJ";"Pista Sul";"Capotamento";0;0;1;0;0;0;0;0;0;0;0;1;0;0;0
"15/09/2015";"03:22:00";"13";"sem vítima";"279.075";"BR-393/RJ";"Pista Sul";"Saídas de pista";0;0;1;0;0;0;0;0;0;0;1;0;0;0;0
"15/09/2015";"07:39:00";"85";"com vítima";"268";"BR-393/RJ";"Pista Sul";"Colisão lateral no sentido contrário";2;0;0;0;0;0;0;0;0;0;2;1;0;0;0
"16/09/2015";"11:10:00";"55";"sem vítima";"279.8";"BR-393/RJ";"Pista Sul";"Colisão com veículos (traseira)";0;0;1;0;0;0;0;0;0;1;2;0;0;0;0
"17/09/2015";"07:03:00";"64";"com vítima";"171.4";"BR-393/RJ";"Pista Norte";"Colisão lateral no sentido contrário";1;0;1;0;0;0;0;0;0;0;2;1;0;0;0
"17/09/2015";"08:21:00";"67";"sem vítima";"285.4";"BR-393/RJ";"Pista Norte";"Colisão lateral no mesmo sentido";1;0;0;0;1;0;0;0;0;0;2;0;0;0;0
"18/09/2015";"08:44:00";"26";"sem vítima";"285.9";"BR-393/RJ";"Pista Sul";"Colisão lateral no mesmo sentido";2;0;0;0;0;0;0;0;0;0;2;0;0;0;0
"19/09/2015";"12:17:00";"54";"sem vítima";"284";"BR-393/RJ";"Pista Norte";"Colisão com veículos (traseira)";2;0;0;0;0;0;0;0;0;0;2;0;0;0;0
"19/09/2015";"05:25:00";"78";"com vítima";"124.587";"BR-393/RJ";"Pista Norte";"Tombamento";0;0;1;0;0;0;0;0;0;0;0;2;0;0;0
"20/09/2015";"07:43:00";"17";"com vítima";"155.41";"BR-393/RJ";"Pista Sul";"Colisão c/ obstáculos";1;0;0;0;0;0;0;0;0;0;0;1;0;0;0
"20/09/2015";"02:37:00";"36";"com vítima";"102";"BR-393/RJ";"Pista Norte";"Colisão lateral no sentido contrário";1;0;1;0;0;0;0;0;0;0;1;1;0;0;0
"20/09/2015";"07:05:00";"56";"com vítima";"286";"BR-393/RJ";"Pista Norte";"Colisão com veículos (frontal)";1;0;0;0;0;0;0;0;0;1;0;0;0;2;0
"21/09/2015";"07:37:00";"21";"sem vítima";"278.926";"BR-393/RJ";"Pista Sul";"Colisão lateral no mesmo sentido";0;0;1;0;1;0;0;0;0;0;3;0;0;0;0
"22/09/2015";"06:28:00";"124";"com vítima";"284.2";"BR-393/RJ";"Pista Norte";"Colisão lateral no mesmo sentido";1;0;0;1;0;0;0;0;0;0;1;1;0;0;0
"23/09/2015";"06:07:00";"26";"com vítima";"151.84";"BR-393/RJ";"Pista Sul";"Capotamento";0;0;1;0;0;0;0;0;0;0;0;1;0;0;0
"23/09/2015";"01:46:00";"109";"sem vítima";"283";"BR-393/RJ";"Pista Sul";"Colisão lateral no mesmo sentido";1;0;1;0;0;0;0;0;0;0;3;0;0;0;0
"23/09/2015";"01:48:00";"110";"com vítima";"238";"BR-393/RJ";"Pista Sul";"Colisão lateral no sentido contrário";2;0;0;0;0;0;0;0;0;0;0;0;4;0;0
"23/09/2015";"06:05:00";"135";"com vítima";"227.702";"BR-393/RJ";"Pista Norte";"Saídas de pista";1;0;0;0;0;0;0;0;0;0;3;0;1;0;0
"23/09/2015";"07:34:00";"143";"com vítima";"170";"BR-393/RJ";"Pista Norte";"Saídas de pista";1;0;0;0;0;0;0;0;0;0;0;1;0;0;0
"24/09/2015";"08:49:00";"104";"sem vítima";"258.8";"BR-393/RJ";"Pista Sul";"Atropelamento de animais";0;0;1;0;0;0;0;0;0;0;1;0;0;0;0
"25/09/2015";"06:21:00";"60";"com vítima";"268";"BR-393/RJ";"Pista Norte";"Colisão lateral no sentido contrário";1;0;0;1;0;0;0;0;0;0;1;1;0;0;0
"25/09/2015";"06:30:00";"62";"com vítima";"237";"BR-393/RJ";"Pista Norte";"Colisão lateral no sentido contrário";1;0;0;1;0;0;0;0;0;0;1;1;0;0;0
"25/09/2015";"06:42:00";"65";"com vítima";"280";"BR-393/RJ";"Pista Sul";"Atropelamento de pedestre";1;0;0;0;0;0;0;0;0;0;1;0;1;0;0
"26/09/2015";"09:23:00";"22";"sem vítima";"284";"BR-393/RJ";"Pista Sul";"Colisão Lateral Mesmo Sentido";1;0;1;0;0;0;0;0;0;0;2;0;0;0;0
"26/09/2015";"05:37:00";"104";"sem vítima";"286";"BR-393/RJ";"Pista Sul";"Colisão com veículos (traseira)";1;0;0;0;1;0;0;0;0;0;2;0;0;0;0
"29/09/2015";"12:34:00";"2";"sem vítima";"206";"BR-393/RJ";"Pista Sul";"Atropelamento de animais";0;0;1;0;0;0;0;0;0;0;1;0;0;0;0
"29/09/2015";"06:09:00";"60";"com vítima";"232";"BR-393/RJ";"Pista Norte";"Colisão lateral no mesmo sentido";0;0;1;0;1;0;0;0;0;0;1;1;0;0;0
"29/09/2015";"09:02:00";"69";"com vítima";"3";"Alça Sul";"Pista Sul";"Atropelamento de pedestre";1;0;0;0;0;0;0;0;0;0;1;1;0;0;0
"29/09/2015";"09:20:00";"71";"sem vítima";"285.5";"BR-393/RJ";"Pista Norte";"Colisão lateral no sentido contrário";1;0;0;2;0;0;0;0;0;0;3;0;0;0;0
"30/09/2015";"09:05:00";"33";"sem vítima";"258.673";"BR-393/RJ";"Pista Norte";"Saídas de pista";1;0;0;0;0;0;0;0;0;0;1;0;0;0;0
"01/10/2015";"12:55:00";"77";"com vítima";"274";"BR-393/RJ";"Pista Norte";"Acidentes de outra natureza";0;0;0;1;0;0;0;0;0;0;0;1;0;0;0
"01/10/2015";"08:42:00";"124";"com vítima";"123.533";"BR-393/RJ";"Pista Norte";"Colisão c/ obstáculos";1;0;0;0;0;0;0;0;0;0;0;1;0;0;0
"03/10/2015";"02:37:00";"50";"com vítima";"181.2";"BR-393/RJ";"Pista Sul";"Saídas de pista";1;0;0;0;0;0;0;0;0;0;0;1;0;0;0
"03/10/2015";"07:34:00";"63";"sem vítima";"188";"BR-393/RJ";"Pista Sul";"Atropelamento de animais";1;0;0;0;0;0;0;0;0;0;2;0;0;0;0
"04/10/2015";"10:59:00";"82";"sem vítima";"286";"BR-393/RJ";"Pista Norte";"Colisão lateral no sentido contrário";2;0;0;0;0;0;0;0;0;0;2;0;0;0;0
"05/10/2015";"10:28:00";"48";"sem vítima";"240.475";"BR-393/RJ";"Pista Sul";"Colisão lateral no mesmo sentido";1;0;1;0;0;0;0;0;0;0;2;0;0;0;0
"06/10/2015";"05:07:00";"32";"com vítima";"279.241";"BR-393/RJ";"Pista Sul";"Colisão com veículos (traseira)";0;0;2;0;0;0;0;0;0;0;0;2;0;0;0
"06/10/2015";"02:19:00";"56";"com vítima";"284";"BR-393/RJ";"Pista Sul";"Atropelamento de pedestre";0;1;0;1;0;0;0;0;0;0;0;2;0;0;0
"06/10/2015";"05:12:00";"70";"sem vítima";"245.5";"BR-393/RJ";"Pista Sul";"Colisão com veículos (traseira)";3;0;0;0;0;0;0;0;0;0;3;0;0;0;0
"07/10/2015";"12:53:00";"41";"com vítima";"102.5";"BR-393/RJ";"Pista Sul";"Colisão lateral no mesmo sentido";2;0;0;0;0;0;0;0;0;0;3;1;0;0;0
"07/10/2015";"03:31:00";"48";"sem vítima";"266.3";"BR-393/RJ";"Pista Sul";"Colisão com veículos (traseira)";1;0;1;0;0;0;0;0;0;0;2;0;0;0;0
"07/10/2015";"10:02:00";"63";"com vítima";"281";"BR-393/RJ";"Pista Sul";"Colisão com veículos (frontal)";1;0;0;1;0;0;0;0;0;0;1;1;0;0;0
"07/10/2015";"10:12:00";"65";"sem vítima";"281";"BR-393/RJ";"Pista Norte";"Engavetamento";0;0;0;0;0;0;0;0;0;0;0;0;0;0;0
"08/10/2015";"06:44:00";"15";"com vítima";"274.162";"BR-393/RJ";"Pista Norte";"Tombamento";1;0;2;0;0;0;0;0;0;0;3;1;0;0;0
"08/10/2015";"08:37:00";"22";"com vítima";"229.625";"BR-393/RJ";"Pista Sul";"Tombamento";0;0;1;0;0;0;0;0;0;0;0;2;0;0;0
"08/10/2015";"09:58:00";"26";"com vítima";"218.881";"BR-393/RJ";"Pista Norte";"Colisão lateral no sentido contrário";2;0;0;0;0;0;0;0;0;0;2;1;0;0;0
"08/10/2015";"10:03:00";"27";"com vítima";"284.5";"BR-393/RJ";"Pista Sul";"Acidentes de outra natureza";0;0;0;1;0;0;0;0;0;0;0;1;0;0;0
"08/10/2015";"08:09:00";"93";"sem vítima";"280.3";"BR-393/RJ";"Pista Sul";"Colisão lateral no mesmo sentido";1;0;0;1;0;0;0;0;0;0;2;0;0;0;0
"09/10/2015";"12:39:00";"60";"sem vítima";"274";"BR-393/RJ";"Pista Norte";"Colisão com veículos (traseira)";2;0;0;0;0;0;0;0;0;0;2;0;0;0;0
"09/10/2015";"08:31:00";"89";"com vítima";"151";"BR-393/RJ";"Pista Norte";"Colisão lateral no mesmo sentido";1;0;1;0;0;0;0;0;0;0;0;4;0;0;0
"09/10/2015";"08:59:00";"92";"sem vítima";"284.2";"BR-393/RJ";"Pista Norte";"Colisão com veículos (traseira)";2;0;0;0;0;0;0;0;0;0;2;0;0;0;0
"10/10/2015";"06:09:00";"94";"sem vítima";"278";"BR-393/RJ";"Pista Norte";"Colisão com veículos (traseira)";2;0;0;0;0;0;0;0;0;0;2;0;0;0;0
"10/10/2015";"08:02:00";"97";"sem vítima";"285";"BR-393/RJ";"Pista Sul";"Colisão lateral no mesmo sentido";2;0;0;0;0;0;0;0;0;0;2;0;0;0;0
"11/10/2015";"12:55:00";"4";"sem vítima";"282";"BR-393/RJ";"Pista Norte";"Colisão com veículos (frontal)";2;0;0;0;0;0;0;0;0;0;4;0;0;0;0
"11/10/2015";"10:49:00";"29";"sem vítima";"278";"BR-393/RJ";"Pista Norte";"Colisão com veículos (traseira)";2;0;0;0;0;0;0;0;0;0;2;0;0;0;0
"12/10/2015";"07:42:00";"88";"com vítima";"192.986";"BR-393/RJ";"Pista Norte";"Capotamento";1;0;0;0;0;0;0;0;0;0;0;3;0;0;0
"13/10/2015";"10:58:00";"40";"sem vítima";"105.9";"BR-393/RJ";"Pista Norte";"Colisão lateral no mesmo sentido";2;0;0;0;0;0;0;0;0;0;4;0;0;0;0
"13/10/2015";"05:55:00";"75";"com vítima";"121.269";"BR-393/RJ";"Pista Sul";"Tombamento";0;0;1;0;0;0;0;0;0;0;0;0;1;0;0
"14/10/2015";"10:27:00";"36";"com vítima";"123.575";"BR-393/RJ";"Pista Norte";"Tombamento";0;0;1;0;0;0;0;0;0;0;0;1;0;0;0
"14/10/2015";"06:49:00";"56";"com vítima";"181.2";"BR-393/RJ";"Pista Sul";"Colisão com veículos (traseira)";1;0;0;1;0;0;0;0;0;0;1;1;0;0;0
"14/10/2015";"07:37:00";"59";"com vítima";"235.8";"BR-393/RJ";"Pista Sul";"Colisão Lateral Mesmo Sentido";1;0;0;1;0;0;0;0;0;0;2;0;1;0;0
"14/10/2015";"10:09:00";"64";"com vítima";"283.3";"BR-393/RJ";"Pista Sul";"Colisão lateral no sentido contrário";1;0;1;0;0;0;0;0;0;0;1;1;0;0;0
"15/10/2015";"11:08:00";"71";"sem vítima";"250.8";"BR-393/RJ";"Pista Sul";"Saídas de pista";1;0;0;0;0;0;0;0;0;0;1;0;0;0;0
"16/10/2015";"12:56:00";"45";"com vítima";"220.946";"BR-393/RJ";"Pista Sul";"Capotamento";1;0;0;0;0;0;0;0;0;0;0;1;0;0;0
"16/10/2015";"05:35:00";"62";"com vítima";"268";"BR-393/RJ";"Pista Sul";"Colisão com veículos (frontal)";2;0;0;0;0;0;0;0;0;0;1;2;0;0;0
"17/10/2015";"03:00:00";"19";"com vítima";"284.412";"BR-393/RJ";"Pista Sul";"Colisão lateral no sentido contrário";2;0;0;0;0;0;0;0;0;0;2;1;0;0;0
"17/10/2015";"03:30:00";"59";"sem vítima";"131.266";"BR-393/RJ";"Pista Sul";"Saídas de pista";1;0;0;0;0;0;0;0;0;0;2;0;0;0;0
"18/10/2015";"07:28:00";"29";"com vítima";"181.3";"BR-393/RJ";"Pista Sul";"Colisão c/ obstáculos";1;0;0;0;0;0;0;0;0;0;0;1;2;0;0
"18/10/2015";"09:40:00";"39";"com vítima";"283.3";"BR-393/RJ";"Pista Sul";"Colisão com veículos (frontal)";1;0;0;2;0;0;0;0;0;0;2;1;0;0;0
"20/10/2015";"06:44:00";"58";"sem vítima";"280";"BR-393/RJ";"Pista Norte";"Saídas de pista";1;0;0;0;0;0;0;0;0;0;1;0;0;0;0
"21/10/2015";"08:50:00";"39";"com vítima";"103.928";"BR-393/RJ";"Pista Sul";"Colisão com veículos (traseira)";2;0;0;0;0;0;0;0;0;0;3;1;0;0;0
"21/10/2015";"02:59:00";"81";"com vítima";"278";"BR-393/RJ";"Pista Sul";"Saídas de pista";2;0;0;0;0;0;0;0;0;0;2;1;0;0;0
"22/10/2015";"01:32:00";"59";"com vítima";"250.036";"BR-393/RJ";"Pista Sul";"Acidentes de outra natureza";1;0;1;0;0;0;0;0;0;0;3;0;0;0;1
"22/10/2015";"03:35:00";"65";"com vítima";"282.198";"BR-393/RJ";"Pista Sul";"Colisão com veículos (traseira)";1;0;1;0;0;0;0;0;0;0;0;2;0;0;0
"22/10/2015";"05:31:00";"72";"com vítima";"184.28";"BR-393/RJ";"Pista Norte";"Colisão com veículos (frontal)";1;0;1;0;0;0;0;0;0;0;0;1;0;1;1
"23/10/2015";"12:33:00";"2";"sem vítima";"237.9";"BR-393/RJ";"Pista Sul";"Atropelamento de animais";0;0;1;0;0;0;0;0;0;0;1;0;0;0;0
"23/10/2015";"12:19:00";"31";"sem vítima";"174.524";"BR-393/RJ";"Pista Sul";"Capotamento";0;0;1;0;0;0;0;0;0;0;2;0;0;0;0
"24/10/2015";"05:10:00";"18";"com vítima";"151.882";"BR-393/RJ";"Pista Sul";"Tombamento";0;0;1;0;0;0;0;0;0;0;0;1;0;0;0
"24/10/2015";"10:58:00";"29";"sem vítima";"175.6";"BR-393/RJ";"Pista Sul";"Colisão com veículos (traseira)";1;0;1;0;0;0;0;0;0;0;2;0;0;0;0
"24/10/2015";"11:49:00";"73";"sem vítima";"280.257";"BR-393/RJ";"Pista Sul";"Colisão lateral no sentido contrário";2;0;0;0;0;0;0;0;0;0;2;0;0;0;0
"26/10/2015";"06:46:00";"35";"com vítima";"285.403";"BR-393/RJ";"Pista Sul";"Colisão lateral no sentido contrário";1;0;0;1;0;0;0;0;0;0;1;1;0;0;0
"26/10/2015";"09:02:00";"46";"com vítima";"168.809";"BR-393/RJ";"Pista Sul";"Colisão com veículos (traseira)";1;1;0;0;0;0;0;0;0;0;0;1;0;0;1
"26/10/2015";"12:19:00";"53";"com vítima";"280.266";"BR-393/RJ";"Pista Norte";"Colisão lateral no mesmo sentido";1;0;0;1;0;0;0;0;0;0;1;1;0;0;0
"26/10/2015";"06:43:00";"81";"com vítima";"281.6";"BR-393/RJ";"Pista Norte";"Atropelamento de pedestre";0;0;0;1;0;0;0;0;0;0;1;1;0;0;0
"26/10/2015";"09:27:00";"91";"com vítima";"135.543";"BR-393/RJ";"Pista Sul";"Atropelamento de pedestre";1;1;0;0;0;0;0;0;0;0;1;2;0;0;0