data;horario;n_da_ocorrencia;tipo_de_ocorrencia;km;trecho;sentido;tipo_de_acidente;automovel;bicicleta;caminhao;moto;onibus;outros;tracao_animal;transporte_de_cargas_especiais;trator_maquinas;utilitarios;ilesos;levemente_feridos;moderadamente_feridos;gravemente_feridos;mortos
"24/12/2015";"05:30:00";"100";"com vítima";"225.351";"BR-393/RJ";"Pista Norte";"Acidentes de outra natureza";0;0;0;1;0;0;0;0;0;0;0;0;2;0;0
"24/12/2015";"06:06:00";"103";"sem vítima";"284";"BR-393/RJ";"Pista Norte";"Engavetamento";3;0;0;0;1;0;0;0;0;0;4;0;0;0;0
"25/12/2015";"11:19:00";"23";"com vítima";"105.948";"BR-393/RJ";"Pista Norte";"Colisão lateral no mesmo sentido";1;0;0;0;1;0;0;0;0;0;1;1;0;0;0
"25/12/2015";"05:22:00";"36";"sem vítima";"181.692";"BR-393/RJ";"Pista Norte";"Saídas de pista";1;0;0;0;0;0;0;0;0;0;1;0;0;0;0
"25/12/2015";"07:12:00";"40";"com vítima";"259.9";"BR-393/RJ";"Pista Norte";"Colisão com veículos (frontal)";3;0;0;0;0;0;0;0;0;0;2;2;0;0;0
"25/12/2015";"08:51:00";"46";"sem vítima";"281";"BR-393/RJ";"Pista Sul";"Saídas de pista";1;0;0;0;0;0;0;0;0;0;1;0;0;0;0
"26/12/2015";"06:47:00";"13";"com vítima";"170.713";"BR-393/RJ";"Pista Norte";"Saídas de pista";1;0;0;0;0;0;0;0;0;0;0;1;0;0;0
"26/12/2015";"07:34:00";"14";"com vítima";"283.051";"BR-393/RJ";"Pista Sul";"Colisão lateral no mesmo sentido";1;1;0;0;0;0;0;0;0;0;0;2;0;0;0
"26/12/2015";"06:02:00";"36";"sem vítima";"282.4";"BR-393/RJ";"Pista Sul";"Engavetamento";3;0;0;0;0;0;0;0;0;0;4;0;0;0;0
"28/12/2015";"01:06:00";"10";"com vítima";"251";"BR-393/RJ";"Pista Norte";"Colisão com veículos (frontal)";1;0;0;1;0;0;0;0;0;0;1;1;0;0;0
"28/12/2015";"02:22:00";"65";"com vítima";"105.9";"BR-393/RJ";"Pista Norte";"Colisão com veículos (traseira)";2;0;0;0;0;0;0;0;0;0;2;1;1;0;0
"28/12/2015";"05:21:00";"73";"com vítima";"183";"BR-393/RJ";"Pista Norte";"Atropelamento de pedestre";1;1;0;0;0;0;0;0;0;0;0;1;1;0;0
"29/12/2015";"07:29:00";"21";"sem vítima";"106.8";"BR-393/RJ";"Pista Norte";"Colisão lateral no sentido contrário";2;0;0;0;0;0;0;0;0;0;4;0;0;0;0
"29/12/2015";"08:33:00";"23";"com vítima";"106.8";"BR-393/RJ";"Pista Sul";"Atropelamento de pedestre";1;0;0;0;0;0;0;0;0;0;1;0;1;0;0
"29/12/2015";"12:46:00";"33";"com vítima";"160";"BR-393/RJ";"Pista Sul";"Saida de Pista";1;0;0;0;0;0;0;0;0;0;0;1;0;0;0
"30/12/2015";"11:03:00";"28";"com vítima";"232.865";"BR-393/RJ";"Pista Sul";"Abalroamento Mesmo Sentido ";2;0;0;0;0;0;0;0;0;0;5;0;1;0;0
"30/12/2015";"04:04:00";"48";"com vítima";"180.512";"BR-393/RJ";"Pista Norte";"Colisão com veículos (traseira)";0;0;0;2;0;0;0;0;0;0;1;1;0;0;0
"31/12/2015";"06:46:00";"16";"sem vítima";"122.378";"BR-393/RJ";"Pista Sul";"Colisão c/ obstáculos";0;0;1;0;0;0;0;0;0;0;1;0;0;0;0
"31/12/2015";"08:48:00";"20";"sem vítima";"286";"BR-393/RJ";"Pista Sul";"Colisão com veículos (traseira)";2;0;0;0;0;0;0;0;0;0;3;0;0;0;0
"01/01/2016";"05:48:00";"14";"com vítima";"182.39";"BR-393/RJ";"Pista Sul";"Saídas de pista";1;0;0;0;0;0;0;0;0;0;0;1;0;0;0
"01/01/2016";"03:14:00";"34";"com vítima";"222";"BR-393/RJ";"Pista Norte";"Saídas de pista";1;0;0;0;0;0;0;0;0;0;3;1;0;0;0
"01/01/2016";"04:09:00";"35";"com vítima";"265.349";"BR-393/RJ";"Pista Sul";"Colisão c/ obstáculos";1;0;0;0;0;0;0;0;0;0;1;1;0;0;0
"02/01/2016";"03:32:00";"39";"sem vítima";"169";"BR-393/RJ";"Pista Norte";"Saida de Pista";1;0;0;0;0;0;0;0;0;0;1;0;0;0;0
"02/01/2016";"03:37:00";"41";"com vítima";"163";"BR-393/RJ";"Pista Norte";"Saídas de pista";1;0;0;0;0;0;0;0;0;0;3;1;0;0;0
"02/01/2016";"05:00:00";"47";"com vítima";"151.9";"BR-393/RJ";"Pista Norte";"Saídas de pista";1;0;0;0;0;0;0;0;0;0;2;1;0;0;0
"02/01/2016";"08:08:00";"59";"sem vítima";"242.5";"BR-393/RJ";"Pista Sul";"Tombamento";0;0;1;0;0;0;0;0;0;0;1;0;0;0;0
"02/01/2016";"11:26:00";"65";"sem vítima";"146";"BR-393/RJ";"Pista Sul";"Saídas de pista";0;0;1;0;0;0;0;0;0;0;1;0;0;0;0
"03/01/2016";"01:45:00";"1";"sem vítima";"229";"BR-393/RJ";"Pista Norte";"Colisão com veículos (frontal)";1;0;0;0;1;0;0;0;0;0;2;0;0;0;0
"03/01/2016";"09:18:00";"15";"com vítima";"172.217";"BR-393/RJ";"Pista Norte";"Colisão lateral no sentido contrário";2;0;0;0;0;0;0;0;0;0;0;2;0;0;0
"03/01/2016";"12:33:00";"31";"com vítima";"230.934";"BR-393/RJ";"Pista Norte";"Colisão com veículos (frontal)";2;0;0;0;0;0;0;0;0;0;0;3;2;2;1
"04/01/2016";"04:22:00";"12";"com vítima";"211";"BR-393/RJ";"Pista Sul";"Atropelamento - Animal";1;0;0;0;0;0;0;0;0;0;0;1;0;0;0
"04/01/2016";"05:45:00";"75";"com vítima";"167.4";"BR-393/RJ";"Pista Sul";"Colisão com veículos (traseira)";0;0;0;1;0;0;0;0;0;1;1;0;1;0;0
"04/01/2016";"06:36:00";"76";"com vítima";"168.8";"BR-393/RJ";"Pista Norte";"Colisão lateral no sentido contrário";1;0;0;1;0;0;0;0;0;0;1;1;0;0;0
"05/01/2016";"12:03:00";"1";"com vítima";"177.7";"BR-393/RJ";"Pista Norte";"Colisão lateral no mesmo sentido";1;0;0;0;0;0;0;0;0;1;0;2;0;0;0
"05/01/2016";"01:14:00";"12";"com vítima";"278.25";"BR-393/RJ";"Pista Sul";"Colisão c/ obstáculos";1;0;0;0;0;0;0;0;0;0;2;1;0;0;0
"05/01/2016";"07:48:00";"28";"sem vítima";"238";"BR-393/RJ";"Pista Norte";"Colisão lateral no sentido contrário";2;0;0;0;0;0;0;0;0;0;3;0;0;0;0
"05/01/2016";"12:09:00";"49";"com vítima";"238.938";"BR-393/RJ";"Pista Norte";"Colisão lateral no sentido contrário";2;0;0;0;0;0;0;0;0;0;1;2;0;0;0
"05/01/2016";"11:24:00";"105";"com vítima";"151.8";"BR-393/RJ";"Pista Sul";"Tombamento";0;0;1;0;0;0;0;0;0;0;0;1;0;0;0
"06/01/2016";"03:14:00";"58";"sem vítima";"285";"BR-393/RJ";"Pista Sul";"Colisão com veículos (traseira)";3;0;0;0;0;0;0;0;0;0;3;0;0;0;0
"07/01/2016";"07:17:00";"17";"com vítima";"143.298";"BR-393/RJ";"Pista Sul";"Colisão c/ obstáculos";1;0;1;0;0;0;0;0;0;0;1;3;1;0;0
"07/01/2016";"12:50:00";"34";"com vítima";"270.593";"BR-393/RJ";"Pista Sul";"Colisão com veículos (frontal)";4;0;0;0;0;0;0;0;0;0;2;3;2;1;0
"08/01/2016";"07:54:00";"18";"com vítima";"278";"BR-393/RJ";"Pista Sul";"Atropelamento - Pedestre";0;1;0;0;0;0;0;0;0;0;1;1;0;0;0
"08/01/2016";"09:30:00";"31";"sem vítima";"280.186";"BR-393/RJ";"Pista Norte";"Colisão lateral no sentido contrário";2;0;0;0;0;0;0;0;0;0;2;0;0;0;0
"08/01/2016";"11:08:00";"41";"com vítima";"179";"BR-393/RJ";"Pista Norte";"Colisão com veículos (traseira)";2;0;0;0;0;0;0;0;0;0;0;4;0;0;0
"08/01/2016";"05:46:00";"72";"com vítima";"155";"BR-393/RJ";"Pista Norte";"Tombamento";0;0;1;0;0;0;0;0;0;0;0;1;0;0;0
"09/01/2016";"01:44:00";"17";"com vítima";"248.912";"BR-393/RJ";"Pista Sul";"Colisão com veículos (frontal)";0;0;1;1;0;0;0;0;0;0;1;0;0;0;2
"09/01/2016";"05:38:00";"76";"sem vítima";"286";"BR-393/RJ";"Pista Sul";"Engavetamento";3;0;0;0;0;0;0;0;0;0;3;0;0;0;0
"10/01/2016";"04:57:00";"23";"com vítima";"102";"BR-393/RJ";"Pista Norte";"Acidente - Outra Natureza";0;0;0;1;0;0;0;0;0;0;0;0;2;0;0
"10/01/2016";"04:58:00";"24";"sem vítima";"254.848";"BR-393/RJ";"Pista Sul";"Saídas de pista";1;0;0;0;0;0;0;0;0;0;4;0;0;0;0
"10/01/2016";"12:04:00";"41";"com vítima";"265.206";"BR-393/RJ";"Pista Norte";"Colisão lateral no sentido contrário";0;0;2;0;0;0;0;0;0;0;1;1;0;0;0
"10/01/2016";"02:52:00";"48";"com vítima";"155.589";"BR-393/RJ";"Pista Norte";"Colisão com veículos (traseira)";2;0;0;0;0;0;0;0;0;0;5;1;0;0;0
"10/01/2016";"06:05:00";"64";"com vítima";"267.2";"BR-393/RJ";"Pista Sul";"Capotamento";1;0;0;0;0;0;0;0;0;0;2;2;0;0;0
"10/01/2016";"09:17:00";"75";"sem vítima";"284.3";"BR-393/RJ";"Pista Sul";"Saídas de pista";1;0;0;0;0;0;0;0;0;0;1;0;0;0;0
"11/01/2016";"06:49:00";"44";"com vítima";"136.4";"BR-393/RJ";"Pista Sul";"Saídas de pista";1;0;0;0;0;0;0;0;0;0;0;2;0;0;0
"12/01/2016";"08:11:00";"23";"com vítima";"263.23";"BR-393/RJ";"Pista Sul";"Colisão lateral no sentido contrário";1;0;0;0;1;0;0;0;0;0;2;2;0;0;0
"13/01/2016";"02:41:00";"47";"com vítima";"284.787";"BR-393/RJ";"Pista Sul";"Colisão com veículos (traseira)";2;0;0;0;0;0;0;0;0;0;2;1;0;0;0
"13/01/2016";"05:05:00";"57";"sem vítima";"266";"BR-393/RJ";"Pista Sul";"Colisão c/ obstáculos";0;0;1;0;0;0;0;0;0;0;1;0;0;0;0
"13/01/2016";"05:39:00";"59";"sem vítima";"199.5";"BR-393/RJ";"Pista Norte";"Saídas de pista";1;0;0;0;0;0;0;0;0;0;3;0;0;0;0
"14/01/2016";"06:09:00";"21";"com vítima";"226.859";"BR-393/RJ";"Pista Sul";"Saídas de pista";1;0;0;0;0;0;0;0;0;0;0;2;0;0;0
"14/01/2016";"09:09:00";"29";"sem vítima";"275.396";"BR-393/RJ";"Pista Norte";"Colisão com veículos (frontal)";4;0;0;0;0;0;0;0;0;0;4;0;0;0;0
"15/01/2016";"02:37:00";"39";"com vítima";"1";"BR-393/RJ";"Pista Sul";"Colisão c/ obstáculos";1;0;0;0;0;0;0;0;0;0;0;2;0;0;0
"16/01/2016";"07:27:00";"34";"com vítima";"189";"BR-393/RJ";"Pista Norte";"Saídas de pista";1;0;0;0;0;0;0;0;0;0;0;1;0;0;0
"16/01/2016";"07:52:00";"76";"sem vítima";"286";"BR-393/RJ";"Pista Norte";"Colisão lateral no sentido contrário";2;0;0;0;0;0;0;0;0;0;2;0;0;0;0
"17/01/2016";"08:57:00";"53";"com vítima";"284.4";"BR-393/RJ";"Pista Norte";"Engavetamento";3;0;0;0;0;0;0;0;0;0;2;1;0;0;0
"18/01/2016";"06:54:00";"79";"sem vítima";"243.534";"BR-393/RJ";"Pista Sul";"Colisão c/ obstáculos";0;0;1;0;0;0;0;0;0;0;1;0;0;0;0
"19/01/2016";"07:14:00";"24";"com vítima";"176.978";"BR-393/RJ";"Pista Sul";"Colisão lateral no sentido contrário";0;0;1;0;1;0;0;0;0;0;56;3;0;0;0
"20/01/2016";"10:18:00";"25";"com vítima";"164.85";"BR-393/RJ";"Pista Norte";"Tombamento";0;0;1;0;0;0;0;0;0;0;0;1;0;0;0
"21/01/2016";"11:51:00";"44";"com vítima";"164.938";"BR-393/RJ";"Pista Sul";"Colisão c/ obstáculos";1;0;0;0;0;0;0;0;0;0;0;3;1;0;1
"23/01/2016";"02:16:00";"39";"sem vítima";"257";"BR-393/RJ";"Pista Sul";"Colisão lateral no mesmo sentido";2;0;0;0;0;0;0;0;0;0;2;0;0;0;0
"24/01/2016";"11:37:00";"34";"com vítima";"278.887";"BR-393/RJ";"Pista Norte";"Atropelamento - Pedestre";1;1;0;0;0;0;0;0;0;0;1;2;0;0;0
"25/01/2016";"12:51:00";"66";"com vítima";"104.334";"BR-393/RJ";"Pista Norte";"Colisão com veículos (traseira)";1;0;0;1;0;0;0;0;0;0;1;1;0;0;0
"26/01/2016";"11:19:00";"98";"com vítima";"262.8";"BR-393/RJ";"Pista Norte";"Tombamento";0;0;1;0;0;0;0;0;0;0;0;1;1;0;0
"27/01/2016";"06:25:00";"68";"com vítima";"193";"BR-393/RJ";"Pista Sul";"Colisão c/ obstáculos";0;0;1;0;0;0;0;0;0;0;0;1;0;1;0
"28/01/2016";"02:03:00";"3";"sem vítima";"284";"BR-393/RJ";"Pista Norte";"Colisão com veículos (frontal)";2;0;0;0;0;0;0;0;0;0;3;0;0;0;0
"28/01/2016";"09:58:00";"25";"sem vítima";"285";"BR-393/RJ";"Pista Sul";"Colisão lateral no mesmo sentido";0;0;2;0;0;0;0;0;0;0;2;0;0;0;0
"28/01/2016";"10:40:00";"31";"sem vítima";"285.3";"BR-393/RJ";"Pista Sul";"Colisão com veículos (traseira)";1;0;1;0;0;0;0;0;0;0;2;0;0;0;0
"28/01/2016";"12:09:00";"35";"sem vítima";"258.6";"BR-393/RJ";"Pista Sul";"Colisão lateral no sentido contrário";2;0;0;0;0;0;0;0;0;0;3;0;0;0;0
"28/01/2016";"10:33:00";"89";"sem vítima";"137.8";"BR-393/RJ";"Pista Norte";"Colisão c/ obstáculos";1;0;0;0;0;0;0;0;0;0;2;0;0;0;0
"29/01/2016";"06:36:00";"42";"sem vítima";"215";"BR-393/RJ";"Pista Sul";"Tombamento";0;0;1;0;0;0;0;0;0;0;1;0;0;0;0
"29/01/2016";"02:45:00";"65";"sem vítima";"266";"BR-393/RJ";"Pista Sul";"Saídas de pista";0;0;1;0;0;0;0;0;0;0;1;0;0;0;0
"30/01/2016";"09:47:00";"39";"sem vítima";"195.041";"BR-393/RJ";"Pista Sul";"Colisão com veículos (traseira)";2;0;0;0;0;0;0;0;0;0;2;0;0;0;0
"30/01/2016";"01:06:00";"46";"sem vítima";"236";"BR-393/RJ";"Pista Norte";"Colisão com veículos (traseira)";2;0;0;0;0;0;0;0;0;0;2;0;0;0;0
"01/02/2016";"09:07:00";"16";"com vítima";"122";"BR-393/RJ";"Pista Norte";"Tombamento";0;0;1;0;0;0;0;0;0;0;0;0;1;0;0
"01/02/2016";"04:17:00";"44";"com vítima";"181.657";"BR-393/RJ";"Pista Norte";"Colisão com veículos (frontal)";2;0;0;0;0;0;0;0;0;0;0;2;0;0;0
"01/02/2016";"07:06:00";"55";"sem vítima";"168.7";"BR-393/RJ";"Pista Norte";"Colisão com veículos (traseira)";2;0;0;0;0;0;0;0;0;0;5;0;0;0;0
"02/02/2016";"10:56:00";"127";"com vítima";"172.58";"BR-393/RJ";"Pista Sul";"Acidente - Outra Natureza";2;0;0;0;0;0;0;0;0;0;1;1;0;0;0
"03/02/2016";"02:08:00";"56";"com vítima";"279";"BR-393/RJ";"Pista Sul";"Atropelamento - Pedestre";1;0;0;0;0;0;0;0;0;0;1;1;0;0;0
"03/02/2016";"06:11:00";"77";"com vítima";"3.2";"Alça Sul";"Pista Norte";"Colisão lateral no sentido contrário";1;0;0;1;0;0;0;0;0;0;1;0;1;0;0
"04/02/2016";"01:51:00";"5";"com vítima";"237.1";"BR-393/RJ";"Pista Norte";"Capotamento";1;0;0;0;0;0;0;0;0;0;0;1;0;0;0
"04/02/2016";"10:45:00";"39";"sem vítima";"265.092";"BR-393/RJ";"Pista Sul";"Colisão com veículos (traseira)";1;0;1;0;0;0;0;0;0;0;2;0;0;0;0
"04/02/2016";"11:16:00";"40";"sem vítima";"268.296";"BR-393/RJ";"Pista Norte";"Colisão lateral no sentido contrário";1;0;0;0;0;0;0;0;0;1;2;0;0;0;0
"04/02/2016";"01:39:00";"59";"com vítima";"195.046";"BR-393/RJ";"Pista Sul";"Colisão com veículos (traseira)";2;0;0;0;0;0;0;0;0;0;0;2;0;0;0
"04/02/2016";"01:44:00";"61";"com vítima";"257.268";"BR-393/RJ";"Pista Norte";"Tombamento";0;0;1;0;0;0;0;0;0;0;1;1;0;0;0
"05/02/2016";"10:25:00";"36";"com vítima";"106.7";"BR-393/RJ";"Pista Sul";"Colisão com veículos (traseira)";1;0;0;1;0;0;0;0;0;0;1;0;1;0;0
"05/02/2016";"11:05:00";"38";"com vítima";"252.446";"BR-393/RJ";"Pista Sul";"Colisão lateral no sentido contrário";2;0;0;0;0;0;0;0;0;0;1;2;2;0;0
"06/02/2016";"07:21:00";"41";"com vítima";"136.738";"BR-393/RJ";"Pista Norte";"Acidente - Outra Natureza";0;0;1;1;0;0;0;0;0;0;1;1;1;0;0
"06/02/2016";"09:42:00";"51";"com vítima";"130.789";"BR-393/RJ";"Pista Norte";"Colisão c/ obstáculos";1;0;0;0;0;0;0;0;0;0;2;2;0;0;0
"06/02/2016";"10:00:00";"54";"com vítima";"151.9";"BR-393/RJ";"Pista Sul";"Tombamento";0;0;1;0;0;0;0;0;0;0;0;2;0;0;0
"06/02/2016";"04:08:00";"87";"com vítima";"279.058";"BR-393/RJ";"Pista Norte";"Colisão lateral no sentido contrário";0;0;0;1;1;0;0;0;0;0;1;0;1;0;0
"07/02/2016";"11:56:00";"30";"com vítima";"248.598";"BR-393/RJ";"Pista Norte";"Colisão com veículos (traseira)";1;0;0;1;0;0;0;0;0;0;1;1;0;0;0
"08/02/2016";"05:10:00";"44";"com vítima";"258.194";"BR-393/RJ";"Pista Norte";"Capotamento";1;0;0;0;0;0;0;0;0;0;0;2;0;0;0
"08/02/2016";"09:57:00";"55";"sem vítima";"157.9";"BR-393/RJ";"Pista Norte";"Tombamento";0;0;1;0;0;0;0;0;0;0;1;0;0;0;0
"09/02/2016";"05:22:00";"3";"sem vítima";"279.3";"BR-393/RJ";"Pista Sul";"Colisão com veículos (traseira)";2;0;0;0;0;0;0;0;0;0;2;0;0;0;0
"09/02/2016";"11:39:00";"36";"sem vítima";"265";"BR-393/RJ";"Pista Norte";"Colisão com veículos (traseira)";1;0;1;0;0;0;0;0;0;0;2;0;0;0;0
"09/02/2016";"06:21:00";"62";"com vítima";"260.9";"BR-393/RJ";"Pista Norte";"Acidente - Outra Natureza";4;0;0;0;0;0;0;0;0;0;11;3;0;0;0
"10/02/2016";"12:23:00";"5";"sem vítima";"157";"BR-393/RJ";"Pista Sul";"Saídas de pista";1;0;0;0;0;0;0;0;0;0;2;0;0;0;0
"10/02/2016";"08:04:00";"24";"com vítima";"125";"BR-393/RJ";"Norte";"Atropelamento - Pedestre";1;0;0;0;0;0;0;0;0;0;1;1;0;0;0
"11/02/2016";"04:32:00";"54";"sem vítima";"283";"BR-393/RJ";"Norte";"Saídas de pista";1;0;0;0;0;0;0;0;0;0;1;0;0;0;0
"11/02/2016";"07:19:00";"59";"sem vítima";"274.15";"BR-393/RJ";"Pista Norte";"Colisão com veículos (frontal)";2;0;0;0;0;0;0;0;0;0;3;0;0;0;0
"11/02/2016";"09:15:00";"63";"com vítima";"267.2";"BR-393/RJ";"Pista Sul";"Saídas de pista";1;0;0;0;0;0;0;0;0;0;0;1;0;0;0
"12/02/2016";"04:36:00";"47";"com vítima";"192.602";"BR-393/RJ";"Pista Norte";"Acidente - Outra Natureza";0;1;0;0;0;0;0;0;0;0;0;1;0;0;0
"13/02/2016";"10:15:00";"64";"sem vítima";"284.2";"BR-393/RJ";"Pista Sul";"Saídas de pista";1;0;0;0;0;0;0;0;0;0;2;0;0;0;0
"14/02/2016";"09:03:00";"52";"com vítima";"235.514";"BR-393/RJ";"Pista Norte";"Colisão lateral no mesmo sentido";1;0;0;1;0;0;0;0;0;0;1;1;0;0;0
"15/02/2016";"03:47:00";"48";"sem vítima";"123.121";"BR-393/RJ";"Pista Norte";"Saídas de pista";1;0;0;0;0;0;0;0;0;0;1;0;0;0;0
"15/02/2016";"05:57:00";"53";"sem vítima";"105";"BR-393/RJ";"Pista Norte";"Colisão com veículos (traseira)";2;0;0;0;0;0;0;0;0;0;2;0;0;0;0
"16/02/2016";"04:11:00";"10";"sem vítima";"285";"BR-393/RJ";"Pista Norte";"Colisão com veículos (traseira)";2;0;0;0;0;0;0;0;0;0;4;0;0;0;0
"16/02/2016";"07:38:00";"52";"sem vítima";"286.2";"BR-393/RJ";"Pista Norte";"Engavetamento";3;0;0;0;0;0;0;0;0;0;3;0;0;0;0
"16/02/2016";"10:32:00";"57";"sem vítima";"268.45";"BR-393/RJ";"Pista Norte";"Saídas de pista";0;0;0;0;0;0;0;0;0;1;14;0;0;0;0
"17/02/2016";"02:15:00";"1";"com vítima";"104";"BR-393/RJ";"Pista Norte";"Saídas de pista";0;0;1;0;0;0;0;0;0;0;0;1;0;0;0
"17/02/2016";"09:43:00";"77";"com vítima";"179";"BR-393/RJ";"Pista Norte";"Saídas de pista";1;0;0;0;0;0;0;0;0;0;0;1;0;0;0
"17/02/2016";"10:12:00";"80";"com vítima";"169";"BR-393/RJ";"Pista Norte";"Capotamento";1;0;0;0;0;0;0;0;0;0;0;1;0;0;0
"18/02/2016";"09:18:00";"62";"sem vítima";"278";"BR-393/RJ";"Pista Sul";"Colisão lateral no sentido contrário";2;0;0;0;0;0;0;0;0;0;2;0;0;0;0
"19/02/2016";"02:42:00";"45";"com vítima";"168.768";"BR-393/RJ";"Pista Sul";"Colisão lateral no mesmo sentido";2;0;0;0;0;0;0;0;0;0;3;1;0;0;0
"20/02/2016";"02:57:00";"9";"com vítima";"175";"BR-393/RJ";"Pista Norte";"Capotamento";1;0;0;0;0;0;0;0;0;0;0;2;0;0;0
"20/02/2016";"07:16:00";"11";"sem vítima";"195.541";"BR-393/RJ";"Pista Norte";"Saídas de pista";1;0;0;0;0;0;0;0;0;0;1;0;0;0;0
"20/02/2016";"08:55:00";"13";"sem vítima";"281";"BR-393/RJ";"Pista Norte";"Colisão com veículos (traseira)";2;0;0;0;0;0;0;0;0;0;2;0;0;0;0
"20/02/2016";"08:33:00";"46";"sem vítima";"284";"BR-393/RJ";"Pista Sul";"Engavetamento";1;0;0;0;0;0;0;0;0;0;1;0;0;0;0
"21/02/2016";"04:27:00";"35";"com vítima";"181.9";"BR-393/RJ";"Pista Norte";"Acidente - Outra Natureza";0;0;0;1;0;0;0;0;0;0;1;1;0;0;0
"22/02/2016";"05:53:00";"12";"com vítima";"146.936";"BR-393/RJ";"Pista Norte";"Acidente - Outra Natureza";0;0;0;1;0;0;0;0;0;0;0;2;0;0;0
"22/02/2016";"06:03:00";"55";"com vítima";"162";"BR-393/RJ";"Pista Sul";"Acidente - Outra Natureza";0;0;1;0;0;0;0;0;0;0;0;2;0;0;0
"23/02/2016";"08:14:00";"22";"com vítima";"181.81";"BR-393/RJ";"Pista Sul";"Acidente - Outra Natureza";0;0;0;1;0;0;0;0;0;0;0;0;1;0;0
"23/02/2016";"09:32:00";"29";"com vítima";"256.166";"BR-393/RJ";"Pista Norte";"Colisão lateral no sentido contrário";1;0;0;1;0;0;0;0;0;0;1;0;1;0;0
"24/02/2016";"06:04:00";"10";"com vítima";"151.889";"BR-393/RJ";"Pista Sul";"Tombamento";0;0;1;0;0;0;0;0;0;0;0;1;0;0;0
"24/02/2016";"02:09:00";"33";"com vítima";"252.363";"BR-393/RJ";"Pista Norte";"Atropelamento - Pedestre";1;1;0;0;0;0;0;0;0;0;1;1;0;0;0
"25/02/2016";"05:38:00";"11";"com vítima";"208.434";"BR-393/RJ";"Pista Norte";"Tombamento";0;0;1;0;0;0;0;0;0;0;0;1;0;0;0
"25/02/2016";"05:00:00";"43";"com vítima";"181.44";"BR-393/RJ";"Pista Sul";"Saídas de pista";1;0;0;0;0;0;0;0;0;0;0;1;0;0;0
"25/02/2016";"11:04:00";"63";"com vítima";"214.228";"BR-393/RJ";"Pista Sul";"Atropelamento - Pedestre";0;0;0;1;0;0;0;0;0;0;1;1;0;0;0
"26/02/2016";"04:14:00";"7";"sem vítima";"174.507";"BR-393/RJ";"Pista Norte";"Atropelamento - Animal";0;0;0;0;1;0;0;0;0;0;43;0;0;0;0
"26/02/2016";"01:51:00";"59";"com vítima";"178.823";"BR-393/RJ";"Pista Sul";"Atropelamento - Animal";0;0;0;1;0;0;0;0;0;0;0;2;0;0;0
"26/02/2016";"05:13:00";"83";"com vítima";"104.161";"BR-393/RJ";"Pista Sul";"Engavetamento";3;0;0;0;1;0;0;0;0;0;4;1;0;0;0
"26/02/2016";"05:35:00";"85";"com vítima";"242.934";"BR-393/RJ";"Pista Norte";"Saídas de pista";0;0;0;0;0;0;0;0;0;1;1;0;1;0;0
"26/02/2016";"07:25:00";"91";"sem vítima";"104.227";"BR-393/RJ";"Pista Norte";"Engavetamento";3;0;0;0;0;0;0;0;0;0;5;0;0;0;0
"27/02/2016";"12:38:00";"1";"com vítima";"156.41";"BR-393/RJ";"Pista Norte";"Saídas de pista";1;0;0;0;0;0;0;0;0;0;0;1;0;0;0
"27/02/2016";"05:43:00";"14";"com vítima";"205.644";"BR-393/RJ";"Pista Sul";"Saídas de pista";0;0;1;0;0;0;0;0;0;0;0;1;0;0;0
"27/02/2016";"07:28:00";"17";"sem vítima";"281";"BR-393/RJ";"Pista Norte";"Colisão c/ obstáculos";1;0;0;0;0;0;0;0;0;0;1;0;0;0;0
"27/02/2016";"08:51:00";"19";"sem vítima";"114.286";"BR-393/RJ";"Pista Norte";"Tombamento";0;0;1;0;0;0;0;0;0;0;1;0;0;0;0
"27/02/2016";"01:00:00";"33";"com vítima";"174.384";"BR-393/RJ";"Pista Norte";"Tombamento";0;0;1;0;0;0;0;0;0;0;0;1;0;0;0
"29/02/2016";"01:14:00";"1";"com vítima";"151.939";"BR-393/RJ";"Pista Norte";"Saídas de pista";1;0;0;0;0;0;0;0;0;0;1;1;0;0;0
"01/03/2016";"02:13:00";"62";"sem vítima";"125";"BR-393/RJ";"Pista Norte";"Saídas de pista";1;0;0;0;0;0;0;0;0;0;1;0;0;0;0
"02/03/2016";"12:15:00";"2";"com vítima";"241.901";"BR-393/RJ";"Pista Norte";"Colisão com veículos (traseira)";1;0;1;0;0;0;0;0;0;0;1;1;0;0;0
"02/03/2016";"06:26:00";"3";"com vítima";"277";"BR-393/RJ";"Pista Sul";"Atropelamento - Pedestre";0;1;0;0;0;0;0;0;0;1;1;1;0;0;0