data;horario;n_da_ocorrencia;tipo_de_ocorrencia;km;trecho;sentido;tipo_de_acidente;automovel;bicicleta;caminhao;moto;onibus;outros;tracao_animal;transporte_de_cargas_especiais;trator_maquinas;utilitarios;ilesos;levemente_feridos;moderadamente_feridos;gravemente_feridos;mortos
"01/08/2016";"10:32:00";"31";"com vítima";"178";"BR-393/RJ";"Pista Norte";"Colisão com veículos (traseira)";1;0;1;0;0;0;0;0;0;0;1;2;0;0;0
"01/08/2016";"02:55:00";"55";"com vítima";"285";"BR-393/RJ";"Pista Norte";"Colisão lateral no sentido contrário";1;0;0;1;0;0;0;0;0;0;1;1;0;0;0
"02/08/2016";"04:59:00";"12";"sem vítima";"152.412";"BR-393/RJ";"Pista Norte";"Saídas de pista";1;0;0;0;0;0;0;0;0;0;1;0;0;0;0
"02/08/2016";"11:52:00";"37";"com vítima";"243.6";"BR-393/RJ";"Pista Sul";"Saídas de pista";1;0;0;0;0;0;0;0;0;0;0;2;0;0;0
"03/08/2016";"12:34:00";"48";"sem vítima";"234.618";"BR-393/RJ";"Pista Norte";"Colisão com veículos (traseira)";1;0;1;0;0;0;0;0;0;0;2;0;0;0;0
"03/08/2016";"06:10:00";"79";"sem vítima";"286";"BR-393/RJ";"Pista Norte";"Colisão com veículos (traseira)";2;0;0;0;0;0;0;0;0;0;3;0;0;0;0
"03/08/2016";"06:27:00";"81";"sem vítima";"281";"BR-393/RJ";"Pista Sul";"Colisão com veículos (traseira)";1;0;1;0;0;0;0;0;0;0;4;0;0;0;0
"04/08/2016";"08:10:00";"30";"com vítima";"106.6";"BR-393/RJ";"Pista Norte";"Colisão lateral no sentido contrário";1;0;0;1;0;0;0;0;0;0;1;1;0;0;0
"05/08/2016";"01:32:00";"59";"com vítima";"236";"BR-393/RJ";"Pista Sul";"Acidentes de outra natureza";0;0;0;1;0;0;0;0;0;0;0;1;0;0;0
"06/08/2016";"02:25:00";"12";"com vítima";"251.874";"BR-393/RJ";"Pista Sul";"Colisão com veículos (frontal)";1;0;0;1;0;0;0;0;0;0;1;0;0;0;1
"06/08/2016";"06:04:00";"21";"com vítima";"201.4";"BR-393/RJ";"Pista Norte";"Acidentes de outra natureza";0;0;0;1;0;0;0;0;0;0;0;2;0;0;0
"06/08/2016";"06:43:00";"54";"sem vítima";"179";"BR-393/RJ";"Pista Sul";"Colisão com veículos (traseira)";1;0;1;0;0;0;0;0;0;0;2;0;0;0;0
"06/08/2016";"06:54:00";"56";"com vítima";"271";"BR-393/RJ";"Pista Sul";"Atropelamento de animais";1;0;0;0;0;0;0;0;0;0;1;1;0;0;0
"07/08/2016";"02:24:00";"1";"sem vítima";"169.087";"BR-393/RJ";"Pista Norte";"Atropelamento de animais";1;0;0;0;0;0;0;0;0;0;1;0;0;0;0
"07/08/2016";"05:42:00";"15";"sem vítima";"284.3";"BR-393/RJ";"Pista Norte";"Colisão c/ obstáculos";1;0;0;0;0;0;0;0;0;0;1;0;0;0;0
"07/08/2016";"06:30:00";"16";"sem vítima";"262.018";"BR-393/RJ";"Pista Sul";"Colisão c/ obstáculos";1;0;0;0;0;0;0;0;0;0;1;0;0;0;0
"07/08/2016";"02:50:00";"32";"com vítima";"120.238";"BR-393/RJ";"Pista Norte";"Colisão Lateral Mesmo Sentido";0;0;1;1;0;0;0;0;0;0;1;2;0;0;0
"08/08/2016";"02:03:00";"65";"com vítima";"235.434";"BR-393/RJ";"Pista Norte";"Colisão lateral no sentido contrário";2;0;1;0;0;0;0;0;0;0;4;2;0;0;0
"10/08/2016";"09:35:00";"54";"sem vítima";"284.2";"BR-393/RJ";"Pista Norte";"Colisão lateral no mesmo sentido";1;0;1;0;0;0;0;0;0;0;3;0;0;0;0
"10/08/2016";"11:17:00";"61";"sem vítima";"281";"BR-393/RJ";"Pista Norte";"Colisão com veículos (traseira)";0;0;2;0;0;0;0;0;0;0;2;0;0;0;0
"10/08/2016";"08:41:00";"88";"com vítima";"152";"BR-393/RJ";"Pista Sul";"Tombamento";1;0;0;0;0;0;0;0;0;0;0;1;0;0;0
"11/08/2016";"03:19:00";"13";"sem vítima";"163.938";"BR-393/RJ";"Pista Sul";"Colisão c/ obstáculos";1;0;0;0;0;0;0;0;0;0;1;0;0;0;0
"12/08/2016";"06:16:00";"27";"com vítima";"138.4";"BR-393/RJ";"Pista Norte";"Colisão lateral no sentido contrário";1;0;1;0;0;0;0;0;0;0;2;1;1;1;0
"12/08/2016";"08:55:00";"39";"sem vítima";"284.54";"BR-393/RJ";"Sul";"Colisão com veículos (traseira)";0;0;2;0;0;0;0;0;0;0;2;0;0;0;0
"12/08/2016";"09:03:00";"40";"com vítima";"114.451";"BR-393/RJ";"Pista Norte";"Tombamento";0;0;1;0;0;0;0;0;0;0;0;1;0;0;0
"12/08/2016";"10:00:00";"106";"sem vítima";"282";"BR-393/RJ";"Pista Sul";"Engavetamento";3;0;0;0;0;0;0;0;0;0;3;0;0;0;0
"12/08/2016";"11:11:00";"109";"sem vítima";"3";"Alça Sul";"Pista Sul";"Atropelamento de animais";1;0;0;0;0;0;0;0;0;0;1;0;0;0;0
"13/08/2016";"10:26:00";"27";"sem vítima";"285";"BR-393/RJ";"Pista Norte";"Saídas de pista";1;0;0;0;0;0;0;0;0;0;1;0;0;0;0
"13/08/2016";"07:15:00";"58";"com vítima";"138";"BR-393/RJ";"Pista Sul";"Colisão com veículos (frontal)";2;0;0;0;0;0;0;0;0;0;2;2;1;0;0
"14/08/2016";"06:35:00";"39";"com vítima";"279.631";"BR-393/RJ";"Pista Norte";"Atropelamento de pedestre";1;1;0;0;0;0;0;0;0;0;1;1;1;1;0
"14/08/2016";"09:55:00";"55";"com vítima";"176.95";"BR-393/RJ";"Pista Norte";"Colisão com veículos (traseira)";1;0;0;1;0;0;0;0;0;0;1;1;0;0;0
"15/08/2016";"06:44:00";"20";"com vítima";"218.462";"BR-393/RJ";"Pista Norte";"Colisão c/ obstáculos";1;0;0;0;0;0;0;0;0;0;0;0;1;0;0
"16/08/2016";"01:57:00";"18";"sem vítima";"110.9";"BR-393/RJ";"Pista Norte";"Saídas de pista";1;0;0;0;0;0;0;0;0;0;2;0;0;0;0
"16/08/2016";"07:39:00";"39";"sem vítima";"285.558";"BR-393/RJ";"Pista Sul";"Colisão com veículos (traseira)";0;0;2;0;0;0;0;0;0;0;2;0;0;0;0
"16/08/2016";"08:24:00";"135";"com vítima";"283";"BR-393/RJ";"Pista Norte";"Colisão com veículos (frontal)";1;0;0;1;0;0;0;0;0;0;1;1;0;0;0
"17/08/2016";"06:55:00";"21";"com vítima";"281.5";"BR-393/RJ";"Pista Sul";"Colisão com veículos (traseira)";1;0;0;0;0;0;0;0;0;1;4;3;0;0;0
"17/08/2016";"11:26:00";"39";"sem vítima";"168";"BR-393/RJ";"Pista Norte";"Colisão com veículos (traseira)";2;0;0;0;0;0;0;0;0;0;2;0;0;0;0
"17/08/2016";"09:51:00";"76";"sem vítima";"236";"BR-393/RJ";"Pista Norte";"Saida de Pista";1;0;0;0;0;0;0;0;0;0;1;0;0;0;0
"18/08/2016";"05:46:00";"56";"sem vítima";"281";"BR-393/RJ";"Pista Norte";"Colisão lateral no mesmo sentido";1;0;1;0;0;0;0;0;0;0;2;0;0;0;0
"18/08/2016";"05:48:00";"57";"com vítima";"237";"BR-393/RJ";"Pista Sul";"Atropelamento de pedestre";0;1;0;1;0;0;0;0;0;0;0;2;0;0;0
"18/08/2016";"06:00:00";"61";"sem vítima";"285";"BR-393/RJ";"Pista Norte";"Colisão Traseira";2;0;0;0;0;0;0;0;0;0;2;0;0;0;0
"18/08/2016";"07:19:00";"66";"sem vítima";"286";"BR-393/RJ";"Pista Norte";"Engavetamento";3;0;0;0;0;0;0;0;0;0;3;0;0;0;0
"19/08/2016";"03:19:00";"6";"com vítima";"223.7";"BR-393/RJ";"Pista Sul";"Atropelamento de Animal";0;0;1;0;0;0;0;0;0;0;0;1;0;0;0
"19/08/2016";"01:00:00";"64";"com vítima";"281";"BR-393/RJ";"Pista Norte";"Atropelamento - Pedestre";0;0;1;0;0;0;0;0;0;0;1;1;0;0;0
"19/08/2016";"04:41:00";"85";"sem vítima";"282";"BR-393/RJ";"Pista Norte";"Colisão com veículos (traseira)";2;0;0;0;0;0;0;0;0;0;2;0;0;0;0
"19/08/2016";"06:08:00";"92";"com vítima";"105";"BR-393/RJ";"Pista Sul";"Colisão com veículos (traseira)";2;0;0;0;0;0;0;0;0;0;1;1;0;0;0
"20/08/2016";"01:08:00";"56";"com vítima";"281.432";"BR-393/RJ";"Pista Sul";"Colisão lateral no sentido contrário";1;0;0;1;0;0;0;0;0;0;1;1;0;0;0
"20/08/2016";"09:59:00";"98";"com vítima";"237";"BR-393/RJ";"Pista Sul";"Colisão lateral no sentido contrário";1;0;0;1;0;0;0;0;0;0;2;0;1;0;0
"20/08/2016";"10:30:00";"104";"sem vítima";"284.5";"BR-393/RJ";"Pista Norte";"Colisão com veículos (traseira)";2;0;0;0;0;0;0;0;0;0;2;0;0;0;0
"21/08/2016";"03:24:00";"4";"com vítima";"239.4";"BR-393/RJ";"Pista Norte";"Colisão c/ obstáculos";1;0;0;0;0;0;0;0;0;0;0;2;0;0;0
"21/08/2016";"07:56:00";"20";"sem vítima";"244";"BR-393/RJ";"Pista Sul";"Saídas de pista";1;0;0;0;0;0;0;0;0;0;1;0;0;0;0
"21/08/2016";"08:59:00";"59";"com vítima";"229.848";"BR-393/RJ";"Pista Sul";"Capotamento";1;0;0;0;0;0;0;0;0;0;0;6;0;0;0
"21/08/2016";"10:54:00";"62";"sem vítima";"240";"BR-393/RJ";"Pista Sul";"Saídas de pista";1;0;0;0;0;0;0;0;0;0;1;0;0;0;0
"23/08/2016";"06:48:00";"15";"com vítima";"175.59";"BR-393/RJ";"Pista Norte";"Colisão com veículos (traseira)";1;0;0;0;0;0;0;0;0;1;9;2;0;0;0
"23/08/2016";"02:47:00";"66";"com vítima";"243.585";"BR-393/RJ";"Pista Sul";"Colisão c/ obstáculos";0;0;0;0;0;0;0;0;0;1;0;1;0;0;0
"23/08/2016";"03:02:00";"67";"com vítima";"235.099";"BR-393/RJ";"Pista Sul";"Colisão com veículos (traseira)";1;0;1;0;0;0;0;0;0;0;1;2;0;0;0
"23/08/2016";"07:53:00";"86";"sem vítima";"265";"BR-393/RJ";"Pista Sul";"Acidentes de outra natureza";1;0;0;0;0;0;0;0;0;0;1;0;0;0;0
"24/08/2016";"01:55:00";"79";"sem vítima";"285.288";"BR-393/RJ";"Pista Norte";"Colisão lateral no sentido contrário";2;0;0;0;0;0;0;0;0;0;3;0;0;0;0
"24/08/2016";"06:37:00";"107";"com vítima";"176";"BR-393/RJ";"Pista Norte";"Colisão c/ obstáculos";1;0;0;0;0;0;0;0;0;0;0;1;0;0;0
"25/08/2016";"04:09:00";"5";"com vítima";"171";"BR-393/RJ";"Pista Norte";"Colisão c/ obstáculos";1;0;0;0;0;0;0;0;0;0;0;1;0;0;0
"25/08/2016";"05:44:00";"14";"sem vítima";"161.697";"BR-393/RJ";"Pista Norte";"Tombamento";0;0;1;0;0;0;0;0;0;0;1;0;0;0;0
"25/08/2016";"03:53:00";"45";"sem vítima";"283";"BR-393/RJ";"Pista Norte";"Engavetamento";2;0;1;0;0;0;0;0;0;0;7;0;0;0;0
"26/08/2016";"06:25:00";"69";"com vítima";"256.271";"BR-393/RJ";"Pista Sul";"Atropelamento de pedestre";0;0;0;0;1;0;0;0;0;0;2;0;1;0;0
"27/08/2016";"11:10:00";"67";"sem vítima";"130";"BR-393/RJ";"Pista Norte";"Saídas de pista";1;0;0;0;0;0;0;0;0;0;2;0;0;0;0
"28/08/2016";"05:16:00";"18";"com vítima";"2.9";"Alça Sul";"Pista Norte";"Colisão c/ obstáculos";1;0;0;0;0;0;0;0;0;0;0;0;1;0;0
"28/08/2016";"07:22:00";"62";"com vítima";"239";"BR-393/RJ";"Pista Norte";"Colisão lateral no sentido contrário";2;0;0;0;0;0;0;0;0;0;5;1;0;0;0
"28/08/2016";"08:22:00";"66";"com vítima";"167.9";"BR-393/RJ";"Pista Sul";"Colisão lateral no sentido contrário";0;0;0;1;1;0;0;0;0;0;17;1;0;0;0
"29/08/2016";"06:38:00";"81";"com vítima";"195.246";"BR-393/RJ";"Pista Norte";"Atropelamento de animais";1;0;0;0;0;0;0;0;0;0;0;2;0;0;0
"30/08/2016";"06:14:00";"17";"sem vítima";"106.2";"BR-393/RJ";"Pista Norte";"Colisão com veículos (traseira)";0;0;2;0;0;0;0;0;0;0;3;0;0;0;0
"31/08/2016";"01:04:00";"40";"com vítima";"182";"BR-393/RJ";"Pista Sul";"Colisão c/ obstáculos";1;0;0;0;0;0;0;0;0;0;1;1;0;0;0
"31/08/2016";"02:46:00";"42";"com vítima";"246.157";"BR-393/RJ";"Pista Norte";"Capotamento";0;0;0;0;0;0;0;0;0;1;0;2;0;0;0
"01/09/2016";"04:26:00";"75";"com vítima";"181.534";"BR-393/RJ";"Pista Norte";"Capotamento";1;0;0;0;0;0;0;0;0;0;0;1;0;0;0
"03/09/2016";"08:24:00";"29";"com vítima";"173.5";"BR-393/RJ";"Pista Norte";"Capotamento";1;0;0;0;0;0;0;0;0;0;0;1;0;0;0
"03/09/2016";"06:32:00";"54";"com vítima";"279.668";"BR-393/RJ";"Pista Sul";"Colisão lateral no mesmo sentido";2;0;0;0;0;0;0;0;0;0;1;2;0;0;0
"03/09/2016";"08:50:00";"59";"com vítima";"274.9";"BR-393/RJ";"Pista Sul";"Tombamento";0;0;1;0;0;0;0;0;0;0;0;2;0;0;0
"04/09/2016";"03:18:00";"7";"sem vítima";"102.534";"BR-393/RJ";"Pista Sul";"Colisão lateral no mesmo sentido";2;0;0;0;0;0;0;0;0;0;3;0;0;0;0
"04/09/2016";"05:19:00";"19";"com vítima";"283.815";"BR-393/RJ";"Pista Sul";"Colisão com veículos (frontal)";2;0;1;0;0;0;0;0;0;0;1;0;1;2;1
"04/09/2016";"05:38:00";"59";"com vítima";"141.5";"BR-393/RJ";"Pista Norte";"Colisão lateral no mesmo sentido";1;0;0;1;0;0;0;0;0;0;1;2;0;0;0
"04/09/2016";"08:15:00";"71";"sem vítima";"280.5";"BR-393/RJ";"Pista Sul";"Colisão com veículos (frontal)";1;0;1;0;0;0;0;0;0;0;2;0;0;0;0
"05/09/2016";"07:23:00";"95";"sem vítima";"182";"BR-393/RJ";"Pista Norte";"Colisão com veículos (traseira)";3;0;1;0;0;0;0;0;0;0;4;0;0;0;0
"05/09/2016";"08:30:00";"99";"com vítima";"181";"BR-393/RJ";"Pista Sul";"Acidentes de outra natureza";0;0;0;1;0;0;0;0;0;0;0;1;0;0;0
"05/09/2016";"10:16:00";"105";"com vítima";"273.818";"BR-393/RJ";"Pista Norte";"Colisão lateral no mesmo sentido";0;0;0;1;1;0;0;0;0;0;1;0;1;0;0
"06/09/2016";"07:15:00";"28";"sem vítima";"285";"BR-393/RJ";"Pista Norte";"Colisão lateral no mesmo sentido";1;0;1;0;0;0;0;0;0;0;2;0;0;0;0
"07/09/2016";"09:40:00";"25";"com vítima";"271.9";"BR-393/RJ";"Pista Sul";"Saídas de pista";1;0;0;0;0;0;0;0;0;0;0;2;0;0;0
"10/09/2016";"04:07:00";"24";"sem vítima";"254";"BR-393/RJ";"Pista Sul";"Saídas de pista";1;0;0;0;0;0;0;0;0;0;1;0;0;0;0
"10/09/2016";"11:07:00";"73";"com vítima";"280.681";"BR-393/RJ";"Pista Sul";"Colisão lateral no sentido contrário";1;0;0;0;0;0;1;0;0;0;1;1;0;0;0
"10/09/2016";"11:25:00";"74";"sem vítima";"165.459";"BR-393/RJ";"Pista Norte";"Atropelamento de animais";0;0;0;0;1;0;0;0;0;0;45;0;0;0;0
"11/09/2016";"12:25:00";"3";"com vítima";"176.749";"BR-393/RJ";"Pista Norte";"Acidentes de outra natureza";0;0;0;1;0;0;0;0;0;0;0;2;0;0;0
"11/09/2016";"04:46:00";"5";"com vítima";"237.1";"BR-393/RJ";"Pista Sul";"Colisão com veículos (frontal)";1;0;1;0;0;0;0;0;0;0;0;1;0;0;1
"11/09/2016";"09:49:00";"57";"sem vítima";"258";"BR-393/RJ";"Pista Sul";"Atropelamento de animais";1;0;0;0;0;0;0;0;0;0;3;0;0;0;0
"12/09/2016";"04:25:00";"67";"com vítima";"229.746";"BR-393/RJ";"Pista Sul";"Colisão Lateral Mesmo Sentido";1;0;1;0;0;0;0;0;0;0;1;1;0;0;0
"12/09/2016";"10:04:00";"89";"com vítima";"284";"BR-393/RJ";"Pista Sul";"Engavetamento";1;0;3;0;0;0;0;0;0;0;3;0;1;0;0
"13/09/2016";"04:22:00";"62";"sem vítima";"238.788";"BR-393/RJ";"Pista Sul";"Colisão lateral no sentido contrário";2;0;0;0;0;0;0;0;0;0;3;0;0;0;0
"13/09/2016";"11:01:00";"87";"com vítima";"277.4";"BR-393/RJ";"Pista Norte";"Capotamento";0;0;0;0;0;0;0;0;0;1;0;1;0;0;0
"14/09/2016";"04:37:00";"14";"sem vítima";"227.8";"BR-393/RJ";"Pista Sul";"Saídas de pista";1;0;0;0;0;0;0;0;0;0;1;0;0;0;0
"14/09/2016";"07:13:00";"15";"sem vítima";"285.6";"BR-393/RJ";"Pista Sul";"Colisão lateral no mesmo sentido";1;0;1;0;0;0;0;0;0;0;2;0;0;0;0
"14/09/2016";"01:54:00";"36";"com vítima";"104";"BR-393/RJ";"Pista Sul";"Atropelamento de pedestre";0;0;0;1;0;0;0;0;0;0;1;1;0;0;0
"14/09/2016";"10:53:00";"69";"sem vítima";"217";"BR-393/RJ";"Pista Norte";"Colisão lateral no mesmo sentido";0;0;0;0;1;0;0;0;0;0;1;0;0;0;0
"15/09/2016";"04:30:00";"54";"com vítima";"238.683";"BR-393/RJ";"Pista Norte";"Colisão lateral no sentido contrário";2;0;0;0;0;0;0;0;0;0;1;0;2;0;0
"16/09/2016";"08:45:00";"28";"sem vítima";"285.483";"BR-393/RJ";"Pista Sul";"Colisão lateral no mesmo sentido";1;0;1;0;0;0;0;0;0;0;2;0;0;0;0
"16/09/2016";"11:39:00";"49";"com vítima";"103";"BR-393/RJ";"Pista Norte";"Colisão lateral no sentido contrário";0;0;0;2;0;0;0;0;0;0;0;1;1;0;0
"16/09/2016";"08:16:00";"77";"com vítima";"152";"BR-393/RJ";"Pista Norte";"Colisão c/ obstáculos";1;0;0;0;0;0;0;0;0;0;0;3;0;0;0
"17/09/2016";"05:46:00";"15";"com vítima";"123.5";"BR-393/RJ";"Pista Norte";"Acidentes de outra natureza";0;0;1;0;0;0;0;0;0;0;0;1;0;0;0
"17/09/2016";"07:17:00";"24";"com vítima";"198.72";"BR-393/RJ";"Pista Sul";"Colisão lateral no sentido contrário";0;0;2;0;0;0;0;0;0;1;0;4;0;0;0
"17/09/2016";"09:52:00";"70";"com vítima";"141";"BR-393/RJ";"Pista Sul";"Colisão com veículos (traseira)";1;0;0;1;0;0;0;0;0;0;2;1;0;0;0
"18/09/2016";"06:03:00";"36";"com vítima";"274";"BR-393/RJ";"Pista Norte";"Atropelamento de pedestre";1;1;0;0;0;0;0;0;0;0;1;0;1;0;0
"18/09/2016";"10:04:00";"51";"sem vítima";"278";"BR-393/RJ";"Pista Sul";"Saídas de pista";1;0;0;0;0;0;0;0;0;0;1;0;0;0;0
"19/09/2016";"07:15:00";"15";"com vítima";"179.9";"BR-393/RJ";"Pista Norte";"Engavetamento";3;0;1;0;0;0;0;0;0;0;1;5;0;0;0
"19/09/2016";"08:27:00";"17";"com vítima";"133.8";"BR-393/RJ";"Pista Norte";"Colisão com veículos (traseira)";0;0;2;0;0;0;0;0;0;0;1;1;0;0;0
"19/09/2016";"04:45:00";"55";"com vítima";"250.5";"BR-393/RJ";"Pista Norte";"Atropelamento de animais";0;0;0;1;0;0;0;0;0;0;0;2;0;0;0
"19/09/2016";"09:21:00";"61";"com vítima";"283.752";"BR-393/RJ";"Pista Norte";"Colisão com veículos (frontal)";1;0;0;1;0;0;0;0;0;0;1;1;0;0;0
"19/09/2016";"10:01:00";"64";"sem vítima";"283.834";"BR-393/RJ";"Pista Sul";"Colisão com veículos (traseira)";2;0;0;0;0;0;0;0;0;0;3;0;0;0;0
"21/09/2016";"08:38:00";"23";"sem vítima";"131";"BR-393/RJ";"Pista Norte";"Colisão lateral no sentido contrário";2;0;0;0;0;0;0;0;0;0;5;0;0;0;0
"21/09/2016";"09:06:00";"26";"com vítima";"232";"BR-393/RJ";"Pista Norte";"Colisão com veículos (traseira)";1;0;0;1;0;0;0;0;0;0;1;2;0;0;0
"21/09/2016";"09:27:00";"29";"com vítima";"285";"BR-393/RJ";"Pista Norte";"Colisão com veículos (traseira)";1;0;0;1;0;0;0;0;0;0;1;1;0;0;0
"22/09/2016";"09:22:00";"29";"sem vítima";"253";"BR-393/RJ";"Pista Norte";"Colisão com veículos (traseira)";2;0;0;0;0;0;0;0;0;0;2;0;0;0;0
"22/09/2016";"10:08:00";"33";"sem vítima";"168";"BR-393/RJ";"Pista Sul";"Colisão com veículos (traseira)";0;0;1;0;0;0;0;0;0;1;2;0;0;0;0
"22/09/2016";"05:36:00";"56";"com vítima";"171.7";"BR-393/RJ";"Pista Norte";"Colisão lateral no sentido contrário";0;0;2;0;0;0;0;0;0;0;1;1;0;0;0
"23/09/2016";"03:56:00";"53";"sem vítima";"281";"BR-393/RJ";"Pista Norte";"Engavetamento";3;0;0;0;0;0;0;0;0;0;3;0;0;0;0
"23/09/2016";"06:42:00";"66";"sem vítima";"280.116";"BR-393/RJ";"Pista Sul";"Colisão lateral no sentido contrário";2;0;0;0;0;0;0;0;0;0;2;0;0;0;0
"23/09/2016";"10:38:00";"78";"com vítima";"184.078";"BR-393/RJ";"Pista Sul";"Saídas de pista";1;0;0;0;0;0;0;0;0;0;0;1;0;0;0
"24/09/2016";"02:33:00";"39";"com vítima";"285.9";"BR-393/RJ";"Pista Norte";"Atropelamento de pedestre";0;0;1;0;0;0;0;0;0;0;2;0;0;0;1
"24/09/2016";"03:15:00";"41";"com vítima";"265";"BR-393/RJ";"Pista Norte";"Colisão com veículos (traseira)";0;0;1;1;0;0;0;0;0;0;0;3;0;0;0
"24/09/2016";"05:13:00";"44";"sem vítima";"111";"BR-393/RJ";"Pista Sul";"Colisão com veículos (traseira)";1;0;1;0;0;0;0;0;0;0;2;0;0;0;0
"24/09/2016";"07:18:00";"56";"sem vítima";"279";"BR-393/RJ";"Pista Norte";"Colisão lateral no sentido contrário";2;0;0;0;0;0;0;0;0;0;2;0;0;0;0
"25/09/2016";"02:08:00";"44";"com vítima";"263";"BR-393/RJ";"Pista Sul";"Acidentes de outra natureza";0;0;0;1;0;0;0;0;0;0;1;1;0;0;0
"25/09/2016";"05:52:00";"51";"com vítima";"242.461";"BR-393/RJ";"Pista Norte";"Colisão lateral no sentido contrário";1;0;1;0;0;0;0;0;0;0;1;0;0;2;3
"25/09/2016";"07:26:00";"58";"com vítima";"201.434";"BR-393/RJ";"Pista Norte";"Capotamento";0;0;0;0;0;0;0;0;0;1;0;1;1;0;0
"25/09/2016";"07:28:00";"59";"com vítima";"139.5";"BR-393/RJ";"Pista Sul";"Colisão com veículos (frontal)";1;0;1;0;0;0;0;0;0;0;1;0;0;1;0
"26/09/2016";"05:50:00";"59";"sem vítima";"285";"BR-393/RJ";"Pista Sul";"Colisão lateral no sentido contrário";1;0;1;0;0;0;0;0;0;0;2;0;0;0;0
"26/09/2016";"06:56:00";"62";"com vítima";"283";"BR-393/RJ";"Pista Norte";"Atropelamento de pedestre";1;1;0;0;0;0;0;0;0;0;1;1;0;0;0
"27/09/2016";"06:49:00";"55";"com vítima";"250.4";"BR-393/RJ";"Pista Norte";"Colisão lateral no mesmo sentido";1;0;0;1;0;0;0;0;0;0;1;1;0;0;0
"28/09/2016";"04:30:00";"12";"sem vítima";"203.268";"BR-393/RJ";"Pista Sul";"Colisão c/ obstáculos";1;0;0;0;0;0;0;0;0;0;1;0;0;0;0
"28/09/2016";"04:46:00";"78";"sem vítima";"215.775";"BR-393/RJ";"Pista Sul";"Colisão com veículos (traseira)";1;0;0;0;0;1;0;0;0;1;16;0;0;0;0
"29/09/2016";"08:21:00";"33";"sem vítima";"285";"BR-393/RJ";"Pista Sul";"Colisão lateral no mesmo sentido";1;0;1;0;0;0;0;0;0;0;2;0;0;0;0
"29/09/2016";"06:11:00";"76";"sem vítima";"169.69";"BR-393/RJ";"Pista Sul";"Saídas de pista";1;0;0;0;0;0;0;0;0;0;1;0;0;0;0
"29/09/2016";"06:35:00";"77";"com vítima";"285.9";"BR-393/RJ";"Pista Sul";"Colisão com veículos (traseira)";1;0;0;1;0;0;0;0;0;0;1;1;0;0;0
"29/09/2016";"07:39:00";"82";"sem vítima";"265.6";"BR-393/RJ";"Pista Sul";"Colisão lateral no mesmo sentido";1;0;1;0;0;0;0;0;0;0;2;0;0;0;0
"30/09/2016";"02:29:00";"52";"sem vítima";"258.6";"BR-393/RJ";"Pista Sul";"Colisão lateral no mesmo sentido";2;0;0;0;0;0;0;0;0;0;4;0;0;0;0
"01/10/2016";"06:36:00";"15";"com vítima";"195";"BR-393/RJ";"Sul";"Colisão Traseira";1;0;1;0;0;0;0;0;0;0;2;2;0;0;0
"01/10/2016";"08:52:00";"20";"com vítima";"266";"BR-393/RJ";"Norte";"Queda de Moto";0;0;0;1;0;0;0;0;0;0;0;1;0;0;0
"01/10/2016";"05:48:00";"47";"com vítima";"142.1";"BR-393/RJ";"Norte";"Colisão Transversal";1;0;0;1;0;0;0;0;0;0;1;2;0;0;0
"01/10/2016";"07:44:00";"53";"com vítima";"237";"BR-393/RJ";"Norte";"Colisão Transversal";2;0;0;0;0;0;0;0;0;0;1;0;1;0;0
"02/10/2016";"05:45:00";"46";"com vítima";"119";"BR-393/RJ";"Norte";"Capotamento";1;0;0;0;0;0;0;0;0;0;0;1;0;0;0
"03/10/2016";"05:16:00";"55";"sem vítima";"255.681";"BR-393/RJ";"Sul";"Colisão Traseira";0;0;2;0;0;0;0;0;0;0;2;0;0;0;0
"03/10/2016";"07:09:00";"64";"com vítima";"170";"BR-393/RJ";"Norte";"Choque - Elemento de Drenagem";1;0;0;0;0;0;0;0;0;0;2;1;0;0;0
"04/10/2016";"08:45:00";"19";"sem vítima";"155.46";"BR-393/RJ";"Norte";"Saida de Pista";1;0;0;0;0;0;0;0;0;0;2;0;0;0;0
"04/10/2016";"11:51:00";"31";"sem vítima";"278";"BR-393/RJ";"Sul";"Colisão Transversal";1;0;1;0;0;0;0;0;0;0;4;0;0;0;0