data;horario;n_da_ocorrencia;tipo_de_ocorrencia;km;trecho;sentido;tipo_de_acidente;automovel;bicicleta;caminhao;moto;onibus;outros;tracao_animal;transporte_de_cargas_especiais;trator_maquinas;utilitarios;ilesos;levemente_feridos;moderadamente_feridos;gravemente_feridos;mortos
"04/10/2016";"07:18:00";"53";"sem vítima";"178";"BR-393/RJ";"Norte";"Colisão Traseira";2;0;0;0;0;0;0;0;0;0;4;0;0;0;0
"04/10/2016";"07:48:00";"56";"sem vítima";"284";"BR-393/RJ";"Norte";"Colisão Traseira";2;0;0;0;0;0;0;0;0;0;2;0;0;0;0
"05/10/2016";"06:32:00";"21";"com vítima";"285.5";"BR-393/RJ";"Norte";"Colisão Lateral Mesmo Sentido";1;0;0;1;0;0;0;0;0;0;1;1;0;0;0
"06/10/2016";"07:43:00";"19";"com vítima";"285.9";"BR-393/RJ";"Norte";"Colisão Transversal";1;0;0;0;1;0;0;0;0;0;3;1;0;0;0
"06/10/2016";"09:09:00";"23";"sem vítima";"253.7";"BR-393/RJ";"Norte";"Colisão Traseira";2;0;0;0;0;0;0;0;0;0;2;0;0;0;0
"06/10/2016";"04:11:00";"47";"com vítima";"167";"BR-393/RJ";"Norte";"Colisão Traseira";1;0;1;0;0;0;0;0;0;0;1;1;0;0;0
"06/10/2016";"07:07:00";"52";"sem vítima";"265";"BR-393/RJ";"Sul";"Colisão Traseira";0;0;2;0;0;0;0;0;0;0;2;0;0;0;0
"06/10/2016";"08:25:00";"57";"sem vítima";"106";"BR-393/RJ";"Norte";"Abalroamento Mesmo Sentido ";1;0;1;0;0;0;0;0;0;0;2;0;0;0;0
"07/10/2016";"12:31:00";"52";"sem vítima";"252";"BR-393/RJ";"Norte";"Colisão Transversal";2;0;1;0;0;0;0;0;0;0;3;0;0;0;0
"07/10/2016";"03:52:00";"63";"com vítima";"251";"BR-393/RJ";"Sul";"Atropelamento - Ciclista";1;1;0;0;0;0;0;0;0;0;1;0;1;0;0
"07/10/2016";"10:29:00";"90";"sem vítima";"281.4";"BR-393/RJ";"Norte";"Colisão Traseira";2;0;0;0;0;0;0;0;0;0;8;0;0;0;0
"08/10/2016";"06:58:00";"18";"com vítima";"201.65";"BR-393/RJ";"Sul";"Capotamento";1;0;0;0;0;0;0;0;0;0;0;0;1;0;0
"08/10/2016";"06:26:00";"70";"com vítima";"284.2";"BR-393/RJ";"Sul";"Atropelamento - Pedestre";1;0;0;0;0;0;0;0;0;0;3;0;2;0;0
"08/10/2016";"06:49:00";"72";"com vítima";"114";"BR-393/RJ";"Norte";"Atropelamento de Animal";1;0;0;0;0;0;0;0;0;0;0;1;0;0;0
"08/10/2016";"09:22:00";"82";"com vítima";"246.8";"BR-393/RJ";"Sul";"Atropelamento - Ciclista";0;1;1;0;0;0;0;0;0;0;1;0;0;0;1
"08/10/2016";"09:30:00";"83";"sem vítima";"283";"BR-393/RJ";"Sul";"Colisão Transversal";2;0;0;0;0;0;0;0;0;0;4;0;0;0;0
"08/10/2016";"11:05:00";"90";"com vítima";"243";"BR-393/RJ";"Norte";"Colisão Frontal";2;0;0;0;0;0;0;0;0;0;2;0;1;0;0
"09/10/2016";"03:19:00";"3";"sem vítima";"218";"BR-393/RJ";"Norte";"Colisão Traseira";0;0;1;0;0;0;0;0;0;1;5;0;0;0;0
"09/10/2016";"03:34:00";"4";"sem vítima";"175.7";"BR-393/RJ";"Sul";"Saida de Pista";1;0;0;0;0;0;0;0;0;0;1;0;0;0;0
"09/10/2016";"09:30:00";"58";"com vítima";"143";"BR-393/RJ";"Norte";"Colisão Transversal";2;0;0;0;0;0;0;0;0;0;2;2;1;0;0
"10/10/2016";"03:06:00";"3";"sem vítima";"284";"BR-393/RJ";"Norte";"Colisão Transversal";2;0;0;0;0;0;0;0;0;0;2;0;0;0;0
"10/10/2016";"05:57:00";"68";"com vítima";"178";"BR-393/RJ";"Norte";"Colisão Frontal";1;0;1;0;0;0;0;0;0;0;1;0;0;1;0
"11/10/2016";"11:04:00";"47";"sem vítima";"283.447";"BR-393/RJ";"Norte";"Abalroamento Mesmo Sentido ";2;0;0;0;0;0;0;0;0;0;4;0;0;0;0
"11/10/2016";"10:02:00";"85";"sem vítima";"284";"BR-393/RJ";"Norte";"Colisão Traseira";2;0;0;0;0;0;0;0;0;0;2;0;0;0;0
"12/10/2016";"10:19:00";"26";"sem vítima";"164.7";"BR-393/RJ";"Norte";"Tombamento";0;0;1;0;0;0;0;0;0;0;2;0;0;0;0
"14/10/2016";"07:13:00";"20";"com vítima";"151.9";"BR-393/RJ";"Norte";"Choque - Talude";1;0;0;0;0;0;0;0;0;0;0;1;0;0;0
"15/10/2016";"02:31:00";"3";"sem vítima";"246";"BR-393/RJ";"Norte";"Colisão Traseira";2;0;0;0;0;0;0;0;0;0;2;0;0;0;0
"15/10/2016";"04:24:00";"5";"com vítima";"237";"BR-393/RJ";"Norte";"Colisão Frontal";1;0;0;1;0;0;0;0;0;0;1;1;0;0;0
"16/10/2016";"02:33:00";"2";"sem vítima";"177";"BR-393/RJ";"Norte";"Saida de Pista";1;0;0;0;0;0;0;0;0;0;3;0;0;0;0
"16/10/2016";"02:58:00";"31";"com vítima";"242";"BR-393/RJ";"Sul";"Colisão Transversal";1;0;0;1;0;0;0;0;0;0;1;0;0;1;0
"16/10/2016";"10:30:00";"56";"sem vítima";"270";"BR-393/RJ";"Sul";"Abalroamento Mesmo Sentido ";2;0;0;0;0;0;0;0;0;0;2;0;0;0;0
"17/10/2016";"11:47:00";"55";"com vítima";"168.178";"BR-393/RJ";"Norte";"Colisão Transversal";1;0;0;1;0;0;0;0;0;0;1;3;0;0;0
"18/10/2016";"07:52:00";"20";"sem vítima";"215.613";"BR-393/RJ";"Sul";"Abalroamento Mesmo Sentido ";0;0;2;0;0;0;0;0;0;0;2;0;0;0;0
"19/10/2016";"06:40:00";"17";"com vítima";"178.038";"BR-393/RJ";"Norte";"Colisão Lateral Sentido Oposto";1;0;0;1;0;0;0;0;0;0;0;2;0;0;0
"19/10/2016";"04:02:00";"60";"com vítima";"105.505";"BR-393/RJ";"Norte";"Colisão Transversal";1;0;0;1;0;0;0;0;0;0;4;0;1;0;0
"20/10/2016";"08:52:00";"18";"com vítima";"164.9";"BR-393/RJ";"Sul";"Engavetamento";3;0;2;0;0;0;0;0;0;0;4;2;0;0;0
"21/10/2016";"01:00:00";"2";"com vítima";"280";"BR-393/RJ";"Norte";"Atropelamento de Animal";1;0;0;0;0;0;0;0;0;0;0;1;0;0;0
"21/10/2016";"05:21:00";"19";"sem vítima";"217.443";"BR-393/RJ";"Sul";"Choque - Defensa, barreira ou "submarino"";1;0;0;0;0;0;0;0;0;0;1;0;0;0;0
"21/10/2016";"06:54:00";"85";"com vítima";"218";"BR-393/RJ";"Sul";"Atropelamento - Pedestre Usuário";0;0;0;2;0;0;0;0;0;0;1;1;0;0;0
"21/10/2016";"09:06:00";"94";"sem vítima";"220";"BR-393/RJ";"Norte";"Saida de Pista";1;0;0;0;0;0;0;0;0;0;1;0;0;0;0
"22/10/2016";"12:23:00";"1";"sem vítima";"268";"BR-393/RJ";"Sul";"Colisão Traseira";2;0;0;0;0;0;0;0;0;0;5;0;0;0;0
"22/10/2016";"01:13:00";"46";"sem vítima";"175.423";"BR-393/RJ";"Sul";"Queda de Moto";1;0;0;1;0;0;0;0;0;0;2;0;0;0;0
"22/10/2016";"09:27:00";"68";"sem vítima";"178";"BR-393/RJ";"Norte";"Colisão Traseira";2;0;0;0;0;0;0;0;0;0;4;0;0;0;0
"23/10/2016";"08:19:00";"28";"com vítima";"257.863";"BR-393/RJ";"Norte";"Colisão Frontal";1;0;2;0;0;0;0;0;0;0;2;0;0;1;0
"23/10/2016";"10:52:00";"31";"com vítima";"238.643";"BR-393/RJ";"Norte";"Colisão Transversal";1;0;0;1;0;0;0;0;0;0;5;1;0;0;0
"23/10/2016";"11:55:00";"34";"sem vítima";"106.2";"BR-393/RJ";"Norte";"Colisão Transversal";1;0;0;1;0;0;0;0;0;0;4;0;0;0;0
"23/10/2016";"12:53:00";"36";"sem vítima";"282";"BR-393/RJ";"Norte";"Abalroamento Mesmo Sentido ";1;0;0;1;0;0;0;0;0;0;2;0;0;0;0
"24/10/2016";"11:17:00";"43";"com vítima";"246";"BR-393/RJ";"Sul";"Colisão Traseira";2;0;0;0;0;0;0;0;0;0;3;1;0;0;0
"25/10/2016";"01:38:00";"7";"com vítima";"259.3";"BR-393/RJ";"Sul";"Colisão Lateral Sentido Oposto";0;0;1;0;2;0;0;0;0;0;9;0;1;1;0
"26/10/2016";"09:56:00";"37";"com vítima";"124.612";"BR-393/RJ";"Norte";"Choque - Defensa, barreira ou "submarino"";1;0;0;0;0;0;0;0;0;0;0;1;0;0;0
"26/10/2016";"03:54:00";"62";"com vítima";"258.7";"BR-393/RJ";"Sul";"Abalroamento Mesmo Sentido ";1;0;2;0;0;0;0;0;0;0;2;1;0;0;0
"26/10/2016";"09:44:00";"78";"com vítima";"251";"BR-393/RJ";"Sul";"Atropelamento - Ciclista";1;1;0;0;0;0;0;0;0;0;1;1;0;0;0
"27/10/2016";"11:07:00";"55";"com vítima";"169.51";"BR-393/RJ";"Norte";"Queda de Moto";0;0;0;1;0;0;0;0;0;0;0;1;0;0;0
"27/10/2016";"05:26:00";"81";"com vítima";"249.322";"BR-393/RJ";"Norte";"Choque - Veiculo parado no acostamento";2;0;0;0;0;0;0;0;0;0;0;0;0;1;1
"28/10/2016";"12:18:00";"1";"sem vítima";"182";"BR-393/RJ";"Norte";"Choque - Outros";1;0;0;0;0;0;0;0;0;0;1;0;0;0;0
"28/10/2016";"01:47:00";"40";"com vítima";"236.2";"BR-393/RJ";"Sul";"Queda de Moto";0;0;0;1;0;0;0;0;0;0;0;2;0;0;0
"28/10/2016";"11:20:00";"64";"com vítima";"181.179";"BR-393/RJ";"Sul";"Queda de Moto";0;0;0;1;0;0;0;0;0;0;0;1;0;0;0
"29/10/2016";"06:20:00";"43";"com vítima";"216.181";"BR-393/RJ";"Norte";"Atropelamento - Ciclista";1;1;0;0;0;0;0;0;0;0;1;0;1;0;0
"31/10/2016";"12:16:00";"1";"com vítima";"260";"BR-393/RJ";"Sul";"Colisão Traseira";1;0;0;1;0;0;0;0;0;0;1;0;1;0;0
"31/10/2016";"01:08:00";"2";"sem vítima";"234.18";"BR-393/RJ";"Sul";"Queda de Moto";0;0;0;1;0;0;0;0;0;0;1;0;0;0;0
"31/10/2016";"06:11:00";"5";"com vítima";"195";"BR-393/RJ";"Sul";"Atropelamento - PedestreFuncionário";0;0;0;1;0;0;0;0;0;0;1;1;0;0;0
"31/10/2016";"10:44:00";"23";"sem vítima";"195.025";"BR-393/RJ";"Norte";"Choque - Suporte de Sinalização";1;0;0;0;0;0;0;0;0;0;1;0;0;0;0
"31/10/2016";"05:47:00";"50";"com vítima";"167.515";"BR-393/RJ";"Norte";"Colisão Transversal";0;0;1;1;0;0;0;0;0;0;1;1;0;0;0
"31/10/2016";"07:42:00";"56";"com vítima";"281";"BR-393/RJ";"Sul";"Colisão Lateral Mesmo Sentido";0;0;1;1;0;0;0;0;0;0;1;1;0;0;0
"01/11/2016";"12:29:00";"1";"com vítima";"282";"BR-393/RJ";"Pista Norte";"Colisão c/ obstáculos";1;0;0;0;0;0;0;0;0;0;0;1;0;0;0
"02/11/2016";"07:29:00";"64";"com vítima";"280.203";"BR-393/RJ";"Pista Norte";"Colisão lateral no sentido contrário";1;0;0;1;0;0;0;0;0;0;1;1;1;0;0
"03/11/2016";"01:58:00";"51";"sem vítima";"239.434";"BR-393/RJ";"Pista Sul";"Colisão lateral no sentido contrário";1;0;1;0;0;0;0;0;0;0;3;0;0;0;0
"03/11/2016";"02:08:00";"52";"com vítima";"243.507";"BR-393/RJ";"Pista Norte";"Colisão lateral no sentido contrário";1;0;1;0;0;0;0;0;0;0;0;2;0;0;0
"03/11/2016";"06:53:00";"60";"sem vítima";"285.5";"BR-393/RJ";"Pista Norte";"Colisão com veículos (traseira)";1;0;0;0;1;0;0;0;0;0;2;0;0;0;0
"04/11/2016";"07:46:00";"27";"sem vítima";"120.204";"BR-393/RJ";"Pista Norte";"Colisão c/ obstáculos";1;0;0;0;0;0;0;0;0;0;2;0;0;0;0
"04/11/2016";"09:35:00";"36";"sem vítima";"254.59";"BR-393/RJ";"Pista Norte";"Acidentes de outra natureza";0;0;1;0;0;0;0;0;0;0;1;0;0;0;0
"04/11/2016";"09:40:00";"38";"com vítima";"281.692";"BR-393/RJ";"Pista Norte";"Acidentes de outra natureza";0;0;0;1;0;0;0;0;0;0;0;1;0;0;0
"04/11/2016";"02:25:00";"60";"com vítima";"274";"BR-393/RJ";"Pista Sul";"Capotamento";1;0;0;0;0;0;0;0;0;0;0;1;0;0;0
"05/11/2016";"03:37:00";"31";"sem vítima";"246";"BR-393/RJ";"Pista Norte";"Colisão com veículos (traseira)";1;0;1;0;0;0;0;0;0;0;3;0;0;0;0
"06/11/2016";"04:21:00";"15";"sem vítima";"172.5";"BR-393/RJ";"Pista Sul";"Colisão c/ obstáculos";1;0;0;0;0;0;0;0;0;0;1;0;0;0;0
"06/11/2016";"07:41:00";"20";"com vítima";"141.2";"BR-393/RJ";"Pista Sul";"Capotamento";0;0;1;0;0;0;0;0;0;0;0;0;1;0;0
"07/11/2016";"12:22:00";"1";"com vítima";"282.162";"BR-393/RJ";"Pista Norte";"Colisão com veículos (frontal)";1;0;1;0;0;0;0;0;0;0;1;2;0;1;0
"07/11/2016";"10:08:00";"38";"com vítima";"105.915";"BR-393/RJ";"Pista Norte";"Colisão lateral no sentido contrário";2;0;0;1;0;0;0;0;0;0;2;1;0;0;0
"07/11/2016";"02:05:00";"51";"com vítima";"176.472";"BR-393/RJ";"Pista Sul";"Engavetamento";3;0;0;0;0;0;0;0;0;0;3;1;0;0;0
"07/11/2016";"10:04:00";"77";"sem vítima";"283";"BR-393/RJ";"Pista Norte";"Colisão lateral no mesmo sentido";1;0;0;1;0;0;0;0;0;0;2;0;0;0;0
"08/11/2016";"08:09:00";"20";"com vítima";"176.95";"BR-393/RJ";"Pista Norte";"Colisão com veículos (traseira)";1;0;0;1;0;0;0;0;0;0;1;1;0;0;0
"08/11/2016";"04:37:00";"55";"com vítima";"283.8";"BR-393/RJ";"Pista Norte";"Colisão lateral no sentido contrário";2;0;0;0;0;0;0;0;0;0;2;1;0;0;0
"09/11/2016";"07:46:00";"15";"sem vítima";"283.6";"BR-393/RJ";"Pista Sul";"Colisão lateral no sentido contrário";1;0;0;1;0;0;0;0;0;0;2;0;0;0;0
"09/11/2016";"09:01:00";"62";"com vítima";"218.348";"BR-393/RJ";"Pista Sul";"Colisão c/ obstáculos";0;0;1;0;0;0;0;0;0;0;1;1;0;0;0
"10/11/2016";"01:00:00";"1";"sem vítima";"260.5";"BR-393/RJ";"Pista Norte";"Saídas de pista";1;0;0;0;0;0;0;0;0;0;3;0;0;0;0
"10/11/2016";"08:25:00";"27";"com vítima";"170.4";"BR-393/RJ";"Pista Norte";"Colisão com veículos (frontal)";0;0;1;0;0;0;0;0;0;1;0;1;0;1;0
"10/11/2016";"04:33:00";"64";"sem vítima";"282";"BR-393/RJ";"Pista Norte";"Engavetamento";1;0;1;0;0;0;0;0;0;1;5;0;0;0;0
"10/11/2016";"06:54:00";"72";"sem vítima";"284";"BR-393/RJ";"Pista Norte";"Colisão com veículos (traseira)";2;0;0;0;0;0;0;0;0;0;2;0;0;0;0
"11/11/2016";"09:02:00";"24";"com vítima";"168.691";"BR-393/RJ";"Pista Norte";"Colisão lateral no sentido contrário";0;0;0;1;1;0;0;0;0;0;1;1;0;0;0
"11/11/2016";"12:48:00";"46";"sem vítima";"155.472";"BR-393/RJ";"Pista Norte";"Tombamento";0;0;1;0;0;0;0;0;0;0;2;0;0;0;0
"12/11/2016";"10:12:00";"28";"com vítima";"258";"BR-393/RJ";"Pista Sul";"Colisão c/ obstáculos";1;0;0;0;0;0;0;0;0;0;0;1;0;0;0
"12/11/2016";"12:08:00";"32";"sem vítima";"265";"BR-393/RJ";"Pista Norte";"Colisão com veículos (traseira)";0;0;2;0;0;0;0;0;0;0;2;0;0;0;0
"12/11/2016";"07:51:00";"58";"sem vítima";"182.3";"BR-393/RJ";"Pista Norte";"Colisão lateral no mesmo sentido";2;0;0;0;0;0;0;0;0;0;5;0;0;0;0
"12/11/2016";"11:02:00";"65";"com vítima";"145.5";"BR-393/RJ";"Pista Norte";"Colisão c/ obstáculos";1;0;0;0;0;0;0;0;0;0;0;3;0;0;0
"13/11/2016";"05:28:00";"11";"sem vítima";"105.8";"BR-393/RJ";"Pista Sul";"Saídas de pista";1;0;0;0;0;0;0;0;0;0;1;0;0;0;0
"13/11/2016";"10:52:00";"50";"com vítima";"177.273";"BR-393/RJ";"Pista Sul";"Colisão c/ obstáculos";1;0;0;0;0;0;0;0;0;0;0;1;0;0;0
"14/11/2016";"05:38:00";"13";"sem vítima";"129.194";"BR-393/RJ";"Pista Sul";"Colisão c/ obstáculos";1;0;0;0;0;0;0;0;0;0;2;0;0;0;0
"14/11/2016";"07:32:00";"16";"sem vítima";"258";"BR-393/RJ";"Pista Norte";"Colisão c/ obstáculos";1;0;0;0;0;0;0;0;0;0;1;0;0;0;0
"14/11/2016";"10:42:00";"24";"sem vítima";"275";"BR-393/RJ";"Pista Norte";"Colisão com veículos (traseira)";2;0;0;0;0;0;0;0;0;0;2;0;0;0;0
"14/11/2016";"12:23:00";"31";"com vítima";"218.476";"BR-393/RJ";"Pista Sul";"Colisão com veículos (frontal)";1;0;2;0;0;0;0;0;0;0;7;0;0;0;2
"14/11/2016";"03:35:00";"38";"sem vítima";"151.85";"BR-393/RJ";"Pista Sul";"Colisão c/ obstáculos";1;0;0;0;0;0;0;0;0;0;4;0;0;0;0
"14/11/2016";"04:54:00";"43";"com vítima";"119";"BR-393/RJ";"Pista Sul";"Colisão lateral no mesmo sentido";2;0;0;0;0;0;0;0;0;0;5;0;1;0;0
"14/11/2016";"09:30:00";"55";"sem vítima";"246.136";"BR-393/RJ";"Pista Sul";"Tombamento";0;0;1;0;0;0;0;0;0;0;1;0;0;0;0
"15/11/2016";"01:44:00";"38";"com vítima";"151.917";"BR-393/RJ";"Pista Sul";"Tombamento";0;0;1;0;0;0;0;0;0;0;0;1;1;0;0
"15/11/2016";"04:28:00";"42";"com vítima";"261.905";"BR-393/RJ";"Pista Norte";"Capotamento";1;0;0;0;0;0;0;0;0;0;0;1;0;0;0
"15/11/2016";"09:44:00";"59";"sem vítima";"279";"BR-393/RJ";"Pista Norte";"Colisão lateral no sentido contrário";2;0;0;0;0;0;0;0;0;0;3;0;0;0;0
"16/11/2016";"07:16:00";"19";"com vítima";"281.112";"BR-393/RJ";"Pista Norte";"Atropelamento de pedestre";1;1;0;0;0;0;0;0;0;0;1;2;0;0;0
"16/11/2016";"08:56:00";"20";"com vítima";"286.003";"BR-393/RJ";"Pista Sul";"Colisão com veículos (traseira)";0;0;0;0;1;0;0;0;0;1;1;2;0;0;0
"17/11/2016";"12:34:00";"52";"com vítima";"103";"BR-393/RJ";"Pista Norte";"Colisão lateral no sentido contrário";1;0;0;1;0;0;0;0;0;0;1;2;0;0;0
"18/11/2016";"03:46:00";"57";"sem vítima";"246.3";"BR-393/RJ";"Pista Norte";"Saídas de pista";0;0;1;0;0;0;0;0;0;0;1;0;0;0;0
"18/11/2016";"09:42:00";"73";"com vítima";"238.642";"BR-393/RJ";"Pista Norte";"Colisão lateral no sentido contrário";2;0;0;0;0;0;0;0;0;0;7;1;1;0;0
"19/11/2016";"04:41:00";"11";"com vítima";"105.1";"BR-393/RJ";"Pista Norte";"Colisão lateral no sentido contrário";2;0;0;0;0;0;0;0;0;0;1;1;1;1;0
"19/11/2016";"10:23:00";"21";"sem vítima";"285.526";"BR-393/RJ";"Pista Sul";"Colisão lateral no mesmo sentido";1;0;1;0;0;0;0;0;0;0;2;0;0;0;0
"19/11/2016";"10:06:00";"60";"sem vítima";"283";"BR-393/RJ";"Pista Sul";"Acidentes de outra natureza";0;0;0;1;0;0;0;0;0;0;1;0;0;0;0
"20/11/2016";"12:26:00";"1";"com vítima";"132";"BR-393/RJ";"Pista Norte";"Colisão lateral no sentido contrário";3;0;0;0;0;0;0;0;0;0;4;1;1;0;0
"20/11/2016";"05:44:00";"13";"sem vítima";"283.3";"BR-393/RJ";"Pista Norte";"Colisão c/ obstáculos";1;0;0;0;0;0;0;0;0;0;1;0;0;0;0
"20/11/2016";"08:41:00";"22";"com vítima";"170.63";"BR-393/RJ";"Pista Norte";"Capotamento";1;0;0;0;0;0;0;0;0;0;0;2;1;0;0
"20/11/2016";"05:40:00";"57";"sem vítima";"157.844";"BR-393/RJ";"Pista Sul";"Colisão lateral no mesmo sentido";0;0;2;0;0;0;0;0;0;0;2;0;0;0;0
"20/11/2016";"09:24:00";"70";"sem vítima";"187.1";"BR-393/RJ";"Pista Sul";"Capotamento";1;0;0;0;0;0;0;0;0;0;1;0;0;0;0
"23/11/2016";"06:50:00";"53";"sem vítima";"217.05";"BR-393/RJ";"Pista Sul";"Colisão c/ obstáculos";1;0;0;0;0;0;0;0;0;0;1;0;0;0;0
"24/11/2016";"08:28:00";"26";"sem vítima";"285.58";"BR-393/RJ";"Pista Sul";"Colisão com veículos (traseira)";1;0;1;0;0;0;0;0;0;0;2;0;0;0;0
"24/11/2016";"09:26:00";"29";"sem vítima";"274.1";"BR-393/RJ";"Pista Norte";"Colisão c/ obstáculos";0;0;1;0;0;0;0;0;0;0;1;0;0;0;0
"24/11/2016";"02:51:00";"55";"com vítima";"261.217";"BR-393/RJ";"Pista Sul";"Colisão c/ obstáculos";1;0;0;0;0;0;0;0;0;0;1;1;0;0;0
"24/11/2016";"09:02:00";"71";"com vítima";"246";"BR-393/RJ";"Pista Norte";"Colisão com veículos (traseira)";0;0;1;0;0;0;0;0;0;0;0;1;0;0;0
"25/11/2016";"02:06:00";"52";"com vítima";"285.5";"BR-393/RJ";"Pista Norte";"Colisão lateral no mesmo sentido";1;0;0;0;1;0;0;0;0;0;15;1;0;0;0
"25/11/2016";"02:54:00";"53";"sem vítima";"281";"BR-393/RJ";"Pista Norte";"Engavetamento";4;0;0;0;0;0;0;0;0;0;4;0;0;0;0
"25/11/2016";"04:04:00";"60";"com vítima";"274.6";"BR-393/RJ";"Pista Sul";"Colisão com veículos (traseira)";1;0;0;1;0;0;0;0;0;0;1;1;0;0;0
"25/11/2016";"09:11:00";"78";"sem vítima";"155";"BR-393/RJ";"Pista Norte";"Colisão com veículos (traseira)";2;0;0;0;0;0;0;0;0;0;4;0;0;0;0
"26/11/2016";"08:52:00";"23";"com vítima";"114";"BR-393/RJ";"Pista Norte";"Tombamento";0;0;1;0;0;0;0;0;0;0;0;2;0;0;0
"26/11/2016";"12:02:00";"31";"com vítima";"279";"BR-393/RJ";"Pista Sul";"Colisão lateral no sentido contrário";1;0;1;0;0;0;0;0;0;0;1;0;1;0;0
"26/11/2016";"02:09:00";"35";"com vítima";"272";"BR-393/RJ";"Pista Norte";"Colisão com veículos (frontal)";1;0;0;0;0;0;0;0;0;1;0;1;3;0;0
"26/11/2016";"05:15:00";"43";"com vítima";"136";"BR-393/RJ";"Pista Norte";"Acidentes de outra natureza";0;0;0;1;0;0;0;0;0;0;0;0;1;0;0
"27/11/2016";"07:41:00";"20";"com vítima";"274.091";"BR-393/RJ";"Pista Sul";"Tombamento";0;0;1;0;0;0;0;0;0;0;0;0;0;1;0
"28/11/2016";"02:13:00";"10";"com vítima";"240";"BR-393/RJ";"Pista Sul";"Saídas de pista";1;0;0;0;0;0;0;0;0;0;0;2;0;0;0
"28/11/2016";"07:51:00";"17";"sem vítima";"233.6";"BR-393/RJ";"Pista Sul";"Colisão com veículos (traseira)";0;0;1;0;0;0;0;0;0;1;2;0;0;0;0
"28/11/2016";"12:15:00";"40";"com vítima";"277.5";"BR-393/RJ";"Pista Norte";"Colisão c/ obstáculos";1;0;0;0;0;0;0;0;0;0;0;1;0;0;0
"28/11/2016";"02:19:00";"47";"com vítima";"177";"BR-393/RJ";"Pista Norte";"Acidentes de outra natureza";0;0;0;1;0;0;0;0;0;0;0;1;0;0;0
"29/11/2016";"07:01:00";"16";"com vítima";"274";"BR-393/RJ";"Pista Norte";"Tombamento";0;0;2;0;0;0;0;0;0;0;0;3;0;0;0
"29/11/2016";"06:18:00";"63";"sem vítima";"159.5";"BR-393/RJ";"Pista Sul";"Saídas de pista";0;0;1;0;0;0;0;0;0;0;2;0;0;0;0
"29/11/2016";"08:54:00";"68";"com vítima";"251.34";"BR-393/RJ";"Pista Norte";"Atropelamento de pedestre";2;0;0;0;0;0;0;0;0;0;2;0;0;1;0
"30/11/2016";"08:32:00";"25";"sem vítima";"106.3";"BR-393/RJ";"Pista Norte";"Colisão com veículos (traseira)";2;0;0;0;0;0;0;0;0;0;3;0;0;0;0
"30/11/2016";"06:06:00";"69";"com vítima";"233.6";"BR-393/RJ";"Pista Sul";"Acidentes de outra natureza";0;0;0;1;0;0;0;0;0;0;0;0;1;0;0
"01/12/2016";"11:05:00";"36";"com vítima";"177.87";"BR-393/RJ";"Pista Norte";"Colisão com veículos (traseira)";0;0;2;0;0;0;0;0;0;0;1;1;0;0;0
"01/12/2016";"11:06:00";"69";"com vítima";"286.15";"BR-393/RJ";"Pista Norte";"Atropelamento de pedestre";0;0;0;1;0;0;0;0;0;0;0;0;2;0;0
"02/12/2016";"08:25:00";"84";"com vítima";"268";"BR-393/RJ";"Pista Norte";"Colisão lateral no sentido contrário";1;0;1;0;0;0;0;0;0;0;1;1;0;0;0
"02/12/2016";"10:48:00";"89";"com vítima";"184";"BR-393/RJ";"Pista Norte";"Tombamento";0;0;0;0;0;0;0;0;0;1;0;2;1;0;0
"02/12/2016";"10:54:00";"90";"sem vítima";"143.5";"BR-393/RJ";"Pista Sul";"Colisão com veículos (traseira)";2;0;0;0;0;0;0;0;0;0;2;0;0;0;0
"03/12/2016";"01:14:00";"3";"sem vítima";"283.3";"BR-393/RJ";"Pista Norte";"Saídas de pista";1;0;0;0;0;0;0;0;0;0;3;0;0;0;0
"03/12/2016";"04:48:00";"15";"com vítima";"266.5";"BR-393/RJ";"Pista Norte";"Atropelamento de pedestre";0;0;0;1;0;0;0;0;0;0;1;0;0;1;0
"03/12/2016";"06:51:00";"19";"sem vítima";"102";"BR-393/RJ";"Pista Norte";"Colisão c/ obstáculos";1;0;0;0;0;0;0;0;0;0;1;0;0;0;0
"03/12/2016";"02:36:00";"35";"sem vítima";"258";"BR-393/RJ";"Pista Sul";"Colisão c/ obstáculos";1;0;0;0;0;0;0;0;0;0;3;0;0;0;0
"03/12/2016";"05:28:00";"43";"sem vítima";"265";"BR-393/RJ";"Pista Norte";"Colisão com veículos (traseira)";2;0;0;0;0;0;0;0;0;0;6;0;0;0;0
"03/12/2016";"05:36:00";"44";"com vítima";"236";"BR-393/RJ";"Pista Norte";"Colisão lateral no sentido contrário";1;0;0;1;0;0;0;0;0;0;1;1;1;0;0
"03/12/2016";"09:24:00";"55";"sem vítima";"120";"BR-393/RJ";"Pista Sul";"Colisão c/ obstáculos";1;0;0;0;0;0;0;0;0;0;2;0;0;0;0