data;horario;n_da_ocorrencia;tipo_de_ocorrencia;km;trecho;sentido;tipo_de_acidente;automovel;bicicleta;caminhao;moto;onibus;outros;tracao_animal;transporte_de_cargas_especiais;trator_maquinas;utilitarios;ilesos;levemente_feridos;moderadamente_feridos;gravemente_feridos;mortos
"04/12/2016";"05:12:00";"43";"com vítima";"159";"BR-393/RJ";"Pista Sul";"Colisão com veículos (frontal)";1;0;1;0;0;0;0;0;0;0;0;1;1;1;0
"04/12/2016";"06:15:00";"47";"sem vítima";"105.9";"BR-393/RJ";"Pista Sul";"Saídas de pista";1;0;0;0;0;0;0;0;0;0;1;0;0;0;0
"04/12/2016";"06:26:00";"48";"sem vítima";"275";"BR-393/RJ";"Pista Sul";"Colisão com veículos (traseira)";2;0;0;0;0;0;0;0;0;0;6;0;0;0;0
"05/12/2016";"05:06:00";"15";"com vítima";"103";"BR-393/RJ";"Pista Sul";"Colisão c/ obstáculos";1;0;0;0;0;0;0;0;0;0;1;1;0;0;0
"05/12/2016";"10:17:00";"33";"com vítima";"202";"BR-393/RJ";"Pista Norte";"Saídas de pista";1;0;0;0;0;0;0;0;0;0;0;2;0;0;0
"05/12/2016";"09:24:00";"70";"com vítima";"281";"BR-393/RJ";"Pista Norte";"Colisão com veículos (traseira)";2;0;0;0;0;0;0;0;0;0;0;2;0;0;0
"05/12/2016";"10:48:00";"74";"sem vítima";"214.7";"BR-393/RJ";"Pista Sul";"Atropelamento de animais";0;0;1;0;0;0;0;0;0;0;1;0;0;0;0
"06/12/2016";"07:40:00";"22";"com vítima";"178.249";"BR-393/RJ";"Pista Norte";"Atropelamento de pedestre";0;0;0;1;0;0;0;0;0;0;0;2;0;0;0
"06/12/2016";"06:19:00";"66";"sem vítima";"106.9";"BR-393/RJ";"Pista Norte";"Colisão c/ obstáculos";1;0;1;0;0;0;0;0;0;0;2;0;0;0;0
"07/12/2016";"12:05:00";"36";"com vítima";"284";"BR-393/RJ";"Pista Norte";"Colisão lateral no mesmo sentido";1;0;1;1;0;0;0;0;0;0;2;1;0;0;0
"07/12/2016";"03:46:00";"46";"sem vítima";"286";"BR-393/RJ";"Pista Norte";"Colisão lateral no mesmo sentido";1;0;1;0;0;0;0;0;0;0;3;0;0;0;0
"07/12/2016";"06:43:00";"53";"sem vítima";"284";"BR-393/RJ";"Pista Norte";"Engavetamento";3;0;0;0;0;0;0;0;0;0;4;0;0;0;0
"08/12/2016";"07:16:00";"16";"sem vítima";"285.6";"BR-393/RJ";"Pista Sul";"Colisão lateral no mesmo sentido";1;0;1;0;0;0;0;0;0;0;2;0;0;0;0
"08/12/2016";"02:54:00";"42";"sem vítima";"265";"BR-393/RJ";"Pista Sul";"Colisão lateral no mesmo sentido";2;0;0;0;0;0;0;0;0;0;2;0;0;0;0
"08/12/2016";"03:46:00";"46";"com vítima";"238.6";"BR-393/RJ";"Pista Norte";"Colisão lateral no sentido contrário";0;0;1;1;0;0;0;0;0;0;1;1;0;0;0
"08/12/2016";"04:57:00";"50";"sem vítima";"253";"BR-393/RJ";"Pista Sul";"Colisão lateral no mesmo sentido";1;0;1;0;0;0;0;0;0;0;2;0;0;0;0
"09/12/2016";"12:44:00";"2";"com vítima";"143.5";"BR-393/RJ";"Pista Sul";"Colisão lateral no sentido contrário";0;0;1;1;0;0;0;0;0;0;1;0;0;0;1
"09/12/2016";"04:38:00";"69";"com vítima";"285.2";"BR-393/RJ";"Pista Norte";"Colisão com veículos (traseira)";1;0;1;0;0;0;0;0;0;0;2;1;0;0;0
"09/12/2016";"06:14:00";"75";"sem vítima";"160";"BR-393/RJ";"Pista Norte";"Saídas de pista";1;0;0;0;0;0;0;0;0;0;2;0;0;0;0
"10/12/2016";"01:13:00";"10";"com vítima";"277.3";"BR-393/RJ";"Pista Norte";"Colisão c/ obstáculos";1;0;0;0;0;0;0;0;0;0;0;1;0;0;0
"10/12/2016";"09:51:00";"102";"sem vítima";"255";"BR-393/RJ";"Pista Norte";"Colisão c/ obstáculos";1;0;0;0;0;0;0;0;0;0;2;0;0;0;0
"11/12/2016";"05:21:00";"12";"sem vítima";"243";"BR-393/RJ";"Pista Sul";"Colisão c/ obstáculos";1;0;0;0;0;0;0;0;0;0;2;0;0;0;0
"11/12/2016";"05:21:00";"11";"sem vítima";"270";"BR-393/RJ";"Pista Norte";"Saídas de pista";1;0;0;0;0;0;0;0;0;0;1;0;0;0;0
"11/12/2016";"06:15:00";"42";"sem vítima";"264.9";"BR-393/RJ";"Pista Sul";"Colisão c/ obstáculos";1;0;0;0;0;0;0;0;0;0;1;0;0;0;0
"11/12/2016";"11:09:00";"63";"sem vítima";"240";"BR-393/RJ";"Pista Sul";"Saídas de pista";0;0;1;0;0;0;0;0;0;0;1;0;0;0;0
"12/12/2016";"06:44:00";"62";"sem vítima";"160";"BR-393/RJ";"Pista Sul";"Saídas de pista";1;0;0;0;0;0;0;0;0;0;1;0;0;0;0
"12/12/2016";"08:50:00";"71";"sem vítima";"268";"BR-393/RJ";"Pista Sul";"Colisão lateral no sentido contrário";2;0;0;0;0;0;0;0;0;0;2;0;0;0;0
"13/12/2016";"08:02:00";"22";"com vítima";"106.573";"BR-393/RJ";"Pista Sul";"Colisão lateral no sentido contrário";1;0;0;1;0;0;0;0;0;0;0;1;1;0;0
"13/12/2016";"10:09:00";"41";"com vítima";"105.171";"BR-393/RJ";"Pista Sul";"Colisão lateral no sentido contrário";1;0;0;1;0;0;0;0;0;0;2;1;0;0;0
"13/12/2016";"12:34:00";"58";"com vítima";"237.609";"BR-393/RJ";"Pista Sul";"Colisão com veículos (frontal)";2;0;0;0;0;0;0;0;0;0;0;1;2;2;0
"13/12/2016";"03:31:00";"67";"com vítima";"151.897";"BR-393/RJ";"Pista Sul";"Tombamento";0;0;1;0;0;0;0;0;0;0;0;1;1;0;0
"14/12/2016";"02:11:00";"51";"sem vítima";"255.712";"BR-393/RJ";"Pista Sul";"Colisão lateral no sentido contrário";2;0;0;0;0;0;0;0;0;0;3;0;0;0;0
"15/12/2016";"03:45:00";"14";"com vítima";"208";"BR-393/RJ";"Pista Norte";"Colisão c/ obstáculos";0;0;1;0;0;0;0;0;0;0;0;1;0;0;0
"15/12/2016";"06:00:00";"16";"com vítima";"245.7";"BR-393/RJ";"Pista Norte";"Colisão com veículos (frontal)";0;0;3;0;0;0;0;0;0;0;3;1;0;0;0
"15/12/2016";"07:45:00";"57";"com vítima";"263";"BR-393/RJ";"Pista Sul";"Acidentes de outra natureza";0;0;0;1;0;0;0;0;0;0;0;1;0;0;0
"15/12/2016";"10:42:00";"62";"com vítima";"283";"BR-393/RJ";"Pista Sul";"Colisão c/ obstáculos";2;0;0;0;0;0;0;0;0;0;0;1;0;0;0
"16/12/2016";"12:34:00";"46";"com vítima";"221.8";"BR-393/RJ";"Pista Sul";"Saídas de pista";1;0;0;0;0;0;0;0;0;0;0;0;2;0;0
"17/12/2016";"10:01:00";"74";"sem vítima";"163.9";"BR-393/RJ";"Pista Norte";"Choque - Elemento de Drenagem";1;0;0;0;0;0;0;0;0;0;4;0;0;0;0
"17/12/2016";"11:27:00";"79";"sem vítima";"264";"BR-393/RJ";"Pista Sul";"Colisão lateral no sentido contrário";1;0;0;0;1;0;0;0;0;0;2;0;0;0;0
"18/12/2016";"11:23:00";"36";"sem vítima";"286";"BR-393/RJ";"Pista Sul";"Colisão com veículos (traseira)";2;0;0;0;0;0;0;0;0;0;2;0;0;0;0
"19/12/2016";"06:06:00";"56";"com vítima";"106";"BR-393/RJ";"Pista Sul";"Atropelamento de pedestre";0;0;1;0;0;0;0;0;0;0;0;2;0;0;0
"19/12/2016";"09:50:00";"69";"sem vítima";"286";"BR-393/RJ";"Pista Norte";"Colisão lateral no sentido contrário";2;0;0;0;0;0;0;0;0;0;2;0;0;0;0
"21/12/2016";"05:42:00";"25";"sem vítima";"249.876";"BR-393/RJ";"Pista Norte";"Atropelamento de animais";0;0;1;0;0;0;0;0;0;0;1;0;0;0;0
"21/12/2016";"09:01:00";"36";"sem vítima";"285.3";"BR-393/RJ";"Pista Sul";"Engavetamento";2;0;0;0;0;0;0;0;0;1;3;0;0;0;0
"21/12/2016";"06:23:00";"84";"sem vítima";"284";"BR-393/RJ";"Pista Sul";"Engavetamento";4;0;0;0;0;0;0;0;0;0;4;0;0;0;0
"21/12/2016";"08:33:00";"96";"sem vítima";"286.1";"BR-393/RJ";"Pista Norte";"Colisão com veículos (traseira)";2;0;0;0;0;0;0;0;0;0;2;0;0;0;0
"21/12/2016";"11:44:00";"105";"sem vítima";"271.8";"BR-393/RJ";"Pista Sul";"Colisão c/ obstáculos";1;0;0;0;0;0;0;0;0;0;1;0;0;0;0
"22/12/2016";"10:31:00";"40";"com vítima";"286";"BR-393/RJ";"Pista Sul";"Colisão com veículos (traseira)";1;0;1;0;0;0;0;0;0;0;2;1;0;0;0
"22/12/2016";"04:30:00";"61";"com vítima";"102.551";"BR-393/RJ";"Pista Sul";"Colisão lateral no mesmo sentido";1;0;0;1;0;0;0;0;0;0;1;1;0;0;0
"23/12/2016";"09:35:00";"26";"com vítima";"191.703";"BR-393/RJ";"Pista Norte";"Colisão com veículos (frontal)";1;0;1;0;0;0;0;0;0;0;0;1;0;1;3
"23/12/2016";"05:34:00";"47";"com vítima";"235.236";"BR-393/RJ";"Pista Norte";"Colisão lateral no sentido contrário";2;0;1;0;0;0;0;0;0;0;4;0;0;2;0
"23/12/2016";"06:37:00";"53";"sem vítima";"112";"BR-393/RJ";"Pista Norte";"Saídas de pista";0;0;1;0;0;0;0;0;0;0;1;0;0;0;0
"24/12/2016";"06:21:00";"21";"sem vítima";"177.676";"BR-393/RJ";"Pista Sul";"Colisão lateral no sentido contrário";1;0;0;0;1;0;0;0;0;0;2;0;0;0;0
"24/12/2016";"06:27:00";"22";"com vítima";"254.2";"BR-393/RJ";"Pista Norte";"Saídas de pista";1;0;0;0;0;0;0;0;0;0;0;2;0;0;0
"24/12/2016";"07:24:00";"51";"com vítima";"175.512";"BR-393/RJ";"Pista Sul";"Colisão c/ obstáculos";1;0;0;0;0;0;0;0;0;0;0;1;0;0;0
"25/12/2016";"03:31:00";"42";"com vítima";"106.205";"BR-393/RJ";"Pista Norte";"Acidentes de outra natureza";0;1;0;0;0;0;0;0;0;0;0;1;0;0;0
"26/12/2016";"12:46:00";"49";"com vítima";"282.311";"BR-393/RJ";"Pista Sul";"Engavetamento";3;0;0;0;0;0;0;0;0;0;6;1;0;0;0
"26/12/2016";"05:22:00";"74";"sem vítima";"106";"BR-393/RJ";"Pista Norte";"Colisão lateral no sentido contrário";2;0;0;0;0;0;0;0;0;0;4;0;0;0;0
"26/12/2016";"10:23:00";"100";"sem vítima";"218";"BR-393/RJ";"Pista Sul";"Colisão c/ obstáculos";0;0;1;0;0;0;0;0;0;0;1;0;0;0;0
"28/12/2016";"11:45:00";"37";"sem vítima";"166";"BR-393/RJ";"Pista Norte";"Colisão lateral no sentido contrário";0;0;1;0;0;1;0;0;0;1;4;0;0;0;0
"28/12/2016";"02:06:00";"42";"sem vítima";"125";"BR-393/RJ";"Pista Sul";"Colisão com veículos (traseira)";2;0;0;0;0;0;0;0;0;0;6;0;0;0;0
"29/12/2016";"11:32:00";"54";"com vítima";"282.381";"BR-393/RJ";"Pista Norte";"Colisão lateral no sentido contrário";2;0;0;0;0;0;0;0;0;0;1;5;0;0;0
"29/12/2016";"07:59:00";"91";"com vítima";"103.5";"BR-393/RJ";"Pista Sul";"Colisão lateral no mesmo sentido";1;0;0;1;0;0;0;0;0;0;1;1;1;0;0
"30/12/2016";"03:48:00";"62";"com vítima";"179.293";"BR-393/RJ";"Pista Sul";"Acidentes de outra natureza";0;0;0;1;0;0;0;0;0;0;0;2;0;0;0
"30/12/2016";"08:48:00";"82";"com vítima";"265";"BR-393/RJ";"Pista Norte";"Engavetamento";1;0;2;0;0;0;0;0;0;0;4;3;0;0;0
"30/12/2016";"11:47:00";"91";"com vítima";"251";"BR-393/RJ";"Pista Norte";"Colisão com veículos (frontal)";1;0;1;0;0;0;0;0;0;0;1;2;0;0;0
"31/12/2016";"01:56:00";"41";"com vítima";"168.7";"BR-393/RJ";"Pista Norte";"Colisão lateral no mesmo sentido";2;0;0;0;0;0;0;0;0;0;2;2;0;0;0
"02/01/2017";"11:24:00";"45";"sem vítima";"140";"BR-393/RJ";"Pista Sul";"Colisão com veículos (traseira)";2;0;0;0;0;0;0;0;0;0;2;0;0;0;0
"03/01/2017";"12:38:00";"3";"com vítima";"285";"BR-393/RJ";"Pista Norte";"Colisão c/ obstáculos";1;0;0;0;0;0;0;0;0;0;0;1;0;0;0
"03/01/2017";"09:10:00";"39";"com vítima";"224";"BR-393/RJ";"Pista Norte";"Colisão lateral no sentido contrário";1;0;1;0;0;0;0;0;0;0;1;0;0;2;3
"03/01/2017";"11:18:00";"49";"sem vítima";"134";"BR-393/RJ";"Pista Norte";"Colisão c/ obstáculos";1;0;1;0;0;0;0;0;0;0;2;0;0;0;0
"03/01/2017";"01:59:00";"57";"com vítima";"228.743";"BR-393/RJ";"Pista Norte";"Acidentes de outra natureza";0;0;0;1;0;0;0;0;0;0;1;0;1;0;0
"05/01/2017";"01:00:00";"5";"sem vítima";"245";"BR-393/RJ";"Pista Sul";"Engavetamento";3;0;0;0;0;0;0;0;0;0;4;0;0;0;0
"06/01/2017";"09:49:00";"43";"sem vítima";"285";"BR-393/RJ";"Pista Sul";"Colisão com veículos (traseira)";1;0;0;0;1;0;0;0;0;0;2;0;0;0;0
"07/01/2017";"05:32:00";"59";"sem vítima";"282";"BR-393/RJ";"Pista Sul";"Colisão com veículos (traseira)";1;0;1;0;0;0;0;0;0;0;2;0;0;0;0
"07/01/2017";"06:46:00";"63";"sem vítima";"285.6";"BR-393/RJ";"Pista Sul";"Colisão lateral no sentido contrário";1;0;0;0;1;0;0;0;0;0;2;0;0;0;0
"07/01/2017";"09:09:00";"69";"sem vítima";"284.3";"BR-393/RJ";"Pista Norte";"Colisão com veículos (traseira)";2;0;0;0;0;0;0;0;0;0;2;0;0;0;0
"07/01/2017";"10:58:00";"71";"com vítima";"283";"BR-393/RJ";"Pista Norte";"Colisão lateral no sentido contrário";1;0;0;1;0;0;0;0;0;0;1;1;0;0;0
"08/01/2017";"12:28:00";"2";"sem vítima";"254.5";"BR-393/RJ";"Pista Norte";"Choque - Defensa, barreira ou "submarino"";1;0;0;0;0;0;0;0;0;0;1;0;0;0;0
"08/01/2017";"03:46:00";"18";"sem vítima";"139.6";"BR-393/RJ";"Pista Norte";"Colisão c/ obstáculos";1;0;0;0;0;0;0;0;0;0;1;0;0;0;0
"08/01/2017";"01:05:00";"40";"com vítima";"280";"BR-393/RJ";"Pista Sul";"Colisão lateral no sentido contrário";0;0;1;1;0;0;0;0;0;0;1;2;0;0;0
"08/01/2017";"03:57:00";"47";"com vítima";"267.5";"BR-393/RJ";"Pista Norte";"Tombamento";1;0;0;0;0;0;0;0;0;0;0;1;0;0;0
"08/01/2017";"07:40:00";"59";"sem vítima";"163";"BR-393/RJ";"Pista Norte";"Tombamento";0;0;1;0;0;0;0;0;0;0;1;0;0;0;0
"09/01/2017";"02:29:00";"1";"sem vítima";"240";"BR-393/RJ";"Pista Norte";"Saídas de pista";1;0;0;0;0;0;0;0;0;0;2;0;0;0;0
"09/01/2017";"03:48:00";"46";"com vítima";"260";"BR-393/RJ";"Pista Norte";"Colisão c/ obstáculos";1;0;0;0;0;0;0;0;0;0;0;0;1;0;0
"10/01/2017";"01:31:00";"48";"sem vítima";"279";"BR-393/RJ";"Pista Norte";"Engavetamento";3;0;0;0;0;0;0;0;0;0;6;0;0;0;0
"10/01/2017";"04:35:00";"58";"com vítima";"182";"BR-393/RJ";"Pista Norte";"Acidentes de outra natureza";0;1;0;0;0;0;0;0;0;0;0;1;0;0;0
"11/01/2017";"12:27:00";"61";"com vítima";"131.424";"BR-393/RJ";"Pista Sul";"Tombamento";1;0;1;0;0;0;0;0;0;0;0;4;1;0;0
"11/01/2017";"03:16:00";"68";"com vítima";"239.406";"BR-393/RJ";"Pista Norte";"Capotamento";0;0;1;0;0;0;0;0;0;0;0;3;0;0;0
"11/01/2017";"10:27:00";"83";"sem vítima";"282.4";"BR-393/RJ";"Pista Norte";"Engavetamento";3;0;0;0;0;0;0;0;0;0;4;0;0;0;0
"14/01/2017";"10:23:00";"32";"com vítima";"107.6";"BR-393/RJ";"Pista Sul";"Colisão lateral no sentido contrário";1;0;0;1;0;0;0;0;0;0;1;0;2;0;0
"15/01/2017";"04:39:00";"51";"com vítima";"276";"BR-393/RJ";"Pista Sul";"Engavetamento";3;0;0;0;0;0;0;0;0;0;8;1;0;0;0
"15/01/2017";"04:51:00";"52";"com vítima";"278";"BR-393/RJ";"Pista Sul";"Engavetamento";2;0;0;0;1;0;0;0;0;0;5;1;0;0;0
"16/01/2017";"06:33:00";"10";"sem vítima";"240";"BR-393/RJ";"Pista Norte";"Saídas de pista";1;0;0;0;0;0;0;0;0;0;1;0;0;0;0
"16/01/2017";"08:39:00";"14";"com vítima";"105";"BR-393/RJ";"Pista Sul";"Colisão lateral no sentido contrário";1;0;1;0;0;0;0;0;0;0;2;1;0;0;0
"16/01/2017";"02:24:00";"45";"com vítima";"116";"BR-393/RJ";"Pista Norte";"Saídas de pista";1;0;0;0;0;0;0;0;0;0;0;1;0;0;0
"17/01/2017";"02:49:00";"11";"sem vítima";"226";"BR-393/RJ";"Pista Norte";"Colisão c/ obstáculos";0;0;1;0;0;0;0;0;0;0;1;0;0;0;0
"17/01/2017";"09:57:00";"29";"sem vítima";"285.5";"BR-393/RJ";"Pista Norte";"Colisão lateral no mesmo sentido";2;0;0;0;0;0;0;0;0;0;2;0;0;0;0
"18/01/2017";"11:33:00";"36";"com vítima";"168";"BR-393/RJ";"Pista Norte";"Colisão lateral no sentido contrário";1;0;0;1;0;0;0;0;0;0;2;1;0;0;0
"18/01/2017";"12:40:00";"39";"com vítima";"131.9";"BR-393/RJ";"Pista Norte";"Colisão com veículos (traseira)";0;0;2;0;0;0;0;0;0;0;1;1;0;0;0
"18/01/2017";"04:49:00";"53";"com vítima";"152";"BR-393/RJ";"Pista Sul";"Colisão c/ obstáculos";0;0;0;1;0;0;0;0;0;0;0;0;0;1;0
"19/01/2017";"05:15:00";"63";"com vítima";"202.5";"BR-393/RJ";"Pista Sul";"Colisão lateral no sentido contrário";2;0;0;0;0;0;0;0;0;0;0;2;0;1;0
"19/01/2017";"07:47:00";"71";"sem vítima";"283";"BR-393/RJ";"Pista Norte";"Colisão com veículos (traseira)";2;0;0;0;0;0;0;0;0;0;2;0;0;0;0
"19/01/2017";"11:08:00";"80";"sem vítima";"103.6";"BR-393/RJ";"Pista Sul";"Atropelamento de animais";0;0;0;0;0;0;0;0;0;1;1;0;0;0;0
"20/01/2017";"08:03:00";"19";"sem vítima";"141.9";"BR-393/RJ";"Pista Sul";"Colisão com veículos (traseira)";2;0;0;0;0;0;0;0;0;0;8;0;0;0;0
"20/01/2017";"07:36:00";"70";"com vítima";"282";"BR-393/RJ";"Pista Sul";"Colisão lateral no sentido contrário";1;0;0;1;0;0;0;0;0;0;1;1;0;0;0
"21/01/2017";"07:00:00";"45";"sem vítima";"285";"BR-393/RJ";"Pista Sul";"Engavetamento";4;0;0;0;0;0;0;0;0;0;4;0;0;0;0
"22/01/2017";"12:11:00";"1";"sem vítima";"280";"BR-393/RJ";"Pista Norte";"Colisão lateral no sentido contrário";2;0;0;0;0;0;0;0;0;0;2;0;0;0;0
"22/01/2017";"11:10:00";"27";"sem vítima";"243.374";"BR-393/RJ";"Pista Sul";"Colisão c/ obstáculos";1;0;0;0;0;0;0;0;0;0;4;0;0;0;0
"23/01/2017";"09:38:00";"23";"sem vítima";"168";"BR-393/RJ";"Pista Sul";"Colisão com veículos (traseira)";2;0;0;0;0;0;0;0;0;0;4;0;0;0;0
"24/01/2017";"09:24:00";"23";"com vítima";"176";"BR-393/RJ";"Pista Norte";"Colisão com veículos (traseira)";2;0;0;0;0;0;0;0;0;0;2;1;0;0;0
"25/01/2017";"12:50:00";"1";"sem vítima";"109";"BR-393/RJ";"Pista Norte";"Atropelamento de animais";1;0;0;0;0;0;0;0;0;0;4;0;0;0;0
"25/01/2017";"12:03:00";"36";"com vítima";"252.5";"BR-393/RJ";"Pista Norte";"Colisão lateral no sentido contrário";0;0;2;0;0;0;0;0;0;0;1;0;3;0;0
"25/01/2017";"02:45:00";"42";"com vítima";"171";"BR-393/RJ";"Pista Sul";"Colisão lateral no sentido contrário";1;0;0;1;0;0;0;0;0;0;3;2;0;0;0
"26/01/2017";"01:07:00";"48";"sem vítima";"219";"BR-393/RJ";"Pista Sul";"Colisão lateral no sentido contrário";2;0;0;0;0;0;0;0;0;0;8;0;0;0;0
"26/01/2017";"09:10:00";"72";"sem vítima";"215";"BR-393/RJ";"Pista Sul";"Colisão lateral no mesmo sentido";1;0;1;0;0;0;0;0;0;0;2;0;0;0;0
"27/01/2017";"06:41:00";"67";"sem vítima";"279";"BR-393/RJ";"Pista Sul";"Colisão com veículos (traseira)";2;0;0;0;0;0;0;0;0;0;2;0;0;0;0
"28/01/2017";"08:48:00";"26";"sem vítima";"281.5";"BR-393/RJ";"Pista Norte";"Colisão lateral no mesmo sentido";1;0;1;0;0;0;0;0;0;0;3;0;0;0;0
"28/01/2017";"08:18:00";"74";"sem vítima";"274";"BR-393/RJ";"Pista Sul";"Colisão lateral no mesmo sentido";2;0;0;0;0;0;0;0;0;0;2;0;0;0;0
"28/01/2017";"11:28:00";"78";"sem vítima";"102";"BR-393/RJ";"Pista Norte";"Colisão com veículos (traseira)";2;0;0;0;0;0;0;0;0;0;2;0;0;0;0
"29/01/2017";"07:07:00";"49";"sem vítima";"279";"BR-393/RJ";"Pista Sul";"Saídas de pista";1;0;0;0;0;0;0;0;0;0;1;0;0;0;0
"29/01/2017";"07:14:00";"50";"com vítima";"285";"BR-393/RJ";"Pista Norte";"Engavetamento";3;0;0;0;0;0;0;0;0;0;7;1;1;0;0
"30/01/2017";"10:51:00";"36";"com vítima";"273.9";"BR-393/RJ";"Pista Sul";"Tombamento";0;0;1;0;0;0;0;0;0;0;0;2;1;0;0
"31/01/2017";"07:54:00";"54";"com vítima";"178";"BR-393/RJ";"Pista Norte";"Acidentes de outra natureza";0;0;0;1;0;0;0;0;0;0;0;0;1;0;0
"31/01/2017";"08:20:00";"55";"com vítima";"236.95";"BR-393/RJ";"Pista Sul";"Colisão Transversal";2;0;0;0;0;0;0;0;0;0;1;1;0;0;0
"01/02/2017";"02:21:00";"49";"com vítima";"172";"BR-393/RJ";"Pista Norte";"Acidentes de outra natureza";0;0;0;1;0;0;0;0;0;0;0;2;0;0;0
"01/02/2017";"05:21:00";"64";"com vítima";"144";"BR-393/RJ";"Pista Norte";"Acidentes de outra natureza";0;1;0;0;0;0;0;0;0;0;0;1;0;0;0
"02/02/2017";"08:39:00";"16";"sem vítima";"283";"BR-393/RJ";"Pista Norte";"Colisão com veículos (traseira)";0;0;1;0;0;0;0;0;0;1;2;0;0;0;0
"02/02/2017";"03:54:00";"42";"com vítima";"276";"BR-393/RJ";"Pista Norte";"Colisão com veículos (traseira)";1;0;1;0;0;0;0;0;0;0;1;1;0;0;0
"03/02/2017";"11:08:00";"30";"com vítima";"130.207";"BR-393/RJ";"Pista Norte";"Acidentes de outra natureza";0;0;0;1;0;0;0;0;0;0;0;1;0;0;0
"03/02/2017";"01:19:00";"40";"sem vítima";"105.952";"BR-393/RJ";"Pista Sul";"Colisão com veículos (traseira)";2;0;0;0;0;0;0;0;0;0;3;0;0;0;0
"03/02/2017";"07:04:00";"62";"com vítima";"144";"BR-393/RJ";"Pista Norte";"Colisão c/ obstáculos";1;0;0;0;0;0;0;0;0;0;0;1;0;0;0
"04/02/2017";"07:57:00";"18";"sem vítima";"260.649";"BR-393/RJ";"Pista Norte";"Capotamento";1;0;0;0;0;0;0;0;0;0;1;0;0;0;0
"04/02/2017";"10:42:00";"28";"com vítima";"103.358";"BR-393/RJ";"Pista Sul";"Colisão c/ obstáculos";1;0;0;0;0;0;0;0;0;0;0;0;1;1;0
"04/02/2017";"09:12:00";"68";"sem vítima";"243";"BR-393/RJ";"Pista Sul";"Saídas de pista";1;0;0;0;0;0;0;0;0;0;1;0;0;0;0
"05/02/2017";"12:43:00";"2";"sem vítima";"269.83";"BR-393/RJ";"Pista Sul";"Colisão c/ obstáculos";1;0;0;0;0;0;0;0;0;0;1;0;0;0;0
"05/02/2017";"08:54:00";"24";"sem vítima";"283.118";"BR-393/RJ";"Pista Sul";"Saídas de pista";1;0;0;0;0;0;0;0;0;0;2;0;0;0;0
"05/02/2017";"11:13:00";"30";"com vítima";"218.815";"BR-393/RJ";"Pista Sul";"Colisão lateral no mesmo sentido";1;0;1;0;0;0;0;0;0;0;2;2;0;0;0
"05/02/2017";"08:26:00";"65";"com vítima";"241";"BR-393/RJ";"Pista Norte";"Saídas de pista";1;0;0;0;0;0;0;0;0;0;0;1;0;0;0
"05/02/2017";"08:33:00";"67";"com vítima";"201";"BR-393/RJ";"Pista Norte";"Colisão com veículos (traseira)";2;0;0;0;0;0;0;0;0;0;0;2;0;0;0
"05/02/2017";"09:16:00";"71";"sem vítima";"144";"BR-393/RJ";"Pista Sul";"Colisão c/ obstáculos";1;0;0;0;0;0;0;0;0;0;1;0;0;0;0
"06/02/2017";"05:40:00";"56";"sem vítima";"239.5";"BR-393/RJ";"Pista Sul";"Colisão lateral no mesmo sentido";1;0;1;0;0;0;0;0;0;0;4;0;0;0;0
"07/02/2017";"04:54:00";"37";"sem vítima";"103.914";"BR-393/RJ";"Pista Sul";"Colisão com veículos (traseira)";2;0;0;0;0;0;0;0;0;0;4;0;0;0;0
"07/02/2017";"08:00:00";"51";"com vítima";"282";"BR-393/RJ";"Pista Sul";"Colisão com veículos (frontal)";1;0;0;0;0;0;0;0;0;1;1;1;0;0;0
"09/02/2017";"07:13:00";"40";"sem vítima";"283";"BR-393/RJ";"Pista Norte";"Colisão com veículos (traseira)";2;0;0;0;0;0;0;0;0;0;2;0;0;0;0
"10/02/2017";"08:54:00";"19";"com vítima";"152";"BR-393/RJ";"Pista Sul";"Tombamento";0;0;1;0;0;0;0;0;0;0;0;1;0;0;0
"10/02/2017";"12:09:00";"33";"sem vítima";"284.248";"BR-393/RJ";"Pista Sul";"Colisão lateral no mesmo sentido";2;0;0;0;0;0;0;0;0;0;2;0;0;0;0
"10/02/2017";"03:16:00";"40";"sem vítima";"195.025";"BR-393/RJ";"Pista Norte";"Colisão com veículos (traseira)";2;0;0;0;0;0;0;0;0;0;2;0;0;0;0
"11/02/2017";"10:36:00";"25";"com vítima";"161.697";"BR-393/RJ";"Pista Norte";"Tombamento";0;0;1;0;0;0;0;0;0;0;0;0;1;0;0