data;horario;n_da_ocorrencia;tipo_de_ocorrencia;km;trecho;sentido;tipo_de_acidente;automovel;bicicleta;caminhao;moto;onibus;outros;tracao_animal;transporte_de_cargas_especiais;trator_maquinas;utilitarios;ilesos;levemente_feridos;moderadamente_feridos;gravemente_feridos;mortos
"11/02/2017";"08:44:00";"48";"com vítima";"233.938";"BR-393/RJ";"Pista Norte";"Colisão com veículos (traseira)";1;0;0;1;0;0;0;0;0;0;1;0;2;0;0
"12/02/2017";"04:57:00";"22";"com vítima";"246.323";"BR-393/RJ";"Pista Sul";"Colisão com veículos (traseira)";1;0;1;0;0;0;0;0;0;0;1;0;1;0;0
"12/02/2017";"09:22:00";"64";"com vítima";"207.401";"BR-393/RJ";"Pista Sul";"Colisão c/ obstáculos";1;0;0;0;0;0;0;0;0;0;0;2;1;0;0
"13/02/2017";"01:52:00";"9";"com vítima";"241";"BR-393/RJ";"Pista Norte";"Saídas de pista";0;0;0;1;0;0;0;0;0;0;0;0;1;0;0
"15/02/2017";"07:18:00";"55";"com vítima";"282";"BR-393/RJ";"Pista Sul";"Colisão lateral no sentido contrário";1;0;0;1;0;0;0;0;0;0;1;1;0;0;0
"15/02/2017";"09:36:00";"61";"sem vítima";"282";"BR-393/RJ";"Pista Sul";"Colisão com veículos (traseira)";2;0;0;0;0;0;0;0;0;0;2;0;0;0;0
"16/02/2017";"07:45:00";"58";"sem vítima";"103.719";"BR-393/RJ";"Pista Sul";"Colisão com veículos (traseira)";0;0;1;0;0;0;0;0;0;1;3;0;0;0;0
"16/02/2017";"10:12:00";"69";"com vítima";"281";"BR-393/RJ";"Pista Norte";"Colisão com veículos (traseira)";1;0;0;1;0;0;0;0;0;0;1;2;0;0;0
"18/02/2017";"05:55:00";"44";"sem vítima";"285.5";"BR-393/RJ";"Pista Sul";"Acidentes de outra natureza";0;0;0;1;0;0;0;0;0;0;1;0;0;0;0
"19/02/2017";"05:26:00";"12";"com vítima";"165.168";"BR-393/RJ";"Pista Sul";"Colisão com veículos (frontal)";1;0;1;0;0;0;0;0;0;0;0;1;0;3;0
"20/02/2017";"12:25:00";"2";"com vítima";"244.291";"BR-393/RJ";"Pista Norte";"Colisão lateral no mesmo sentido";0;0;0;2;0;0;0;0;0;0;1;2;0;0;0
"20/02/2017";"03:31:00";"49";"com vítima";"274";"BR-393/RJ";"Pista Sul";"Tombamento";0;0;2;0;0;0;0;0;0;0;0;1;0;1;0
"21/02/2017";"09:03:00";"26";"sem vítima";"235.2";"BR-393/RJ";"Pista Sul";"Colisão lateral no mesmo sentido";2;0;0;0;0;0;0;0;0;0;2;0;0;0;0
"22/02/2017";"07:25:00";"22";"com vítima";"286.003";"BR-393/RJ";"Pista Norte";"Colisão lateral no mesmo sentido";1;0;0;1;0;0;0;0;0;0;1;1;0;0;0
"22/02/2017";"02:58:00";"44";"sem vítima";"169.706";"BR-393/RJ";"Pista Sul";"Colisão c/ obstáculos";1;0;0;0;0;0;0;0;0;0;1;0;0;0;0
"23/02/2017";"08:59:00";"73";"com vítima";"279";"BR-393/RJ";"Pista Sul";"Colisão com veículos (traseira)";0;0;2;0;0;0;0;0;0;0;0;1;1;0;0
"24/02/2017";"08:54:00";"23";"sem vítima";"286";"BR-393/RJ";"Pista Norte";"Engavetamento";3;0;0;0;0;0;0;0;0;0;3;0;0;0;0
"24/02/2017";"04:55:00";"52";"com vítima";"255";"BR-393/RJ";"Pista Norte";"Colisão lateral no mesmo sentido";1;0;0;1;0;0;0;0;0;0;1;1;0;0;0
"24/02/2017";"07:21:00";"61";"sem vítima";"284";"BR-393/RJ";"Pista Norte";"Engavetamento";3;0;0;0;0;0;0;0;0;0;3;0;0;0;0
"24/02/2017";"08:30:00";"65";"sem vítima";"250.764";"BR-393/RJ";"Pista Sul";"Saídas de pista";1;0;0;0;0;0;0;0;0;0;1;0;0;0;0
"25/02/2017";"03:13:00";"41";"com vítima";"164.738";"BR-393/RJ";"Pista Sul";"Acidentes de outra natureza";0;0;0;1;0;0;0;0;0;0;0;2;0;0;0
"25/02/2017";"04:32:00";"46";"sem vítima";"169";"BR-393/RJ";"Pista Norte";"Colisão lateral no sentido contrário";1;0;0;0;1;0;0;0;0;0;2;0;0;0;0
"26/02/2017";"12:19:00";"24";"sem vítima";"286";"BR-393/RJ";"Pista Norte";"Colisão com veículos (traseira)";2;0;0;0;0;0;0;0;0;0;5;0;0;0;0
"26/02/2017";"02:41:00";"29";"com vítima";"174";"BR-393/RJ";"Pista Sul";"Acidentes de outra natureza";0;0;0;1;0;0;0;0;0;0;0;1;0;0;0
"26/02/2017";"04:36:00";"31";"sem vítima";"175.6";"BR-393/RJ";"Pista Sul";"Saídas de pista";1;0;0;0;0;0;0;0;0;0;1;0;0;0;0
"26/02/2017";"05:37:00";"34";"sem vítima";"152";"BR-393/RJ";"Pista Norte";"Colisão c/ obstáculos";1;0;0;0;0;0;0;0;0;0;2;0;0;0;0
"26/02/2017";"11:51:00";"39";"com vítima";"139.4";"BR-393/RJ";"Pista Norte";"Saídas de pista";1;0;0;0;0;0;0;0;0;0;0;0;0;1;0
"28/02/2017";"04:03:00";"36";"com vítima";"151.916";"BR-393/RJ";"Pista Sul";"Tombamento";0;0;1;0;0;0;0;0;0;0;0;1;0;0;0
"28/02/2017";"07:20:00";"47";"com vítima";"284";"BR-393/RJ";"Pista Norte";"Colisão com veículos (traseira)";2;0;0;0;0;0;0;0;0;0;1;1;0;0;0
"28/02/2017";"09:35:00";"54";"sem vítima";"216.873";"BR-393/RJ";"Pista Sul";"Colisão lateral no mesmo sentido";1;0;1;0;0;0;0;0;0;0;6;0;0;0;0
"03/03/2017";"04:18:00";"45";"sem vítima";"245";"BR-393/RJ";"Pista Sul";"Colisão lateral no sentido contrário";2;0;0;0;0;0;0;0;0;0;5;0;0;0;0
"04/03/2017";"05:23:00";"13";"sem vítima";"272";"BR-393/RJ";"Pista Norte";"Atropelamento de animais";1;0;0;0;0;0;0;0;0;0;1;0;0;0;0
"04/03/2017";"05:32:00";"50";"com vítima";"1";"Alça Sul";"Pista Norte";"Colisão lateral no mesmo sentido";1;0;0;1;0;0;0;0;0;0;1;1;0;0;0
"05/03/2017";"05:27:00";"12";"sem vítima";"244.188";"BR-393/RJ";"Pista Sul";"Saídas de pista";1;0;0;0;0;0;0;0;0;0;1;0;0;0;0
"05/03/2017";"03:31:00";"33";"com vítima";"282";"BR-393/RJ";"Pista Sul";"Engavetamento";3;0;0;0;0;0;0;0;0;0;3;1;0;0;0
"05/03/2017";"05:53:00";"38";"sem vítima";"130";"BR-393/RJ";"Pista Norte";"Colisão c/ obstáculos";1;0;0;0;0;0;0;0;0;0;1;0;0;0;0
"05/03/2017";"08:54:00";"46";"sem vítima";"285.5";"BR-393/RJ";"Pista Norte";"Engavetamento";3;0;0;0;0;0;0;0;0;0;3;0;0;0;0
"07/03/2017";"10:37:00";"27";"sem vítima";"285.5";"BR-393/RJ";"Pista Norte";"Colisão lateral no mesmo sentido";2;0;0;0;0;0;0;0;0;0;4;0;0;0;0
"07/03/2017";"04:17:00";"48";"sem vítima";"259.1";"BR-393/RJ";"Pista Sul";"Acidentes de outra natureza";0;0;0;1;0;0;0;0;0;0;1;0;0;0;0
"07/03/2017";"09:37:00";"57";"com vítima";"285";"BR-393/RJ";"Pista Sul";"Colisão lateral no mesmo sentido";0;0;0;1;1;0;0;0;0;0;1;2;0;0;0
"08/03/2017";"12:23:00";"35";"com vítima";"124.526";"BR-393/RJ";"Pista Norte";"Tombamento";0;0;1;0;0;0;0;0;0;0;0;1;0;0;0
"08/03/2017";"03:52:00";"49";"com vítima";"211";"BR-393/RJ";"Pista Norte";"Colisão c/ obstáculos";1;0;0;0;0;0;0;0;0;0;0;1;0;0;0
"08/03/2017";"10:16:00";"66";"com vítima";"284.2";"BR-393/RJ";"Pista Sul";"Colisão com veículos (traseira)";2;0;0;0;0;0;0;0;0;0;2;1;0;0;0
"09/03/2017";"01:13:00";"38";"com vítima";"274";"BR-393/RJ";"Pista Norte";"Tombamento";0;0;1;0;0;0;0;0;0;0;0;1;0;0;0
"10/03/2017";"10:13:00";"30";"sem vítima";"125";"BR-393/RJ";"Pista Norte";"Colisão lateral no mesmo sentido";1;0;1;0;0;0;0;0;0;0;4;0;0;0;0
"10/03/2017";"11:08:00";"33";"com vítima";"268.032";"BR-393/RJ";"Pista Norte";"Colisão lateral no sentido contrário";2;0;0;0;0;0;0;0;0;0;0;4;0;0;0
"10/03/2017";"07:11:00";"66";"com vítima";"178";"BR-393/RJ";"Pista Sul";"Colisão lateral no mesmo sentido";1;0;1;0;0;0;0;0;0;0;2;1;0;0;0
"12/03/2017";"07:25:00";"15";"com vítima";"169";"BR-393/RJ";"Pista Norte";"Capotamento";1;0;0;0;0;0;0;0;0;0;0;2;0;0;0
"12/03/2017";"05:52:00";"44";"sem vítima";"275";"BR-393/RJ";"Pista Norte";"Colisão com veículos (traseira)";0;0;2;0;0;0;0;0;0;0;2;0;0;0;0
"13/03/2017";"08:12:00";"15";"com vítima";"155.483";"BR-393/RJ";"Pista Norte";"Tombamento";0;0;1;0;0;0;0;0;0;0;0;1;0;0;0
"15/03/2017";"04:24:00";"13";"sem vítima";"263";"BR-393/RJ";"Pista Sul";"Saídas de pista";0;0;1;0;0;0;0;0;0;0;1;0;0;0;0
"16/03/2017";"12:02:00";"39";"sem vítima";"143.9";"BR-393/RJ";"Pista Norte";"Colisão com veículos (traseira)";2;0;0;0;0;0;0;0;0;0;2;0;0;0;0
"16/03/2017";"07:03:00";"66";"com vítima";"187.372";"BR-393/RJ";"Pista Norte";"Colisão lateral no mesmo sentido";1;0;1;0;0;0;0;0;0;0;2;2;0;0;0
"18/03/2017";"08:25:00";"20";"com vítima";"222";"BR-393/RJ";"Pista Sul";"Colisão c/ obstáculos";1;0;0;0;0;0;0;0;0;0;0;1;0;0;0
"18/03/2017";"02:30:00";"43";"com vítima";"266";"BR-393/RJ";"Pista Sul";"Saídas de pista";1;0;0;0;0;0;0;0;0;0;0;1;0;0;0
"19/03/2017";"04:19:00";"14";"sem vítima";"244.5";"BR-393/RJ";"Pista Sul";"Saídas de pista";1;0;0;0;0;0;0;0;0;0;4;0;0;0;0
"19/03/2017";"08:18:00";"22";"sem vítima";"105.919";"BR-393/RJ";"Pista Sul";"Colisão com veículos (traseira)";1;0;1;0;0;0;0;0;0;0;5;0;0;0;0
"19/03/2017";"03:28:00";"35";"com vítima";"251.65";"BR-393/RJ";"Pista Norte";"Acidentes de outra natureza";0;0;0;1;0;0;0;0;0;0;0;2;0;0;0
"19/03/2017";"11:15:00";"59";"sem vítima";"127.605";"BR-393/RJ";"Pista Norte";"Colisão lateral no mesmo sentido";1;0;0;0;1;0;0;0;0;0;7;0;0;0;0
"20/03/2017";"05:36:00";"11";"sem vítima";"193.705";"BR-393/RJ";"Pista Norte";"Atropelamento de animais";0;0;1;0;0;0;0;0;0;0;1;0;0;0;0
"20/03/2017";"04:48:00";"49";"com vítima";"280";"BR-393/RJ";"Pista Sul";"Atropelamento de pedestre";1;1;0;0;0;0;0;0;0;0;2;1;0;0;0
"21/03/2017";"12:45:00";"10";"com vítima";"196.7";"BR-393/RJ";"Pista Norte";"Saídas de pista";1;0;0;0;0;0;0;0;0;0;0;1;0;0;0
"22/03/2017";"12:43:00";"39";"com vítima";"282.855";"BR-393/RJ";"Pista Sul";"Colisão com veículos (traseira)";2;0;0;0;0;0;0;0;0;0;1;1;0;0;0
"22/03/2017";"03:21:00";"46";"com vítima";"140";"BR-393/RJ";"Pista Norte";"Colisão com veículos (traseira)";0;0;2;0;0;0;0;0;0;0;0;3;0;0;0
"22/03/2017";"03:36:00";"48";"com vítima";"183.914";"BR-393/RJ";"Pista Norte";"Saida de Pista";1;0;0;0;0;0;0;0;0;0;0;1;0;0;0
"23/03/2017";"10:16:00";"74";"sem vítima";"116";"BR-393/RJ";"Pista Norte";"Colisão com veículos (traseira)";1;0;1;0;0;0;0;0;0;0;2;0;0;0;0
"24/03/2017";"12:59:00";"10";"com vítima";"286";"BR-393/RJ";"Pista Norte";"Colisão c/ obstáculos";1;0;1;0;0;0;0;0;0;0;0;2;0;0;0
"24/03/2017";"07:47:00";"58";"com vítima";"168";"BR-393/RJ";"Pista Sul";"Acidentes de outra natureza";0;0;0;1;0;0;0;0;0;0;0;0;1;0;0
"24/03/2017";"09:52:00";"68";"com vítima";"105";"BR-393/RJ";"Pista Norte";"Colisão lateral no sentido contrário";1;0;0;1;0;0;0;0;0;0;1;0;1;0;0
"25/03/2017";"04:21:00";"48";"sem vítima";"286";"BR-393/RJ";"Pista Norte";"Engavetamento";3;0;0;0;0;0;0;0;0;0;7;0;0;0;0
"25/03/2017";"07:32:00";"61";"sem vítima";"284";"BR-393/RJ";"Pista Norte";"Engavetamento";3;0;0;0;0;0;0;0;0;0;3;0;0;0;0
"25/03/2017";"11:34:00";"75";"sem vítima";"222";"BR-393/RJ";"Pista Norte";"Saídas de pista";1;0;0;0;0;0;0;0;0;0;2;0;0;0;0
"26/03/2017";"04:49:00";"14";"sem vítima";"181.3";"BR-393/RJ";"Pista Norte";"Saídas de pista";1;0;0;0;0;0;0;0;0;0;2;0;0;0;0
"26/03/2017";"08:39:00";"52";"com vítima";"185";"BR-393/RJ";"Pista Sul";"Atropelamento de pedestre";0;0;1;0;0;0;0;0;0;0;1;0;1;0;0
"26/03/2017";"08:55:00";"53";"com vítima";"183";"BR-393/RJ";"Pista Norte";"Colisão lateral no sentido contrário";1;0;1;0;0;0;0;0;0;0;1;1;0;0;0
"27/03/2017";"01:38:00";"2";"com vítima";"228";"BR-393/RJ";"Pista Sul";"Colisão com veículos (traseira)";1;0;0;1;0;0;0;0;0;0;1;0;1;0;0
"28/03/2017";"07:30:00";"17";"com vítima";"235.18";"BR-393/RJ";"Pista Norte";"Colisão c/ obstáculos";1;0;1;0;0;0;0;0;0;0;1;1;0;1;0
"28/03/2017";"08:23:00";"50";"com vítima";"283";"BR-393/RJ";"Pista Norte";"Colisão lateral no sentido contrário";1;0;0;1;0;0;0;0;0;0;3;1;0;0;0
"28/03/2017";"10:00:00";"55";"com vítima";"281";"BR-393/RJ";"Pista Sul";"Atropelamento de pedestre";1;0;0;0;0;0;0;0;0;0;1;1;0;0;0
"28/03/2017";"10:46:00";"56";"sem vítima";"173";"BR-393/RJ";"Pista Sul";"Saídas de pista";1;0;0;0;0;0;0;0;0;0;1;0;0;0;0
"29/03/2017";"06:18:00";"15";"com vítima";"123.489";"BR-393/RJ";"Pista Sul";"Tombamento";0;0;1;0;0;0;0;0;0;0;0;1;0;0;0
"31/03/2017";"03:38:00";"45";"com vítima";"176.928";"BR-393/RJ";"Pista Sul";"Colisão com veículos (traseira)";2;0;0;0;0;0;0;0;0;0;1;1;0;0;0
"01/04/2017";"05:49:00";"16";"sem vítima";"235";"BR-393/RJ";"Pista Norte";"Colisão com veículos (traseira)";1;0;0;1;0;0;0;0;0;0;2;0;0;0;0
"01/04/2017";"11:55:00";"34";"sem vítima";"279.789";"BR-393/RJ";"Pista Norte";"Colisão lateral no mesmo sentido";1;0;1;0;0;0;0;0;0;0;2;0;0;0;0
"02/04/2017";"01:39:00";"4";"sem vítima";"112";"BR-393/RJ";"Pista Sul";"Atropelamento de animais";1;0;0;0;0;0;0;0;0;0;1;0;0;0;0
"02/04/2017";"12:09:00";"26";"sem vítima";"229";"BR-393/RJ";"Pista Sul";"Saídas de pista";1;0;0;0;0;0;0;0;0;0;2;0;0;0;0
"02/04/2017";"07:32:00";"39";"sem vítima";"281.4";"BR-393/RJ";"Pista Norte";"Colisão com veículos (frontal)";2;0;0;0;0;0;0;0;0;0;2;0;0;0;0
"04/04/2017";"08:46:00";"21";"sem vítima";"171.225";"BR-393/RJ";"Pista Norte";"Saídas de pista";1;0;0;0;0;0;0;0;0;0;3;0;0;0;0
"05/04/2017";"05:34:00";"66";"sem vítima";"281";"BR-393/RJ";"Pista Sul";"Colisão com veículos (traseira)";1;0;1;0;0;0;0;0;0;0;2;0;0;0;0
"06/04/2017";"12:12:00";"2";"com vítima";"105";"BR-393/RJ";"Pista Norte";"Acidentes de outra natureza";0;0;0;1;0;0;0;0;0;0;0;0;1;0;0
"06/04/2017";"06:53:00";"16";"sem vítima";"185";"BR-393/RJ";"Pista Norte";"Colisão com veículos (traseira)";1;0;0;1;0;0;0;0;0;0;2;0;0;0;0
"06/04/2017";"02:25:00";"47";"com vítima";"229.784";"BR-393/RJ";"Pista Norte";"Colisão com veículos (traseira)";1;0;1;0;0;0;0;0;0;0;1;1;0;0;0
"06/04/2017";"03:49:00";"55";"com vítima";"215.9";"BR-393/RJ";"Pista Norte";"Colisão lateral no sentido contrário";2;0;0;0;0;0;0;0;0;0;0;4;0;0;0
"07/04/2017";"08:54:00";"22";"com vítima";"254.093";"BR-393/RJ";"Pista Sul";"Colisão com veículos (traseira)";2;0;0;0;0;0;0;0;0;0;0;3;0;0;0
"07/04/2017";"06:37:00";"66";"sem vítima";"284";"BR-393/RJ";"Pista Sul";"Colisão com veículos (traseira)";1;0;1;0;0;0;0;0;0;0;2;0;0;0;0
"07/04/2017";"10:32:00";"74";"sem vítima";"175";"BR-393/RJ";"Pista Norte";"Colisão c/ obstáculos";1;0;0;0;0;0;0;0;0;0;1;0;0;0;0
"08/04/2017";"05:14:00";"13";"com vítima";"254.561";"BR-393/RJ";"Pista Sul";"Colisão c/ obstáculos";1;0;0;0;0;0;0;0;0;0;0;1;0;0;0
"08/04/2017";"08:34:00";"23";"sem vítima";"255";"BR-393/RJ";"Pista Sul";"Saídas de pista";0;0;1;0;0;0;0;0;0;0;1;0;0;0;0
"08/04/2017";"10:18:00";"29";"sem vítima";"265.8";"BR-393/RJ";"Pista Norte";"Saídas de pista";1;0;0;0;0;0;0;0;0;0;2;0;0;0;0
"08/04/2017";"08:30:00";"55";"sem vítima";"203";"BR-393/RJ";"Pista Norte";"Colisão c/ obstáculos";1;0;0;0;0;0;0;0;0;0;1;0;0;0;0
"08/04/2017";"09:26:00";"59";"sem vítima";"143.629";"BR-393/RJ";"Pista Norte";"Saídas de pista";1;0;0;0;0;0;0;0;0;0;3;0;0;0;0
"09/04/2017";"12:16:00";"1";"sem vítima";"237.26";"BR-393/RJ";"Pista Sul";"Colisão lateral no sentido contrário";2;0;0;0;0;0;0;0;0;0;2;0;0;0;0
"09/04/2017";"04:08:00";"12";"com vítima";"238.814";"BR-393/RJ";"Pista Sul";"Colisão c/ obstáculos";1;0;0;0;0;0;0;0;0;0;0;2;0;0;0
"09/04/2017";"01:40:00";"29";"com vítima";"284";"BR-393/RJ";"Pista Norte";"Colisão lateral no mesmo sentido";2;0;0;0;0;0;0;0;0;0;5;1;0;0;0
"09/04/2017";"06:45:00";"39";"com vítima";"2.299";"Alça Sul";"Pista Sul";"Colisão lateral no sentido contrário";1;0;0;1;0;0;0;0;0;0;0;1;0;1;0
"09/04/2017";"08:11:00";"47";"sem vítima";"286";"BR-393/RJ";"Pista Norte";"Colisão lateral no mesmo sentido";1;0;1;0;0;0;0;0;0;0;2;0;0;0;0
"10/04/2017";"07:14:00";"15";"com vítima";"275.145";"BR-393/RJ";"Pista Sul";"Colisão com veículos (traseira)";1;0;1;0;0;0;0;0;0;0;0;2;0;0;0
"11/04/2017";"09:11:00";"25";"com vítima";"273.697";"BR-393/RJ";"Pista Norte";"Tombamento";0;0;1;0;0;0;0;0;0;0;0;1;0;0;0
"11/04/2017";"04:00:00";"45";"sem vítima";"285.263";"BR-393/RJ";"Pista Norte";"Colisão c/ obstáculos";1;0;0;0;0;0;0;0;0;0;1;0;0;0;0
"11/04/2017";"05:25:00";"50";"com vítima";"213.8";"BR-393/RJ";"Pista Sul";"Colisão com veículos (frontal)";2;0;0;0;0;0;0;0;0;0;0;2;0;1;0
"11/04/2017";"07:39:00";"57";"com vítima";"279";"BR-393/RJ";"Pista Sul";"Atropelamento de pedestre";1;0;0;0;0;0;0;0;0;0;1;1;0;0;0
"12/04/2017";"12:27:00";"32";"com vítima";"242.555";"BR-393/RJ";"Pista Sul";"Colisão c/ obstáculos";1;0;0;0;1;0;0;0;0;0;6;1;0;0;0
"12/04/2017";"06:42:00";"51";"sem vítima";"282";"BR-393/RJ";"Pista Sul";"Engavetamento";3;0;0;0;0;0;0;0;0;0;3;0;0;0;0
"13/04/2017";"05:12:00";"46";"sem vítima";"130.313";"BR-393/RJ";"Pista Norte";"Colisão c/ obstáculos";1;0;0;0;0;0;0;0;0;0;3;0;0;0;0
"13/04/2017";"09:31:00";"61";"sem vítima";"281";"BR-393/RJ";"Pista Sul";"Colisão com veículos (traseira)";1;0;0;1;0;0;0;0;0;0;2;0;0;0;0
"15/04/2017";"12:08:00";"27";"com vítima";"132.343";"BR-393/RJ";"Pista Norte";"Colisão lateral no sentido contrário";1;0;0;1;0;0;0;0;0;0;0;5;0;0;0
"15/04/2017";"06:12:00";"39";"com vítima";"228";"BR-393/RJ";"Pista Norte";"Capotamento";1;0;0;0;0;0;0;0;0;0;0;1;0;0;0
"16/04/2017";"02:52:00";"3";"com vítima";"110";"BR-393/RJ";"Pista Norte";"Acidentes de outra natureza";0;0;0;1;0;0;0;0;0;0;1;0;1;0;0
"16/04/2017";"07:22:00";"46";"sem vítima";"285";"BR-393/RJ";"Pista Sul";"Colisão lateral no mesmo sentido";2;0;0;0;0;0;0;0;0;0;2;0;0;0;0
"16/04/2017";"07:33:00";"47";"sem vítima";"242";"BR-393/RJ";"Pista Norte";"Colisão lateral no mesmo sentido";1;0;1;0;0;0;0;0;0;0;2;0;0;0;0
"17/04/2017";"07:05:00";"65";"com vítima";"185";"BR-393/RJ";"Pista Norte";"Capotamento";1;0;0;0;0;0;0;0;0;0;0;0;1;0;0
"17/04/2017";"08:13:00";"67";"sem vítima";"278";"BR-393/RJ";"Pista Sul";"Colisão lateral no mesmo sentido";2;0;0;0;0;0;0;0;0;0;2;0;0;0;0
"17/04/2017";"10:32:00";"73";"sem vítima";"246";"BR-393/RJ";"Pista Sul";"Colisão com veículos (traseira)";2;0;0;0;0;0;0;0;0;0;3;0;0;0;0
"18/04/2017";"06:25:00";"11";"com vítima";"184.823";"BR-393/RJ";"Pista Sul";"Colisão lateral no sentido contrário";0;0;1;0;0;0;0;0;0;1;3;0;1;0;0
"18/04/2017";"10:01:00";"20";"com vítima";"156.587";"BR-393/RJ";"Pista Norte";"Tombamento";0;0;1;0;0;0;0;0;0;0;0;1;0;0;0
"18/04/2017";"11:39:00";"24";"sem vítima";"125";"BR-393/RJ";"Pista Norte";"Colisão com veículos (traseira)";2;0;0;0;0;0;0;0;0;0;3;0;0;0;0
"20/04/2017";"12:58:00";"3";"com vítima";"283";"BR-393/RJ";"Pista Sul";"Colisão c/ obstáculos";0;0;0;1;0;0;0;0;0;0;0;0;0;1;0
"20/04/2017";"07:50:00";"75";"com vítima";"237.732";"BR-393/RJ";"Pista Sul";"Colisão lateral no sentido contrário";2;0;0;0;0;0;0;0;0;0;2;1;0;0;0
"20/04/2017";"08:06:00";"77";"com vítima";"232";"BR-393/RJ";"Pista Sul";"Colisão lateral no sentido contrário";1;0;0;1;0;0;0;0;0;0;0;1;0;1;0
"20/04/2017";"10:14:00";"81";"sem vítima";"285";"BR-393/RJ";"Pista Sul";"Colisão lateral no mesmo sentido";2;0;0;0;0;0;0;0;0;0;3;0;0;0;0
"21/04/2017";"08:40:00";"24";"com vítima";"228";"BR-393/RJ";"Pista Norte";"Acidentes de outra natureza";0;0;0;1;0;0;0;0;0;0;0;2;0;0;0
"21/04/2017";"08:41:00";"64";"com vítima";"277.54";"BR-393/RJ";"Pista Sul";"Atropelamento de pedestre";0;0;1;0;0;0;0;0;0;0;1;0;0;0;1
"22/04/2017";"09:45:00";"18";"com vítima";"146.395";"BR-393/RJ";"Pista Sul";"Colisão c/ obstáculos";1;0;0;0;0;0;0;0;0;0;1;1;0;0;0
"22/04/2017";"07:31:00";"41";"com vítima";"227";"BR-393/RJ";"Pista Sul";"Colisão lateral no sentido contrário";2;0;0;0;0;0;0;0;0;0;1;0;1;0;0
"23/04/2017";"12:18:00";"1";"com vítima";"286";"BR-393/RJ";"Pista Norte";"Colisão com veículos (frontal)";2;0;0;0;0;0;0;0;0;0;2;0;1;0;0
"23/04/2017";"09:47:00";"43";"com vítima";"117";"BR-393/RJ";"Pista Norte";"Colisão com veículos (frontal)";2;0;0;0;0;0;0;0;0;0;0;3;2;3;0
"24/04/2017";"07:01:00";"67";"com vítima";"284";"BR-393/RJ";"Pista Norte";"Colisão com veículos (frontal)";1;0;0;1;0;0;0;0;0;0;1;1;0;0;0
"25/04/2017";"07:42:00";"19";"com vítima";"161.727";"BR-393/RJ";"Pista Norte";"Tombamento";0;0;1;0;0;0;0;0;0;0;0;1;0;0;0
"25/04/2017";"08:43:00";"26";"com vítima";"129.508";"BR-393/RJ";"Pista Norte";"Tombamento";0;0;1;0;0;0;0;0;0;0;0;1;0;0;0
"25/04/2017";"09:24:00";"32";"sem vítima";"286";"BR-393/RJ";"Pista Sul";"Colisão com veículos (traseira)";2;0;0;0;0;0;0;0;0;0;2;0;0;0;0
"26/04/2017";"03:14:00";"48";"sem vítima";"283.072";"BR-393/RJ";"Pista Sul";"Colisão com veículos (traseira)";1;0;1;0;0;0;0;0;0;0;2;0;0;0;0
"26/04/2017";"07:36:00";"56";"sem vítima";"282";"BR-393/RJ";"Pista Norte";"Colisão lateral no sentido contrário";2;0;0;0;0;0;0;0;0;0;2;0;0;0;0
"27/04/2017";"07:01:00";"48";"com vítima";"281.894";"BR-393/RJ";"Pista Sul";"Colisão com veículos (frontal)";1;0;1;0;0;0;0;0;0;0;1;1;0;1;1
"28/04/2017";"01:57:00";"3";"sem vítima";"193";"BR-393/RJ";"Pista Norte";"Colisão com veículos (traseira)";2;0;0;0;0;0;0;0;0;0;5;0;0;0;0
"29/04/2017";"11:46:00";"44";"com vítima";"124";"BR-393/RJ";"Pista Sul";"Colisão com veículos (frontal)";1;0;0;1;0;0;0;0;0;0;2;1;0;0;0
"30/04/2017";"08:36:00";"48";"sem vítima";"127.3";"BR-393/RJ";"Pista Norte";"Colisão c/ obstáculos";1;0;0;0;0;0;0;0;0;0;1;0;0;0;0
"01/05/2017";"09:35:00";"14";"sem vítima";"120.498";"BR-393/RJ";"Pista Sul";"Engavetamento";3;0;0;0;0;0;0;0;0;0;10;0;0;0;0
"02/05/2017";"02:23:00";"11";"sem vítima";"280.404";"BR-393/RJ";"Pista Sul";"Atropelamento de animais";1;0;0;0;0;0;0;0;0;0;1;0;0;0;0
"03/05/2017";"07:30:00";"67";"com vítima";"235";"BR-393/RJ";"Pista Norte";"Colisão lateral no sentido contrário";1;0;0;1;0;0;0;0;0;0;1;2;0;0;0