data;horario;n_da_ocorrencia;tipo_de_ocorrencia;km;trecho;sentido;tipo_de_acidente;automovel;bicicleta;caminhao;moto;onibus;outros;tracao_animal;transporte_de_cargas_especiais;trator_maquinas;utilitarios;ilesos;levemente_feridos;moderadamente_feridos;gravemente_feridos;mortos
"04/05/2017";"07:10:00";"18";"com vítima";"262.947";"BR-393/RJ";"Pista Sul";"Saídas de pista";1;0;0;0;0;0;0;0;0;0;1;1;0;0;0
"04/05/2017";"08:23:00";"24";"com vítima";"286.002";"BR-393/RJ";"Pista Sul";"Colisão com veículos (traseira)";1;0;0;1;0;0;0;0;0;0;1;1;0;0;0
"04/05/2017";"08:19:00";"63";"sem vítima";"195";"BR-393/RJ";"Pista Norte";"Colisão lateral no mesmo sentido";2;0;0;0;0;0;0;0;0;0;3;0;0;0;0
"05/05/2017";"03:24:00";"50";"sem vítima";"285.59";"BR-393/RJ";"Pista Norte";"Colisão com veículos (traseira)";1;0;0;0;1;0;0;0;0;0;2;0;0;0;0
"05/05/2017";"04:43:00";"52";"sem vítima";"172.155";"BR-393/RJ";"Pista Norte";"Capotamento";1;0;0;0;0;0;0;0;0;0;1;0;0;0;0
"06/05/2017";"08:06:00";"21";"com vítima";"178";"BR-393/RJ";"Pista Norte";"Colisão com veículos (traseira)";2;0;0;0;0;0;0;0;0;0;2;2;0;0;0
"06/05/2017";"09:05:00";"23";"com vítima";"146.505";"BR-393/RJ";"Pista Norte";"Capotamento";1;0;0;0;0;0;0;0;0;0;0;1;0;0;0
"06/05/2017";"02:51:00";"39";"com vítima";"168.9";"BR-393/RJ";"Pista Norte";"Colisão lateral no mesmo sentido";2;0;0;0;0;0;0;0;0;0;1;2;0;0;0
"06/05/2017";"06:55:00";"56";"com vítima";"106.7";"BR-393/RJ";"Pista Norte";"Colisão lateral no mesmo sentido";1;0;0;1;0;0;0;0;0;0;1;0;0;1;0
"06/05/2017";"10:09:00";"62";"com vítima";"281.07";"BR-393/RJ";"Pista Norte";"Atropelamento de pedestre";0;0;1;0;0;0;0;0;0;0;1;0;0;0;1
"07/05/2017";"04:32:00";"16";"sem vítima";"266.6";"BR-393/RJ";"Pista Norte";"Colisão c/ obstáculos";1;0;0;0;0;0;0;0;0;0;1;0;0;0;0
"07/05/2017";"11:28:00";"27";"com vítima";"195";"BR-393/RJ";"Pista Sul";"Colisão com veículos (traseira)";0;0;2;0;0;0;0;0;0;0;1;1;0;0;0
"08/05/2017";"10:20:00";"30";"com vítima";"246.428";"BR-393/RJ";"Pista Norte";"Colisão com veículos (traseira)";2;0;0;0;0;0;0;0;0;0;3;1;0;0;0
"09/05/2017";"03:52:00";"14";"sem vítima";"195.056";"BR-393/RJ";"Pista Norte";"Colisão com veículos (traseira)";0;0;1;0;1;0;0;0;0;0;31;0;0;0;0
"10/05/2017";"07:53:00";"61";"sem vítima";"167.642";"BR-393/RJ";"Pista Sul";"Colisão com veículos (traseira)";1;0;1;0;0;0;0;0;0;0;2;0;0;0;0
"11/05/2017";"02:05:00";"3";"com vítima";"189.097";"BR-393/RJ";"Pista Norte";"Capotamento";1;0;0;0;0;0;0;0;0;0;0;1;0;0;0
"11/05/2017";"10:50:00";"32";"sem vítima";"266";"BR-393/RJ";"Pista Sul";"Colisão com veículos (traseira)";1;0;0;0;1;0;0;0;0;0;3;0;0;0;0
"12/05/2017";"08:37:00";"23";"com vítima";"182.349";"BR-393/RJ";"Pista Norte";"Capotamento";2;0;0;0;0;0;0;0;0;0;1;1;0;0;0
"12/05/2017";"11:38:00";"33";"com vítima";"258.068";"BR-393/RJ";"Pista Norte";"Capotamento";1;0;0;0;0;0;0;0;0;0;0;1;0;0;0
"12/05/2017";"01:02:00";"37";"com vítima";"168.05";"BR-393/RJ";"Pista Sul";"Colisão lateral no sentido contrário";2;0;0;0;0;0;0;0;0;0;1;2;0;0;0
"13/05/2017";"02:36:00";"32";"sem vítima";"283.996";"BR-393/RJ";"Pista Sul";"Colisão lateral no mesmo sentido";1;0;0;1;0;0;0;0;0;0;2;0;0;0;0
"14/05/2017";"04:29:00";"54";"sem vítima";"227";"BR-393/RJ";"Pista Norte";"Acidentes de outra natureza";0;0;0;1;0;0;0;0;0;0;1;0;0;0;0
"14/05/2017";"08:18:00";"69";"sem vítima";"217.578";"BR-393/RJ";"Pista Sul";"Saídas de pista";1;0;0;0;0;0;0;0;0;0;1;0;0;0;0
"15/05/2017";"06:42:00";"68";"sem vítima";"285";"BR-393/RJ";"Pista Sul";"Colisão lateral no mesmo sentido";1;0;1;0;0;0;0;0;0;0;2;0;0;0;0
"16/05/2017";"12:33:00";"42";"com vítima";"237.5";"BR-393/RJ";"Pista Norte";"Acidentes de outra natureza";0;0;0;1;0;0;0;0;0;0;0;1;0;0;0
"16/05/2017";"11:37:00";"68";"sem vítima";"152.032";"BR-393/RJ";"Pista Norte";"Colisão c/ obstáculos";0;0;1;0;0;0;0;0;0;0;1;0;0;0;0
"18/05/2017";"06:45:00";"14";"com vítima";"151.97";"BR-393/RJ";"Pista Norte";"Colisão com veículos (traseira)";0;0;2;0;0;0;0;0;0;0;1;2;0;0;0
"18/05/2017";"01:23:00";"38";"sem vítima";"155.42";"BR-393/RJ";"Pista Norte";"Acidentes de outra natureza";0;0;0;1;0;0;0;0;0;0;1;0;0;0;0
"18/05/2017";"01:50:00";"40";"com vítima";"281.543";"BR-393/RJ";"Pista Norte";"Colisão com veículos (traseira)";2;0;0;0;0;0;0;0;0;0;0;2;0;0;0
"19/05/2017";"06:38:00";"15";"com vítima";"266.646";"BR-393/RJ";"Pista Sul";"Colisão com veículos (traseira)";1;0;1;0;0;0;0;0;0;0;1;1;0;0;0
"19/05/2017";"07:40:00";"18";"sem vítima";"281.475";"BR-393/RJ";"Pista Sul";"Colisão lateral no sentido contrário";2;0;0;0;0;0;0;0;0;0;2;0;0;0;0
"19/05/2017";"10:09:00";"24";"sem vítima";"152";"BR-393/RJ";"Pista Sul";"Saídas de pista";1;0;0;0;0;0;0;0;0;0;1;0;0;0;0
"19/05/2017";"12:24:00";"29";"com vítima";"123.132";"BR-393/RJ";"Pista Sul";"Tombamento";0;0;0;0;0;0;0;0;0;1;0;1;0;0;0
"19/05/2017";"01:26:00";"35";"sem vítima";"198.369";"BR-393/RJ";"Pista Norte";"Capotamento";1;0;0;0;0;0;0;0;0;0;1;0;0;0;0
"20/05/2017";"08:32:00";"54";"sem vítima";"286";"BR-393/RJ";"Pista Norte";"Colisão lateral no mesmo sentido";1;0;0;1;0;0;0;0;0;0;2;0;0;0;0
"21/05/2017";"12:41:00";"4";"com vítima";"284";"BR-393/RJ";"Pista Norte";"Colisão lateral no sentido contrário";1;0;1;0;0;0;0;0;0;0;0;2;0;0;0
"21/05/2017";"01:20:00";"5";"com vítima";"281";"BR-393/RJ";"Pista Sul";"Colisão com veículos (traseira)";2;0;0;0;0;0;0;0;0;0;0;3;0;0;0
"21/05/2017";"03:22:00";"43";"sem vítima";"286.3";"BR-393/RJ";"Pista Sul";"Colisão com veículos (traseira)";2;0;0;0;0;0;0;0;0;0;5;0;0;0;0
"21/05/2017";"11:03:00";"54";"com vítima";"280.6";"BR-393/RJ";"Pista Norte";"Colisão lateral no mesmo sentido";1;0;0;1;0;0;0;0;0;0;1;1;0;0;0
"22/05/2017";"12:53:00";"3";"sem vítima";"284";"BR-393/RJ";"Pista Norte";"Colisão c/ obstáculos";1;0;0;0;0;0;0;0;0;0;1;0;0;0;0
"22/05/2017";"12:58:00";"4";"com vítima";"255.3";"BR-393/RJ";"Pista Norte";"Colisão com veículos (frontal)";1;0;0;1;0;0;0;0;0;0;1;1;0;0;0
"22/05/2017";"08:56:00";"27";"sem vítima";"103.727";"BR-393/RJ";"Pista Norte";"Colisão lateral no mesmo sentido";1;0;1;0;0;0;0;0;0;0;3;0;0;0;0
"22/05/2017";"09:32:00";"34";"com vítima";"236.57";"BR-393/RJ";"Pista Norte";"Colisão lateral no sentido contrário";1;0;1;0;0;0;0;0;0;0;3;3;0;0;0
"22/05/2017";"12:50:00";"49";"com vítima";"190.9";"BR-393/RJ";"Pista Norte";"Saídas de pista";1;0;0;0;0;0;0;0;0;0;0;1;0;0;0
"22/05/2017";"04:07:00";"59";"com vítima";"103.5";"BR-393/RJ";"Pista Norte";"Colisão com veículos (traseira)";2;0;0;0;0;0;0;0;0;0;2;1;0;0;0
"23/05/2017";"05:12:00";"17";"sem vítima";"284";"BR-393/RJ";"Pista Sul";"Saídas de pista";1;0;0;0;0;0;0;0;0;0;1;0;0;0;0
"23/05/2017";"08:21:00";"25";"sem vítima";"285";"BR-393/RJ";"Pista Sul";"Colisão com veículos (traseira)";2;0;0;0;0;0;0;0;0;0;3;0;0;0;0
"24/05/2017";"09:58:00";"65";"sem vítima";"168";"BR-393/RJ";"Pista Norte";"Colisão com veículos (traseira)";2;0;0;0;0;0;0;0;0;0;2;0;0;0;0
"24/05/2017";"10:02:00";"66";"com vítima";"179";"BR-393/RJ";"Pista Norte";"Colisão lateral no sentido contrário";1;0;1;0;0;0;0;0;0;0;1;1;0;0;0
"25/05/2017";"02:26:00";"44";"com vítima";"157.907";"BR-393/RJ";"Pista Norte";"Colisão c/ obstáculos";1;0;0;0;0;0;0;0;0;0;0;1;0;0;0
"25/05/2017";"11:09:00";"67";"sem vítima";"284";"BR-393/RJ";"Pista Sul";"Colisão com veículos (traseira)";2;0;0;0;0;0;0;0;0;0;2;0;0;0;0
"26/05/2017";"12:08:00";"1";"sem vítima";"281";"BR-393/RJ";"Pista Norte";"Colisão lateral no mesmo sentido";1;0;0;1;0;0;0;0;0;0;2;0;0;0;0
"27/05/2017";"06:49:00";"49";"sem vítima";"283.3";"BR-393/RJ";"Pista Norte";"Colisão com veículos (traseira)";2;0;0;0;0;0;0;0;0;0;2;0;0;0;0
"27/05/2017";"09:59:00";"59";"sem vítima";"232";"BR-393/RJ";"Pista Norte";"Colisão com veículos (frontal)";2;0;0;0;0;0;0;0;0;0;2;0;0;0;0
"27/05/2017";"10:50:00";"63";"com vítima";"178";"BR-393/RJ";"Pista Norte";"Colisão com veículos (traseira)";2;0;0;0;0;0;0;0;0;0;3;2;0;0;0
"28/05/2017";"10:53:00";"26";"com vítima";"157.477";"BR-393/RJ";"Pista Norte";"Acidentes de outra natureza";0;0;0;1;0;0;0;0;0;0;0;1;0;0;0
"28/05/2017";"05:13:00";"42";"sem vítima";"132.591";"BR-393/RJ";"Pista Norte";"Colisão lateral no sentido contrário";0;0;1;0;0;0;0;0;0;1;2;0;0;0;0
"29/05/2017";"12:41:00";"26";"sem vítima";"168.4";"BR-393/RJ";"Pista Sul";"Colisão com veículos (traseira)";2;0;0;0;0;0;0;0;0;0;3;0;0;0;0
"29/05/2017";"08:13:00";"57";"sem vítima";"134";"BR-393/RJ";"Pista Sul";"Colisão com veículos (traseira)";2;0;0;0;0;0;0;0;0;0;2;0;0;0;0
"30/05/2017";"06:22:00";"67";"com vítima";"195";"BR-393/RJ";"Pista Norte";"Colisão com veículos (traseira)";0;0;1;1;0;0;0;0;0;0;2;1;0;0;0
"31/05/2017";"01:56:00";"38";"com vítima";"146.386";"BR-393/RJ";"Pista Sul";"Capotamento";1;0;0;0;0;0;0;0;0;0;1;3;0;0;0
"01/06/2017";"12:22:00";"3";"com vítima";"255.95";"BR-393/RJ";"Pista Sul";"Atropelamento de pedestre";1;0;0;0;0;0;0;0;0;0;1;0;0;1;0
"01/06/2017";"10:39:00";"35";"com vítima";"278.803";"BR-393/RJ";"Pista Sul";"Colisão com veículos (traseira)";2;0;0;0;0;0;0;0;0;0;1;1;0;0;0
"01/06/2017";"12:27:00";"44";"com vítima";"105.682";"BR-393/RJ";"Pista Sul";"Colisão com veículos (traseira)";2;0;0;0;0;0;0;0;0;0;1;1;0;0;0
"02/06/2017";"02:34:00";"37";"com vítima";"147.494";"BR-393/RJ";"Pista Sul";"Colisão lateral no sentido contrário";0;0;2;0;0;0;0;0;0;0;0;3;0;0;0
"02/06/2017";"02:44:00";"39";"com vítima";"155.594";"BR-393/RJ";"Pista Sul";"Colisão com veículos (traseira)";1;0;1;0;0;0;0;0;0;0;0;2;1;0;0
"02/06/2017";"06:09:00";"49";"sem vítima";"265";"BR-393/RJ";"Pista Sul";"Colisão lateral no mesmo sentido";1;0;1;0;0;0;0;0;0;0;5;0;0;0;0
"02/06/2017";"10:07:00";"56";"com vítima";"285.2";"BR-393/RJ";"Pista Norte";"Colisão lateral no mesmo sentido";1;0;0;1;0;0;0;0;0;0;1;0;1;0;0
"03/06/2017";"12:22:00";"1";"com vítima";"105.04";"BR-393/RJ";"Pista Sul";"Atropelamento de pedestre";1;0;0;0;0;0;0;0;0;0;1;1;0;0;1
"03/06/2017";"10:12:00";"56";"sem vítima";"228";"BR-393/RJ";"Pista Norte";"Capotamento";1;0;0;0;0;0;0;0;0;0;1;0;0;0;0
"04/06/2017";"02:02:00";"2";"sem vítima";"284.395";"BR-393/RJ";"Pista Sul";"Saídas de pista";1;0;0;0;0;0;0;0;0;0;1;0;0;0;0
"04/06/2017";"05:59:00";"62";"sem vítima";"280";"BR-393/RJ";"Pista Sul";"Engavetamento";3;0;0;0;0;0;0;0;0;0;3;0;0;0;0
"04/06/2017";"06:01:00";"63";"com vítima";"164.772";"BR-393/RJ";"Pista Sul";"Colisão com veículos (frontal)";0;0;0;1;1;0;0;0;0;0;0;1;0;0;1
"04/06/2017";"06:09:00";"64";"com vítima";"187.1";"BR-393/RJ";"Pista Sul";"Capotamento";1;0;0;0;0;0;0;0;0;0;0;1;2;0;0
"05/06/2017";"02:55:00";"49";"com vítima";"261.923";"BR-393/RJ";"Pista Norte";"Capotamento";1;0;0;0;0;0;0;0;0;0;0;0;1;0;0
"06/06/2017";"10:45:00";"53";"com vítima";"155.5";"BR-393/RJ";"Pista Norte";"Atropelamento de animais";0;0;0;1;0;0;0;0;0;0;0;0;1;0;0
"08/06/2017";"02:24:00";"43";"sem vítima";"280";"BR-393/RJ";"Pista Norte";"Acidentes de outra natureza";0;0;0;0;0;0;0;0;0;0;0;0;0;0;0
"09/06/2017";"05:05:00";"57";"sem vítima";"265";"BR-393/RJ";"Pista Norte";"Colisão com veículos (traseira)";1;0;1;0;0;0;0;0;0;0;2;0;0;0;0
"10/06/2017";"04:07:00";"49";"sem vítima";"286";"BR-393/RJ";"Pista Norte";"Engavetamento";3;0;0;0;0;0;0;0;0;0;3;0;0;0;0
"10/06/2017";"06:59:00";"57";"sem vítima";"285.5";"BR-393/RJ";"Pista Norte";"Colisão lateral no sentido contrário";2;0;0;0;0;0;0;0;0;0;2;0;0;0;0
"11/06/2017";"04:14:00";"16";"sem vítima";"285.47";"BR-393/RJ";"Pista Sul";"Colisão c/ obstáculos";1;0;0;0;0;0;0;0;0;0;1;0;0;0;0
"11/06/2017";"04:51:00";"17";"com vítima";"132.9";"BR-393/RJ";"Pista Norte";"Colisão com veículos (frontal)";1;0;0;1;0;0;0;0;0;0;1;0;1;0;0
"12/06/2017";"08:11:00";"71";"sem vítima";"282";"BR-393/RJ";"Pista Sul";"Colisão com veículos (frontal)";2;0;0;0;0;0;0;0;0;0;2;0;0;0;0
"13/06/2017";"08:57:00";"28";"sem vítima";"265.201";"BR-393/RJ";"Pista Sul";"Colisão com veículos (traseira)";0;0;2;0;0;0;0;0;0;0;2;0;0;0;0
"13/06/2017";"10:00:00";"36";"com vítima";"237.172";"BR-393/RJ";"Pista Sul";"Colisão lateral no sentido contrário";0;1;0;1;0;0;0;0;0;0;0;1;1;0;0
"13/06/2017";"02:29:00";"48";"com vítima";"160";"BR-393/RJ";"Pista Sul";"Colisão lateral no mesmo sentido";0;0;1;1;0;0;0;0;0;0;1;2;0;0;0
"13/06/2017";"06:12:00";"57";"com vítima";"280";"BR-393/RJ";"Pista Norte";"Colisão com veículos (traseira)";1;0;0;1;0;0;0;0;0;0;1;0;1;0;0
"13/06/2017";"07:12:00";"60";"sem vítima";"285";"BR-393/RJ";"Pista Norte";"Colisão com veículos (traseira)";2;0;0;0;0;0;0;0;0;0;2;0;0;0;0
"13/06/2017";"08:41:00";"63";"sem vítima";"246";"BR-393/RJ";"Pista Norte";"Saídas de pista";1;0;0;0;0;0;0;0;0;0;1;0;0;0;0
"13/06/2017";"08:45:00";"64";"sem vítima";"239";"BR-393/RJ";"Pista Norte";"Colisão com veículos (traseira)";2;0;0;0;0;0;0;0;0;0;6;0;0;0;0
"13/06/2017";"09:46:00";"66";"com vítima";"281.9";"BR-393/RJ";"Pista Norte";"Colisão com veículos (frontal)";1;0;0;0;1;0;0;0;0;0;2;0;1;0;0
"14/06/2017";"05:44:00";"13";"sem vítima";"181.2";"BR-393/RJ";"Pista Norte";"Colisão c/ obstáculos";0;0;1;0;0;0;0;0;0;0;2;0;0;0;0
"14/06/2017";"08:41:00";"23";"sem vítima";"155.488";"BR-393/RJ";"Pista Norte";"Tombamento";0;0;1;0;0;0;0;0;0;0;1;0;0;0;0
"14/06/2017";"08:45:00";"24";"sem vítima";"285";"BR-393/RJ";"Pista Sul";"Colisão Traseira";2;0;0;0;0;0;0;0;0;0;2;0;0;0;0
"15/06/2017";"08:29:00";"21";"com vítima";"151.869";"BR-393/RJ";"Pista Sul";"Tombamento";0;0;1;0;0;0;0;0;0;0;0;1;0;0;0
"15/06/2017";"10:34:00";"66";"com vítima";"282.283";"BR-393/RJ";"Pista Norte";"Colisão com veículos (traseira)";1;0;0;1;0;0;0;0;0;0;1;0;1;0;0
"16/06/2017";"05:21:00";"23";"com vítima";"229.804";"BR-393/RJ";"Pista Sul";"Capotamento";1;0;0;0;0;0;0;0;0;0;0;1;0;0;0
"16/06/2017";"07:29:00";"26";"sem vítima";"195.933";"BR-393/RJ";"Pista Norte";"Colisão c/ obstáculos";1;0;0;0;0;0;0;0;0;0;2;0;0;0;0
"16/06/2017";"11:40:00";"44";"com vítima";"282.8";"BR-393/RJ";"Pista Sul";"Colisão com veículos (frontal)";0;0;0;2;0;0;0;0;0;0;0;0;1;1;0
"16/06/2017";"02:50:00";"50";"sem vítima";"256.8";"BR-393/RJ";"Pista Norte";"Colisão lateral no mesmo sentido";1;0;1;1;0;0;0;0;0;0;3;0;0;0;0
"17/06/2017";"09:43:00";"27";"com vítima";"262.812";"BR-393/RJ";"Pista Norte";"Tombamento";0;0;1;0;0;0;0;0;0;0;0;0;1;0;0
"17/06/2017";"01:44:00";"36";"sem vítima";"170.45";"BR-393/RJ";"Pista Norte";"Colisão c/ obstáculos";1;0;0;0;0;0;0;0;0;0;1;0;0;0;0
"18/06/2017";"02:50:00";"10";"com vítima";"105.85";"BR-393/RJ";"Pista Sul";"Atropelamento de pedestre";1;1;0;0;0;0;0;0;0;0;2;0;1;0;0
"18/06/2017";"06:20:00";"15";"com vítima";"280.669";"BR-393/RJ";"Pista Sul";"Colisão com veículos (frontal)";2;0;0;0;0;0;0;0;0;0;0;7;0;0;0
"18/06/2017";"09:47:00";"54";"sem vítima";"284.3";"BR-393/RJ";"Pista Norte";"Colisão com veículos (traseira)";2;0;0;0;0;0;0;0;0;0;2;0;0;0;0
"19/06/2017";"12:27:00";"47";"sem vítima";"125.9";"BR-393/RJ";"Pista Norte";"Colisão com veículos (traseira)";2;0;0;0;0;0;0;0;0;0;3;0;0;0;0
"21/06/2017";"05:00:00";"5";"com vítima";"134.322";"BR-393/RJ";"Pista Sul";"Colisão lateral no mesmo sentido";2;0;0;0;0;0;0;0;0;0;4;1;0;0;0
"21/06/2017";"07:13:00";"15";"sem vítima";"140.33";"BR-393/RJ";"Pista Sul";"Colisão c/ obstáculos";1;0;0;0;0;0;0;0;0;0;1;0;0;0;0
"23/06/2017";"08:48:00";"28";"com vítima";"251.353";"BR-393/RJ";"Pista Norte";"Colisão com veículos (frontal)";2;0;0;0;0;0;0;0;0;0;0;0;3;0;2
"23/06/2017";"03:23:00";"56";"com vítima";"280";"BR-393/RJ";"Pista Sul";"Colisão com veículos (traseira)";1;0;1;0;0;0;0;0;0;0;2;1;0;0;0
"23/06/2017";"04:46:00";"62";"sem vítima";"175.608";"BR-393/RJ";"Pista Sul";"Colisão com veículos (traseira)";1;0;1;0;0;0;0;0;0;0;2;0;0;0;0
"23/06/2017";"06:26:00";"70";"sem vítima";"255.637";"BR-393/RJ";"Pista Norte";"Colisão c/ obstáculos";0;0;1;0;0;0;0;0;0;0;1;0;0;0;0
"24/06/2017";"12:01:00";"37";"sem vítima";"285";"BR-393/RJ";"Pista Sul";"Colisão lateral no sentido contrário";1;0;1;0;0;0;0;0;0;0;3;0;0;0;0
"24/06/2017";"01:00:00";"39";"sem vítima";"281.286";"BR-393/RJ";"Pista Sul";"Colisão lateral no sentido contrário";1;0;1;0;0;0;0;0;0;0;2;0;0;0;0
"24/06/2017";"02:01:00";"40";"sem vítima";"283";"BR-393/RJ";"Pista Sul";"Colisão com veículos (traseira)";2;0;0;0;0;0;0;0;0;0;6;0;0;0;0
"24/06/2017";"09:26:00";"62";"com vítima";"155";"BR-393/RJ";"Pista Norte";"Acidentes de outra natureza";0;0;0;1;0;0;0;0;0;0;0;0;1;0;0
"24/06/2017";"10:34:00";"65";"com vítima";"140";"BR-393/RJ";"Pista Norte";"Engavetamento";2;0;1;0;0;0;0;0;0;0;1;2;0;0;0
"25/06/2017";"06:31:00";"20";"com vítima";"280.146";"BR-393/RJ";"Pista Sul";"Colisão com veículos (traseira)";1;0;0;0;0;0;0;0;0;1;3;1;1;0;0
"25/06/2017";"07:39:00";"23";"sem vítima";"235.952";"BR-393/RJ";"Pista Norte";"Colisão com veículos (traseira)";2;0;0;0;0;0;0;0;0;0;2;0;0;0;0
"25/06/2017";"10:10:00";"30";"sem vítima";"195.149";"BR-393/RJ";"Pista Norte";"Colisão com veículos (traseira)";1;0;1;0;0;0;0;0;0;0;5;0;0;0;0
"25/06/2017";"05:43:00";"51";"com vítima";"240";"BR-393/RJ";"Pista Sul";"Colisão lateral no sentido contrário";1;0;0;1;0;0;0;0;0;0;2;3;0;0;1
"25/06/2017";"06:37:00";"52";"com vítima";"146";"BR-393/RJ";"Pista Sul";"Acidentes de outra natureza";0;0;0;1;0;0;0;0;0;0;0;1;0;0;0
"25/06/2017";"09:18:00";"60";"com vítima";"191";"BR-393/RJ";"Pista Sul";"Saídas de pista";1;0;0;0;0;0;0;0;0;0;0;1;0;0;0
"25/06/2017";"10:06:00";"63";"sem vítima";"269";"BR-393/RJ";"Pista Norte";"Colisão c/ obstáculos";1;0;0;0;0;0;0;0;0;0;1;0;0;0;0
"25/06/2017";"11:26:00";"64";"sem vítima";"152.108";"BR-393/RJ";"Pista Sul";"Tombamento";0;0;1;0;0;0;0;0;0;0;1;0;0;0;0
"27/06/2017";"05:15:00";"19";"com vítima";"218";"BR-393/RJ";"Pista Sul";"Colisão com veículos (traseira)";0;0;2;0;0;0;0;0;0;0;2;2;0;0;0
"27/06/2017";"11:56:00";"45";"com vítima";"282.272";"BR-393/RJ";"Pista Sul";"Colisão lateral no sentido contrário";1;0;0;1;0;0;0;0;0;0;1;1;0;0;0
"27/06/2017";"05:03:00";"61";"sem vítima";"257";"BR-393/RJ";"Pista Sul";"Acidentes de outra natureza";1;0;1;0;0;0;0;0;0;0;2;0;0;0;0
"27/06/2017";"08:25:00";"70";"sem vítima";"283";"BR-393/RJ";"Pista Norte";"Engavetamento";2;0;1;0;0;0;0;0;0;0;4;0;0;0;0
"28/06/2017";"03:46:00";"50";"sem vítima";"208.365";"BR-393/RJ";"Pista Norte";"Colisão com veículos (traseira)";1;0;1;0;0;0;0;0;0;0;3;0;0;0;0
"28/06/2017";"05:00:00";"58";"com vítima";"256.747";"BR-393/RJ";"Pista Norte";"Colisão lateral no sentido contrário";1;0;0;1;0;0;0;0;0;0;1;0;1;0;0
"29/06/2017";"06:42:00";"15";"sem vítima";"221.267";"BR-393/RJ";"Pista Sul";"Tombamento";0;0;1;0;0;0;0;0;0;0;2;0;0;0;0
"30/06/2017";"02:52:00";"12";"sem vítima";"168.6";"BR-393/RJ";"Pista Norte";"Colisão c/ obstáculos";1;0;0;0;0;0;0;0;0;0;3;0;0;0;0
"30/06/2017";"09:35:00";"35";"sem vítima";"236";"BR-393/RJ";"Pista Sul";"Colisão com veículos (traseira)";1;0;1;0;0;0;0;0;0;0;2;0;0;0;0
"30/06/2017";"05:11:00";"68";"com vítima";"286";"BR-393/RJ";"Pista Norte";"Colisão lateral no sentido contrário";2;0;0;0;0;0;0;0;0;0;1;2;0;0;0
"01/07/2017";"04:06:00";"12";"com vítima";"102.7";"BR-393/RJ";"Pista Sul";"Colisão c/ obstáculos";1;0;0;0;0;0;0;0;0;0;2;1;0;0;0
"01/07/2017";"07:52:00";"16";"sem vítima";"273";"BR-393/RJ";"Pista Sul";"Colisão lateral no mesmo sentido";2;0;0;0;0;0;0;0;0;0;2;0;0;0;0
"01/07/2017";"06:47:00";"57";"com vítima";"132";"BR-393/RJ";"Pista Norte";"Colisão lateral no mesmo sentido";0;0;0;1;0;0;0;0;0;1;1;0;0;1;0
"01/07/2017";"07:40:00";"60";"sem vítima";"285";"BR-393/RJ";"Pista Sul";"Colisão com veículos (traseira)";1;0;1;0;0;0;0;0;0;0;2;0;0;0;0
"01/07/2017";"08:15:00";"62";"com vítima";"274";"BR-393/RJ";"Pista Sul";"Acidentes de outra natureza";0;0;0;1;0;0;0;0;0;0;1;1;0;0;0
"02/07/2017";"11:10:00";"32";"com vítima";"282";"BR-393/RJ";"Pista Sul";"Colisão lateral no sentido contrário";1;0;0;1;0;0;0;0;0;0;1;1;0;0;0
"02/07/2017";"06:33:00";"44";"sem vítima";"282.4";"BR-393/RJ";"Pista Sul";"Engavetamento";3;0;0;0;0;0;0;0;0;0;4;0;0;0;0
"02/07/2017";"07:28:00";"46";"sem vítima";"230.7";"BR-393/RJ";"Pista Sul";"Saídas de pista";1;0;0;0;0;0;0;0;0;0;2;0;0;0;0
"03/07/2017";"03:59:00";"57";"sem vítima";"255.715";"BR-393/RJ";"Pista Sul";"Colisão lateral no sentido contrário";2;0;0;0;0;0;0;0;0;0;3;0;0;0;0
"03/07/2017";"07:25:00";"72";"com vítima";"153.42";"BR-393/RJ";"Pista Sul";"Atropelamento de animais";0;0;1;0;0;0;0;0;0;0;0;1;0;0;0
"04/07/2017";"05:05:00";"13";"com vítima";"126.302";"BR-393/RJ";"Pista Norte";"Colisão com veículos (traseira)";1;0;1;0;0;0;0;0;0;0;1;0;1;0;0
"04/07/2017";"10:16:00";"33";"com vítima";"205.962";"BR-393/RJ";"Pista Norte";"Colisão lateral no mesmo sentido";2;0;2;0;0;0;0;0;0;0;3;1;1;0;0