data;horario;n_da_ocorrencia;tipo_de_ocorrencia;km;trecho;sentido;tipo_de_acidente;automovel;bicicleta;caminhao;moto;onibus;outros;tracao_animal;transporte_de_cargas_especiais;trator_maquinas;utilitarios;ilesos;levemente_feridos;moderadamente_feridos;gravemente_feridos;mortos
"13/09/2017";"09:09:00";"56";"sem vítima";"164";"BR-393/RJ";"Pista Norte";"Colisão c/ obstáculos";1;0;0;0;0;0;0;0;0;0;1;0;0;0;0
"14/09/2017";"02:20:00";"53";"com vítima";"265.178";"BR-393/RJ";"Pista Sul";"Colisão com veículos (traseira)";1;0;1;0;0;0;0;0;0;0;0;4;0;0;0
"14/09/2017";"05:13:00";"66";"com vítima";"233.944";"BR-393/RJ";"Pista Norte";"Colisão lateral no sentido contrário";1;0;0;1;0;0;0;0;0;0;1;1;0;0;0
"15/09/2017";"01:32:00";"45";"com vítima";"268.244";"BR-393/RJ";"Pista Norte";"Colisão lateral no sentido contrário";1;0;1;0;0;0;0;0;0;0;1;1;0;1;0
"15/09/2017";"04:09:00";"59";"sem vítima";"157";"BR-393/RJ";"Pista Sul";"Colisão com veículos (traseira)";1;0;1;0;0;0;0;0;0;0;4;0;0;0;0
"15/09/2017";"09:54:00";"88";"sem vítima";"284";"BR-393/RJ";"Pista Sul";"Saídas de pista";1;0;0;0;0;0;0;0;0;0;1;0;0;0;0
"16/09/2017";"06:33:00";"16";"com vítima";"165.85";"BR-393/RJ";"Pista Sul";"Colisão lateral no sentido contrário";2;0;0;0;0;0;0;0;0;0;1;1;0;0;0
"16/09/2017";"08:35:00";"21";"com vítima";"106.42";"BR-393/RJ";"Pista Sul";"Colisão lateral no sentido contrário";1;0;0;1;0;0;0;0;0;0;1;0;1;0;0
"16/09/2017";"11:14:00";"27";"sem vítima";"282";"BR-393/RJ";"Pista Sul";"Colisão com veículos (traseira)";2;0;0;0;0;0;0;0;0;0;2;0;0;0;0
"17/09/2017";"06:40:00";"15";"sem vítima";"240.481";"BR-393/RJ";"Pista Norte";"Saídas de pista";1;0;0;0;0;0;0;0;0;0;2;0;0;0;0
"17/09/2017";"12:09:00";"25";"sem vítima";"195.08";"BR-393/RJ";"Pista Norte";"Colisão com veículos (traseira)";2;0;0;0;0;0;0;0;0;0;6;0;0;0;0
"17/09/2017";"02:20:00";"28";"com vítima";"284";"BR-393/RJ";"Pista Sul";"Colisão com veículos (traseira)";2;0;0;0;0;0;0;0;0;0;2;1;0;0;0
"19/09/2017";"09:49:00";"31";"com vítima";"199.627";"BR-393/RJ";"Pista Norte";"Colisão lateral no sentido contrário";0;0;2;0;0;0;0;0;0;0;1;2;0;0;0
"19/09/2017";"06:24:00";"60";"com vítima";"160.178";"BR-393/RJ";"Pista Sul";"Atropelamento de pedestre";1;0;0;0;1;0;0;0;0;0;2;1;1;0;0
"19/09/2017";"07:25:00";"67";"com vítima";"105";"BR-393/RJ";"Pista Norte";"Atropelamento de animais";1;0;0;0;0;0;0;0;0;0;2;1;0;0;0
"19/09/2017";"10:05:00";"72";"sem vítima";"237";"BR-393/RJ";"Pista Sul";"Colisão c/ obstáculos";2;0;0;0;0;0;0;0;0;0;2;0;0;0;0
"20/09/2017";"08:54:00";"22";"com vítima";"266.148";"BR-393/RJ";"Pista Norte";"Tombamento";0;0;1;0;0;0;0;0;0;0;0;2;0;1;0
"20/09/2017";"12:53:00";"37";"com vítima";"285.581";"BR-393/RJ";"Pista Norte";"Acidentes de outra natureza";0;0;0;1;0;0;0;0;0;0;0;0;1;0;0
"20/09/2017";"06:27:00";"61";"com vítima";"238.462";"BR-393/RJ";"Pista Norte";"Acidentes de outra natureza";0;0;0;1;0;0;0;0;0;0;0;1;0;0;0
"21/09/2017";"01:19:00";"2";"sem vítima";"265";"BR-393/RJ";"Pista Sul";"Colisão lateral no mesmo sentido";1;0;1;0;0;0;0;0;0;0;2;0;0;0;0
"21/09/2017";"08:59:00";"63";"com vítima";"218.9";"BR-393/RJ";"Pista Sul";"Saídas de pista";1;0;0;0;0;0;0;0;0;0;0;2;0;0;0
"22/09/2017";"07:44:00";"12";"com vítima";"269";"BR-393/RJ";"Pista Norte";"Saídas de pista";1;0;0;0;0;0;0;0;0;0;0;1;0;0;0
"22/09/2017";"08:31:00";"14";"sem vítima";"283";"BR-393/RJ";"Pista Norte";"Engavetamento";2;0;1;1;0;0;0;0;0;0;4;0;0;0;0
"23/09/2017";"03:58:00";"45";"com vítima";"230.281";"BR-393/RJ";"Pista Sul";"Colisão c/ obstáculos";0;0;1;0;0;0;0;0;0;0;0;1;0;0;0
"23/09/2017";"07:46:00";"59";"com vítima";"277.45";"BR-393/RJ";"Pista Norte";"Saídas de pista";1;0;0;0;0;0;0;0;0;0;0;1;0;0;0
"24/09/2017";"07:06:00";"15";"sem vítima";"246";"BR-393/RJ";"Pista Norte";"Capotamento";1;0;0;0;0;0;0;0;0;0;1;0;0;0;0
"24/09/2017";"07:26:00";"17";"com vítima";"188";"BR-393/RJ";"Pista Norte";"Atropelamento de pedestre";1;0;0;0;0;0;0;0;0;0;1;0;0;1;0
"24/09/2017";"06:22:00";"48";"com vítima";"285";"BR-393/RJ";"Pista Norte";"Colisão lateral no sentido contrário";2;0;0;0;0;0;0;0;0;0;2;2;0;0;0
"27/09/2017";"06:38:00";"83";"com vítima";"178.302";"BR-393/RJ";"Pista Sul";"Colisão com veículos (traseira)";2;0;0;0;0;0;0;0;0;0;1;1;0;0;0
"28/09/2017";"12:02:00";"39";"sem vítima";"177.793";"BR-393/RJ";"Pista Norte";"Colisão com veículos (traseira)";1;0;0;0;0;0;0;0;0;1;5;0;0;0;0
"29/09/2017";"11:48:00";"35";"com vítima";"133.3";"BR-393/RJ";"Pista Sul";"Atropelamento de pedestre";1;0;0;0;0;0;0;0;0;0;0;2;0;0;0
"30/09/2017";"08:27:00";"18";"com vítima";"107";"BR-393/RJ";"Pista Sul";"Colisão lateral no mesmo sentido";1;0;1;0;0;0;0;0;0;0;1;1;0;0;0
"30/09/2017";"09:25:00";"21";"sem vítima";"138";"BR-393/RJ";"Pista Sul";"Colisão c/ obstáculos";0;0;1;0;0;0;0;0;0;0;1;0;0;0;0
"30/09/2017";"11:20:00";"26";"com vítima";"263";"BR-393/RJ";"Pista Sul";"Saídas de pista";1;0;0;0;0;0;0;0;0;0;0;1;0;0;0
"30/09/2017";"01:12:00";"33";"sem vítima";"123.337";"BR-393/RJ";"Pista Norte";"Colisão c/ obstáculos";1;0;0;0;0;0;0;0;0;0;1;0;0;0;0
"30/09/2017";"03:37:00";"35";"sem vítima";"260";"BR-393/RJ";"Pista Norte";"Saídas de pista";1;0;0;0;0;0;0;0;0;0;4;0;0;0;0
"01/10/2017";"06:17:00";"13";"com vítima";"130.345";"BR-393/RJ";"Pista Norte";"Colisão c/ obstáculos";1;0;0;0;0;0;0;0;0;0;0;1;0;0;0
"01/10/2017";"07:14:00";"16";"com vítima";"169.381";"BR-393/RJ";"Pista Sul";"Colisão c/ obstáculos";1;0;0;0;0;0;0;0;0;0;3;2;2;0;0
"01/10/2017";"05:34:00";"51";"sem vítima";"284.569";"BR-393/RJ";"Pista Norte";"Colisão com veículos (traseira)";1;0;0;1;0;0;0;0;0;0;3;0;0;0;0
"03/10/2017";"04:40:00";"12";"sem vítima";"230";"BR-393/RJ";"Pista Sul";"Colisão com veículos (traseira)";0;0;2;0;0;0;0;0;0;0;2;0;0;0;0
"04/10/2017";"01:59:00";"11";"com vítima";"236.8";"BR-393/RJ";"Pista Norte";"Colisão com veículos (traseira)";1;0;1;0;0;0;0;0;0;0;3;1;0;0;0
"06/10/2017";"03:33:00";"60";"sem vítima";"285.6";"BR-393/RJ";"Pista Sul";"Colisão lateral no mesmo sentido";1;0;1;0;0;0;0;0;0;0;2;0;0;0;0
"06/10/2017";"11:32:00";"80";"sem vítima";"280.313";"BR-393/RJ";"Pista Norte";"Engavetamento";3;0;0;0;0;0;0;0;0;0;3;0;0;0;0
"07/10/2017";"05:50:00";"40";"com vítima";"285.9";"BR-393/RJ";"Pista Norte";"Colisão com veículos (frontal)";2;0;0;0;0;0;0;0;0;0;2;1;1;0;0
"07/10/2017";"07:37:00";"50";"sem vítima";"286";"BR-393/RJ";"Pista Norte";"Colisão lateral no sentido contrário";2;0;0;0;0;0;0;0;0;0;2;0;0;0;0
"07/10/2017";"08:32:00";"54";"com vítima";"283.8";"BR-393/RJ";"Pista Norte";"Colisão lateral no mesmo sentido";1;0;0;1;0;0;0;0;0;0;4;0;0;1;0
"07/10/2017";"11:41:00";"59";"sem vítima";"211";"BR-393/RJ";"Pista Norte";"Atropelamento de animais";0;0;1;0;0;0;0;0;0;0;1;0;0;0;0
"08/10/2017";"12:05:00";"1";"com vítima";"111.6";"BR-393/RJ";"Pista Norte";"Colisão lateral no sentido contrário";1;0;1;0;0;0;0;0;0;0;1;0;0;1;0
"08/10/2017";"12:38:00";"2";"sem vítima";"189.9";"BR-393/RJ";"Pista Norte";"Atropelamento de animais";0;0;1;0;0;0;0;0;0;0;1;0;0;0;0
"08/10/2017";"03:36:00";"15";"sem vítima";"175";"BR-393/RJ";"Pista Norte";"Capotamento";1;0;0;0;0;0;0;0;0;0;1;0;0;0;0
"08/10/2017";"05:12:00";"18";"com vítima";"112";"BR-393/RJ";"Pista Norte";"Colisão com veículos (traseira)";1;0;0;1;0;0;0;0;0;0;4;1;0;0;0
"08/10/2017";"05:24:00";"19";"com vítima";"136";"BR-393/RJ";"Pista Norte";"Capotamento";1;0;0;0;0;0;0;0;0;0;0;1;0;0;0
"08/10/2017";"05:21:00";"49";"com vítima";"246.7";"BR-393/RJ";"Pista Norte";"Colisão com veículos (frontal)";2;0;1;0;0;0;0;0;0;0;2;0;0;0;1
"08/10/2017";"07:10:00";"51";"com vítima";"244.5";"BR-393/RJ";"Pista Sul";"Engavetamento";3;0;0;0;0;0;0;0;0;0;2;5;0;0;0
"08/10/2017";"07:40:00";"53";"com vítima";"253.6";"BR-393/RJ";"Pista Sul";"Capotamento";1;0;0;0;0;0;0;0;0;0;0;2;0;0;0
"09/10/2017";"05:46:00";"14";"com vítima";"263.172";"BR-393/RJ";"Pista Sul";"Acidentes de outra natureza";0;0;0;1;0;0;0;0;0;0;0;1;0;0;0
"09/10/2017";"08:56:00";"68";"sem vítima";"281";"BR-393/RJ";"Pista Sul";"Colisão lateral no mesmo sentido";1;0;0;1;0;0;0;0;0;0;2;0;0;0;0
"10/10/2017";"02:59:00";"53";"com vítima";"268.295";"BR-393/RJ";"Pista Norte";"Colisão lateral no sentido contrário";2;0;0;0;0;0;0;0;0;0;3;1;0;0;0
"10/10/2017";"10:57:00";"81";"com vítima";"1.217";"Alça Sul";"Pista Norte";"Colisão com veículos (traseira)";2;0;0;0;0;0;0;0;0;0;3;2;0;0;0
"11/10/2017";"11:26:00";"24";"com vítima";"281";"BR-393/RJ";"Pista Sul";"Colisão lateral no sentido contrário";1;0;0;1;0;0;0;0;0;0;1;0;1;0;0
"11/10/2017";"01:52:00";"33";"sem vítima";"118.935";"BR-393/RJ";"Pista Norte";"Colisão c/ obstáculos";1;0;0;0;0;0;0;0;0;0;2;0;0;0;0
"11/10/2017";"09:14:00";"60";"com vítima";"171";"BR-393/RJ";"Pista Norte";"Capotamento";1;0;0;0;0;0;0;0;0;0;0;1;0;0;0
"13/10/2017";"06:50:00";"78";"sem vítima";"286.35";"BR-393/RJ";"Pista Sul";"Engavetamento";3;0;0;0;0;0;0;0;0;0;4;0;0;0;0
"14/10/2017";"06:42:00";"14";"com vítima";"161.572";"BR-393/RJ";"Pista Sul";"Acidentes de outra natureza";0;0;0;1;0;0;0;0;0;0;1;1;0;0;0
"14/10/2017";"10:12:00";"58";"com vítima";"280.531";"BR-393/RJ";"Pista Sul";"Colisão com veículos (frontal)";1;0;0;2;0;0;0;0;0;0;1;1;1;0;0
"15/10/2017";"03:15:00";"34";"sem vítima";"178";"BR-393/RJ";"Pista Sul";"Colisão com veículos (traseira)";1;0;1;0;0;0;0;0;0;0;5;0;0;0;0
"16/10/2017";"06:39:00";"17";"sem vítima";"284";"BR-393/RJ";"Pista Norte";"Colisão com veículos (traseira)";2;0;0;0;0;0;0;0;0;0;2;0;0;0;0
"16/10/2017";"12:05:00";"42";"sem vítima";"285.257";"BR-393/RJ";"Pista Norte";"Colisão c/ obstáculos";2;0;0;0;0;0;0;0;0;0;3;0;0;0;0
"16/10/2017";"02:35:00";"47";"com vítima";"171.462";"BR-393/RJ";"Pista Norte";"Colisão com veículos (frontal)";2;0;0;0;0;0;0;0;0;0;1;1;0;0;0
"17/10/2017";"06:47:00";"13";"com vítima";"176.824";"BR-393/RJ";"Pista Norte";"Atropelamento de pedestre";1;1;0;0;0;0;0;0;0;0;0;2;0;0;0
"17/10/2017";"08:27:00";"58";"com vítima";"242.849";"BR-393/RJ";"Pista Sul";"Colisão c/ obstáculos";1;0;0;0;1;0;0;0;0;0;2;1;0;0;0
"18/10/2017";"12:21:00";"1";"sem vítima";"2";"Alça Sul";"Pista Sul";"Capotamento";1;0;0;0;0;0;0;0;0;0;1;0;0;0;0
"18/10/2017";"11:32:00";"81";"sem vítima";"195.095";"BR-393/RJ";"Pista Norte";"Colisão lateral no mesmo sentido";1;0;1;0;0;0;0;0;0;0;3;0;0;0;0
"20/10/2017";"04:02:00";"50";"sem vítima";"195";"BR-393/RJ";"Pista Sul";"Colisão c/ obstáculos";0;0;1;0;0;0;0;0;0;0;1;0;0;0;0
"20/10/2017";"04:09:00";"51";"com vítima";"181.687";"BR-393/RJ";"Pista Sul";"Acidentes de outra natureza";0;0;0;1;0;0;0;0;0;0;0;0;1;0;0
"20/10/2017";"09:12:00";"66";"com vítima";"104";"BR-393/RJ";"Pista Sul";"Acidentes de outra natureza";1;0;0;1;0;0;0;0;0;0;1;0;1;0;0
"21/10/2017";"08:23:00";"19";"sem vítima";"234.812";"BR-393/RJ";"Pista Sul";"Acidentes de outra natureza";0;0;0;1;0;0;0;0;0;0;1;0;0;0;0
"22/10/2017";"06:06:00";"58";"sem vítima";"164.636";"BR-393/RJ";"Pista Sul";"Acidentes de outra natureza";0;0;0;1;0;0;0;0;0;0;2;0;0;0;0
"23/10/2017";"05:21:00";"11";"sem vítima";"123";"BR-393/RJ";"Pista Sul";"Colisão c/ obstáculos";0;0;1;0;0;0;0;0;0;0;2;0;0;0;0
"23/10/2017";"03:18:00";"36";"com vítima";"262.945";"BR-393/RJ";"Pista Sul";"Capotamento";1;0;0;0;0;0;0;0;0;0;0;0;1;0;0
"24/10/2017";"10:16:00";"23";"com vítima";"107.956";"BR-393/RJ";"Pista Sul";"Acidentes de outra natureza";0;0;0;1;0;0;0;0;0;0;0;1;0;0;0
"24/10/2017";"05:46:00";"42";"com vítima";"176.625";"BR-393/RJ";"Pista Norte";"Engavetamento";3;0;0;0;0;0;0;0;0;0;4;1;0;0;0
"25/10/2017";"10:54:00";"78";"com vítima";"102.511";"BR-393/RJ";"Pista Sul";"Colisão lateral no sentido contrário";0;0;0;1;1;0;0;0;0;0;1;1;0;1;0
"26/10/2017";"10:35:00";"40";"com vítima";"267.297";"BR-393/RJ";"Pista Sul";"Colisão c/ obstáculos";1;0;0;0;0;0;0;0;0;0;0;3;0;0;0
"26/10/2017";"05:26:00";"65";"sem vítima";"195";"BR-393/RJ";"Pista Sul";"Colisão com veículos (traseira)";1;0;1;0;0;0;0;0;0;0;3;0;0;0;0
"27/10/2017";"11:18:00";"30";"com vítima";"102.797";"BR-393/RJ";"Pista Norte";"Colisão lateral no sentido contrário";0;0;0;2;0;0;0;0;0;0;1;1;0;0;0
"27/10/2017";"04:19:00";"45";"sem vítima";"151.871";"BR-393/RJ";"Pista Sul";"Tombamento";0;0;1;0;0;0;0;0;0;0;1;0;0;0;0
"27/10/2017";"04:37:00";"47";"sem vítima";"169.23";"BR-393/RJ";"Pista Sul";"Tombamento";0;0;1;0;0;0;0;0;0;0;1;0;0;0;0
"28/10/2017";"05:21:00";"15";"sem vítima";"212.586";"BR-393/RJ";"Pista Norte";"Acidentes de outra natureza";0;0;0;0;0;0;0;0;0;1;2;0;0;0;0
"28/10/2017";"12:12:00";"27";"com vítima";"281.248";"BR-393/RJ";"Pista Norte";"Colisão com veículos (traseira)";2;0;0;0;0;0;0;0;0;0;2;1;0;0;0
"29/10/2017";"03:10:00";"40";"sem vítima";"285.088";"BR-393/RJ";"Pista Sul";"Colisão lateral no sentido contrário";1;0;0;0;1;0;0;0;0;0;2;0;0;0;0
"30/10/2017";"10:35:00";"42";"com vítima";"280.566";"BR-393/RJ";"Pista Norte";"Atropelamento de pedestre";1;0;0;0;0;0;0;0;0;0;0;2;0;0;0
"30/10/2017";"06:40:00";"68";"sem vítima";"285.092";"BR-393/RJ";"Pista Sul";"Colisão com veículos (traseira)";1;0;0;0;0;0;0;0;0;1;2;0;0;0;0
"30/10/2017";"06:54:00";"69";"sem vítima";"285.251";"BR-393/RJ";"Pista Sul";"Colisão lateral no mesmo sentido";1;0;0;0;1;0;0;0;0;0;4;0;0;0;0
"30/10/2017";"08:12:00";"76";"com vítima";"182";"BR-393/RJ";"Pista Sul";"Colisão lateral no mesmo sentido";2;0;0;0;0;0;0;0;0;0;2;1;0;0;0
"31/10/2017";"05:21:00";"10";"com vítima";"0.832";"Alça Sul";"Pista Norte";"Atropelamento de animais";1;0;0;0;0;0;0;0;0;0;0;1;0;0;0
"31/10/2017";"12:13:00";"31";"sem vítima";"282";"BR-393/RJ";"Pista Sul";"Colisão lateral no sentido contrário";1;0;0;1;0;0;0;0;0;0;2;0;0;0;0
"31/10/2017";"06:12:00";"59";"com vítima";"282.2";"BR-393/RJ";"Pista Sul";"Colisão com veículos (traseira)";2;0;0;0;0;0;0;0;0;0;0;2;0;0;0
"31/10/2017";"10:30:00";"78";"com vítima";"169";"BR-393/RJ";"Pista Norte";"Atropelamento de animais";1;0;0;0;0;0;0;0;0;0;1;1;0;0;0
"03/11/2017";"12:45:00";"1";"com vítima";"160.027";"BR-393/RJ";"Pista Sul";"Tombamento";0;0;1;0;0;0;0;0;0;0;0;1;0;0;0
"03/11/2017";"06:03:00";"53";"com vítima";"243.614";"BR-393/RJ";"Pista Sul";"Tombamento";0;0;1;0;0;0;0;0;0;1;1;1;0;0;0
"04/11/2017";"06:56:00";"53";"sem vítima";"285.037";"BR-393/RJ";"Pista Norte";"Colisão c/ obstáculos";1;0;0;0;0;0;0;0;0;0;1;0;0;0;0
"04/11/2017";"09:37:00";"62";"com vítima";"102.223";"BR-393/RJ";"Pista Norte";"Colisão c/ obstáculos";0;0;0;1;0;0;0;0;0;0;0;0;2;0;0
"05/11/2017";"07:52:00";"18";"sem vítima";"275.6";"BR-393/RJ";"Pista Norte";"Colisão com veículos (traseira)";2;0;0;0;0;0;0;0;0;0;5;0;0;0;0
"05/11/2017";"04:55:00";"37";"sem vítima";"151.91";"BR-393/RJ";"Pista Norte";"Saida de Pista";1;0;0;0;0;0;0;0;0;0;1;0;0;0;0
"06/11/2017";"12:04:00";"39";"sem vítima";"231";"BR-393/RJ";"Pista Norte";"Colisão lateral no sentido contrário";1;0;1;0;0;0;0;0;0;0;2;0;0;0;0
"07/11/2017";"02:28:00";"57";"sem vítima";"101.9";"BR-393/RJ";"Pista Norte";"Colisão lateral no sentido contrário";2;0;0;0;0;0;0;0;0;0;2;0;0;0;0
"07/11/2017";"05:05:00";"62";"com vítima";"134.595";"BR-393/RJ";"Pista Sul";"Acidentes de outra natureza";0;0;0;1;0;0;0;0;0;0;0;1;1;0;0
"07/11/2017";"08:44:00";"69";"com vítima";"194";"BR-393/RJ";"Pista Sul";"Acidentes de outra natureza";0;0;0;1;0;0;0;0;0;0;0;1;0;0;0
"09/11/2017";"01:11:00";"52";"sem vítima";"282";"BR-393/RJ";"Pista Norte";"Colisão lateral no sentido contrário";1;0;1;0;0;0;0;0;0;0;2;0;0;0;0
"10/11/2017";"02:47:00";"11";"sem vítima";"254";"BR-393/RJ";"Pista Norte";"Colisão c/ obstáculos";1;0;0;0;0;0;0;0;0;0;2;0;0;0;0
"10/11/2017";"05:20:00";"14";"com vítima";"181.8";"BR-393/RJ";"Pista Sul";"Colisão com veículos (traseira)";1;0;1;0;0;0;0;0;0;0;1;1;0;0;0
"10/11/2017";"05:13:00";"68";"sem vítima";"281.5";"BR-393/RJ";"Pista Norte";"Colisão lateral no sentido contrário";1;0;0;1;0;0;0;0;0;0;2;0;0;0;0
"10/11/2017";"05:41:00";"71";"sem vítima";"282";"BR-393/RJ";"Pista Norte";"Colisão com veículos (traseira)";2;0;0;0;0;0;0;0;0;0;2;0;0;0;0
"11/11/2017";"04:47:00";"16";"sem vítima";"242.5";"BR-393/RJ";"Pista Sul";"Colisão c/ obstáculos";1;0;0;0;0;0;0;0;0;0;4;0;0;0;0
"11/11/2017";"06:03:00";"17";"com vítima";"283.366";"BR-393/RJ";"Pista Sul";"Colisão com veículos (traseira)";1;0;0;1;0;0;0;0;0;0;3;1;0;0;0
"11/11/2017";"09:47:00";"28";"com vítima";"139.589";"BR-393/RJ";"Pista Sul";"Colisão c/ obstáculos";1;0;0;0;0;0;0;0;0;0;0;3;0;0;0
"11/11/2017";"04:09:00";"43";"com vítima";"285";"BR-393/RJ";"Pista Sul";"Engavetamento";3;0;0;0;0;0;0;0;0;0;5;1;0;0;0
"11/11/2017";"04:30:00";"44";"sem vítima";"137.266";"BR-393/RJ";"Pista Norte";"Colisão c/ obstáculos";1;0;0;0;0;0;0;0;0;0;3;0;0;0;0
"11/11/2017";"06:15:00";"48";"sem vítima";"270.664";"BR-393/RJ";"Pista Norte";"Colisão lateral no sentido contrário";2;0;0;0;0;0;0;0;0;0;3;0;0;0;0
"11/11/2017";"07:27:00";"51";"sem vítima";"266";"BR-393/RJ";"Pista Norte";"Colisão c/ obstáculos";1;0;0;0;0;0;0;0;0;0;1;0;0;0;0
"13/11/2017";"03:18:00";"5";"sem vítima";"168.5";"BR-393/RJ";"Pista Norte";"Colisão c/ obstáculos";0;0;1;0;0;0;0;0;0;0;1;0;0;0;0
"13/11/2017";"06:33:00";"58";"sem vítima";"285";"BR-393/RJ";"Pista Norte";"Engavetamento";2;0;1;0;0;0;0;0;0;0;3;0;0;0;0
"14/11/2017";"05:51:00";"11";"com vítima";"264.176";"BR-393/RJ";"Pista Sul";"Tombamento";0;0;1;0;0;0;0;0;0;0;0;1;0;0;0
"14/11/2017";"09:19:00";"21";"sem vítima";"195";"BR-393/RJ";"Pista Sul";"Colisão c/ obstáculos";1;0;1;0;0;0;0;0;0;0;4;0;0;0;0
"15/11/2017";"10:21:00";"34";"com vítima";"164.653";"BR-393/RJ";"Pista Norte";"Acidentes de outra natureza";0;0;0;1;0;0;0;0;0;0;0;1;0;0;0
"15/11/2017";"04:42:00";"56";"sem vítima";"284.327";"BR-393/RJ";"Pista Sul";"Colisão com veículos (traseira)";2;0;0;0;0;0;0;0;0;0;3;0;0;0;0
"15/11/2017";"07:56:00";"70";"sem vítima";"285.6";"BR-393/RJ";"Pista Sul";"Colisão lateral no mesmo sentido";1;0;1;0;0;0;0;0;0;0;2;0;0;0;0
"16/11/2017";"10:52:00";"38";"sem vítima";"284";"BR-393/RJ";"Pista Norte";"Engavetamento";3;0;0;0;0;0;0;0;0;0;4;0;0;0;0
"16/11/2017";"07:10:00";"69";"sem vítima";"285.5";"BR-393/RJ";"Pista Norte";"Colisão lateral no mesmo sentido";1;0;1;0;0;0;0;0;0;0;2;0;0;0;0
"17/11/2017";"10:52:00";"27";"sem vítima";"179";"BR-393/RJ";"Pista Sul";"Colisão c/ obstáculos";1;0;0;0;0;0;0;0;0;0;1;0;0;0;0
"17/11/2017";"03:12:00";"42";"com vítima";"225.438";"BR-393/RJ";"Pista Sul";"Colisão c/ obstáculos";1;0;0;0;0;0;0;0;0;0;0;1;0;0;0
"18/11/2017";"09:02:00";"32";"com vítima";"198.506";"BR-393/RJ";"Pista Sul";"Engavetamento";3;0;0;0;0;0;0;0;0;0;7;1;0;0;0
"18/11/2017";"11:27:00";"46";"sem vítima";"284.5";"BR-393/RJ";"Pista Sul";"Colisão lateral no mesmo sentido";1;0;1;0;0;0;0;0;0;0;3;0;0;0;0
"18/11/2017";"01:18:00";"51";"sem vítima";"132.9";"BR-393/RJ";"Pista Norte";"Colisão lateral no sentido contrário";2;0;0;0;0;0;0;0;0;0;5;0;0;0;0
"18/11/2017";"02:00:00";"54";"sem vítima";"284";"BR-393/RJ";"Pista Norte";"Colisão com veículos (traseira)";2;0;0;0;0;0;0;0;0;0;4;0;0;0;0
"18/11/2017";"08:20:00";"74";"sem vítima";"175.747";"BR-393/RJ";"Pista Sul";"Colisão com veículos (traseira)";2;0;0;0;0;0;0;0;0;0;3;0;0;0;0
"19/11/2017";"04:18:00";"14";"sem vítima";"253.7";"BR-393/RJ";"Pista Norte";"Colisão lateral no sentido contrário";1;0;1;0;0;0;0;0;0;0;2;0;0;0;0
"19/11/2017";"10:25:00";"33";"com vítima";"274.138";"BR-393/RJ";"Pista Sul";"Colisão lateral no sentido contrário";1;0;1;0;0;0;0;0;0;0;1;1;0;0;0
"19/11/2017";"10:40:00";"34";"com vítima";"258.069";"BR-393/RJ";"Pista Sul";"Colisão com veículos (frontal)";2;0;0;0;0;0;0;0;0;0;0;4;0;2;0
"19/11/2017";"06:13:00";"59";"sem vítima";"244.681";"BR-393/RJ";"Pista Sul";"Capotamento";1;0;0;0;0;0;0;0;0;0;1;0;0;0;0
"19/11/2017";"06:15:00";"60";"sem vítima";"168.147";"BR-393/RJ";"Pista Sul";"Colisão com veículos (traseira)";2;0;0;0;0;0;0;0;0;0;2;0;0;0;0
"19/11/2017";"09:05:00";"74";"sem vítima";"218.231";"BR-393/RJ";"Pista Norte";"Colisão c/ obstáculos";1;0;0;0;0;0;0;0;0;0;2;0;0;0;0
"20/11/2017";"08:37:00";"16";"sem vítima";"164.705";"BR-393/RJ";"Pista Norte";"Colisão c/ obstáculos";1;0;0;0;0;0;0;0;0;0;1;0;0;0;0
"21/11/2017";"06:23:00";"11";"com vítima";"216.244";"BR-393/RJ";"Pista Sul";"Capotamento";1;0;0;0;0;0;0;0;0;0;0;2;0;0;0
"22/11/2017";"07:55:00";"27";"sem vítima";"285.393";"BR-393/RJ";"Pista Sul";"Engavetamento";3;0;0;0;0;0;0;0;0;0;4;0;0;0;0
"23/11/2017";"08:39:00";"76";"com vítima";"271.893";"BR-393/RJ";"Pista Sul";"Saida de Pista";1;0;0;0;0;0;0;0;0;0;0;1;0;0;0
"24/11/2017";"08:26:00";"22";"sem vítima";"259.615";"BR-393/RJ";"Pista Sul";"Colisão lateral no sentido contrário";0;0;2;0;0;0;0;0;0;0;3;0;0;0;0