data;horario;n_da_ocorrencia;tipo_de_ocorrencia;km;trecho;sentido;tipo_de_acidente;automovel;bicicleta;caminhao;moto;onibus;outros;tracao_animal;transporte_de_cargas_especiais;trator_maquinas;utilitarios;ilesos;levemente_feridos;moderadamente_feridos;gravemente_feridos;mortos
"24/11/2017";"10:33:00";"33";"com vítima";"279.483";"BR-393/RJ";"Pista Norte";"Colisão lateral no mesmo sentido";1;0;0;1;0;0;0;0;0;0;1;1;0;0;0
"25/11/2017";"03:40:00";"14";"com vítima";"187.613";"BR-393/RJ";"Pista Sul";"Colisão c/ obstáculos";0;0;1;0;0;0;0;0;0;0;1;0;1;0;0
"26/11/2017";"04:31:00";"16";"com vítima";"268.365";"BR-393/RJ";"Pista Sul";"Atropelamento de pedestre";2;0;0;0;0;0;0;0;0;0;1;2;1;0;0
"27/11/2017";"01:53:00";"55";"com vítima";"258.667";"BR-393/RJ";"Pista Sul";"Queda de Moto";0;0;0;1;0;0;0;0;0;0;0;1;0;0;0
"27/11/2017";"04:23:00";"65";"com vítima";"210.835";"BR-393/RJ";"Pista Norte";"Capotamento";0;0;1;0;0;0;0;0;0;0;0;0;1;0;0
"28/11/2017";"03:06:00";"46";"sem vítima";"286.034";"BR-393/RJ";"Pista Sul";"Engavetamento";4;0;0;0;0;0;0;0;0;0;5;0;0;0;0
"29/11/2017";"02:31:00";"47";"sem vítima";"284.535";"BR-393/RJ";"Pista Sul";"Colisão com veículos (traseira)";2;0;0;0;0;0;0;0;0;0;4;0;0;0;0
"30/11/2017";"12:25:00";"53";"com vítima";"268";"BR-393/RJ";"Pista Norte";"Colisão lateral no sentido contrário";2;0;0;0;0;0;0;0;0;0;1;1;0;0;0
"30/11/2017";"11:32:00";"99";"sem vítima";"257.942";"BR-393/RJ";"Pista Norte";"Colisão c/ obstáculos";1;0;0;0;0;0;0;0;0;0;1;0;0;0;0
"01/12/2017";"07:36:00";"24";"sem vítima";"261.136";"BR-393/RJ";"Pista Norte";"Colisão lateral no sentido contrário";2;0;0;0;0;0;0;0;0;0;2;0;0;0;0
"01/12/2017";"12:00:00";"57";"sem vítima";"254.189";"BR-393/RJ";"Pista Sul";"Colisão lateral no mesmo sentido";0;0;2;0;0;0;0;0;0;0;2;0;0;0;0
"01/12/2017";"05:34:00";"87";"sem vítima";"285.51";"BR-393/RJ";"Pista Norte";"Colisão lateral no mesmo sentido";1;0;0;1;0;0;0;0;0;0;2;0;0;0;0
"01/12/2017";"06:08:00";"88";"sem vítima";"285.516";"BR-393/RJ";"Pista Sul";"Colisão lateral no mesmo sentido";1;0;1;0;0;0;0;0;0;0;2;0;0;0;0
"01/12/2017";"10:03:00";"106";"sem vítima";"122.05";"BR-393/RJ";"Pista Sul";"Colisão c/ obstáculos";1;0;0;0;0;0;0;0;0;0;2;0;0;0;0
"02/12/2017";"04:46:00";"57";"sem vítima";"169.5";"BR-393/RJ";"Pista Norte";"Colisão c/ obstáculos";1;0;0;0;0;0;0;0;0;0;3;0;0;0;0
"03/12/2017";"01:08:00";"1";"com vítima";"183.3";"BR-393/RJ";"Pista Sul";"Colisão lateral no sentido contrário";1;0;1;0;0;0;0;0;0;0;2;1;0;0;0
"03/12/2017";"09:28:00";"62";"com vítima";"256.03";"BR-393/RJ";"Pista Norte";"Atropelamento de pedestre";0;0;0;1;0;0;0;0;0;0;1;0;1;0;0
"03/12/2017";"10:52:00";"66";"sem vítima";"273.3";"BR-393/RJ";"Pista Sul";"Acidentes de outra natureza";0;0;0;1;0;0;0;0;0;0;1;0;0;0;0
"04/12/2017";"06:29:00";"85";"com vítima";"282.273";"BR-393/RJ";"Pista Norte";"Colisão com veículos (frontal)";1;0;0;1;0;0;0;0;0;0;1;1;0;0;0
"05/12/2017";"06:52:00";"77";"com vítima";"286.398";"BR-393/RJ";"Pista Sul";"Atropelamento de pedestre";0;1;0;1;0;0;0;0;0;0;1;1;0;0;0
"06/12/2017";"05:30:00";"72";"sem vítima";"285.47";"BR-393/RJ";"Pista Norte";"Colisão lateral no sentido contrário";2;0;0;0;0;0;0;0;0;0;2;0;0;0;0
"07/12/2017";"11:01:00";"94";"com vítima";"253.3";"BR-393/RJ";"Pista Sul";"Acidentes de outra natureza";0;0;0;1;0;0;0;0;0;0;0;2;0;0;0
"08/12/2017";"04:17:00";"13";"com vítima";"131.39";"BR-393/RJ";"Pista Norte";"Tombamento";0;0;1;0;0;0;0;0;0;0;0;1;0;0;0
"09/12/2017";"10:21:00";"42";"sem vítima";"248.139";"BR-393/RJ";"Pista Sul";"Saídas de pista";1;0;0;0;0;0;0;0;0;0;3;0;0;0;0
"09/12/2017";"12:02:00";"55";"com vítima";"238.649";"BR-393/RJ";"Pista Norte";"Colisão lateral no sentido contrário";2;0;0;0;0;0;0;0;0;0;1;2;0;0;0
"09/12/2017";"02:45:00";"66";"sem vítima";"274.125";"BR-393/RJ";"Pista Norte";"Tombamento";0;0;3;0;0;0;0;0;0;0;3;0;0;0;0
"10/12/2017";"12:40:00";"3";"com vítima";"246.099";"BR-393/RJ";"Pista Norte";"Colisão c/ obstáculos";1;0;0;0;0;0;0;0;0;0;0;1;0;0;0
"10/12/2017";"08:46:00";"65";"com vítima";"281.35";"BR-393/RJ";"Pista Norte";"Atropelamento de pedestre";1;0;0;0;0;0;0;0;0;0;1;1;0;0;0
"11/12/2017";"03:43:00";"45";"com vítima";"122.064";"BR-393/RJ";"Pista Norte";"Acidentes de outra natureza";0;0;0;1;0;0;0;0;0;0;0;1;0;0;0
"12/12/2017";"04:45:00";"73";"sem vítima";"196.112";"BR-393/RJ";"Pista Norte";"Colisão c/ obstáculos";1;0;0;0;0;0;0;0;0;0;2;0;0;0;0
"15/12/2017";"04:54:00";"63";"com vítima";"177.012";"BR-393/RJ";"Pista Norte";"Colisão com veículos (traseira)";1;0;0;1;0;0;0;0;0;0;1;1;1;0;0
"16/12/2017";"12:02:00";"1";"sem vítima";"250.523";"BR-393/RJ";"Pista Norte";"Colisão lateral no mesmo sentido";1;0;0;0;1;0;0;0;0;0;4;0;0;0;0
"16/12/2017";"10:29:00";"37";"sem vítima";"237.622";"BR-393/RJ";"Pista Norte";"Colisão c/ obstáculos";1;0;0;0;0;0;0;0;0;0;1;0;0;0;0
"16/12/2017";"02:54:00";"59";"sem vítima";"128.662";"BR-393/RJ";"Pista Norte";"Colisão com veículos (traseira)";2;0;0;0;0;0;0;0;0;0;6;0;0;0;0
"16/12/2017";"07:57:00";"85";"com vítima";"138.45";"BR-393/RJ";"Pista Norte";"Colisão com veículos (traseira)";2;0;0;0;0;0;0;0;0;0;2;0;1;0;0
"17/12/2017";"12:43:00";"2";"sem vítima";"171.7";"BR-393/RJ";"Pista Norte";"Colisão c/ obstáculos";1;0;0;0;0;0;0;0;0;0;3;0;0;0;0
"17/12/2017";"01:35:00";"3";"sem vítima";"235.23";"BR-393/RJ";"Pista Norte";"Colisão c/ obstáculos";1;0;0;0;0;0;0;0;0;0;2;0;0;0;0
"17/12/2017";"03:40:00";"16";"com vítima";"105.244";"BR-393/RJ";"Pista Norte";"Acidentes de outra natureza";0;0;0;1;0;0;0;0;0;0;1;1;0;0;0
"17/12/2017";"06:28:00";"23";"sem vítima";"139.084";"BR-393/RJ";"Pista Norte";"Saídas de pista";1;0;0;0;0;0;0;0;0;0;5;0;0;0;0
"17/12/2017";"10:47:00";"38";"com vítima";"175.659";"BR-393/RJ";"Pista Norte";"Capotamento";1;0;0;0;0;0;0;0;0;0;0;1;0;0;0
"17/12/2017";"02:25:00";"58";"com vítima";"128.98";"BR-393/RJ";"Pista Sul";"Colisão com veículos (frontal)";1;0;0;1;0;0;0;0;0;0;1;0;1;0;0
"17/12/2017";"05:39:00";"68";"com vítima";"175.649";"BR-393/RJ";"Pista Norte";"Acidentes de outra natureza";0;0;0;1;0;0;0;0;0;0;0;0;1;0;0
"18/12/2017";"06:38:00";"24";"com vítima";"279.253";"BR-393/RJ";"Pista Norte";"Colisão com veículos (traseira)";0;0;1;0;0;0;0;0;0;1;1;1;0;0;0
"18/12/2017";"07:43:00";"28";"com vítima";"283.102";"BR-393/RJ";"Pista Sul";"Atropelamento de pedestre";0;1;1;0;0;0;0;0;0;0;1;1;0;0;0
"18/12/2017";"04:40:00";"75";"sem vítima";"184.64";"BR-393/RJ";"Pista Sul";"Colisão com veículos (traseira)";1;0;1;0;0;0;0;0;0;0;2;0;0;0;0
"19/12/2017";"12:30:00";"51";"com vítima";"246.085";"BR-393/RJ";"Pista Norte";"Colisão lateral no sentido contrário";2;0;0;0;0;0;0;0;0;0;2;2;0;0;0
"20/12/2017";"02:47:00";"73";"sem vítima";"195.506";"BR-393/RJ";"Pista Sul";"Colisão c/ obstáculos";1;0;0;0;0;0;0;0;0;0;1;0;0;0;0
"21/12/2017";"09:23:00";"39";"com vítima";"175.592";"BR-393/RJ";"Pista Sul";"Acidentes de outra natureza";0;0;0;1;0;0;0;0;0;0;0;1;0;0;0
"21/12/2017";"01:10:00";"66";"com vítima";"102.537";"BR-393/RJ";"Pista Sul";"Colisão lateral no mesmo sentido";2;0;1;0;0;0;0;0;0;0;4;1;0;0;0
"21/12/2017";"06:43:00";"98";"sem vítima";"175.453";"BR-393/RJ";"Pista Norte";"Colisão com veículos (traseira)";2;0;0;0;0;0;0;0;0;0;3;0;0;0;0
"22/12/2017";"01:06:00";"2";"sem vítima";"121.612";"BR-393/RJ";"Pista Norte";"Saídas de pista";1;0;0;0;0;0;0;0;0;0;2;0;0;0;0
"22/12/2017";"05:27:00";"16";"sem vítima";"232.8";"BR-393/RJ";"Pista Norte";"Engavetamento";1;0;1;0;0;0;0;0;0;1;5;0;0;0;0
"22/12/2017";"10:32:00";"44";"sem vítima";"243.337";"BR-393/RJ";"Pista Sul";"Colisão lateral no sentido contrário";1;0;0;0;1;0;0;0;0;0;2;0;0;0;0
"23/12/2017";"07:28:00";"89";"sem vítima";"2.521";"Alça Sul";"Pista Norte";"Capotamento";1;0;0;0;0;0;0;0;0;0;3;0;0;0;0
"23/12/2017";"09:34:00";"100";"com vítima";"159.281";"BR-393/RJ";"Pista Norte";"Capotamento";1;0;0;0;0;0;0;0;0;0;0;0;1;0;0
"23/12/2017";"09:50:00";"101";"com vítima";"244.233";"BR-393/RJ";"Pista Sul";"Acidentes de outra natureza";0;0;0;1;0;0;0;0;0;0;0;2;0;0;0
"24/12/2017";"02:49:00";"50";"sem vítima";"182.359";"BR-393/RJ";"Pista Sul";"Colisão c/ obstáculos";1;0;0;0;0;0;0;0;0;0;1;0;0;0;0
"24/12/2017";"05:55:00";"59";"com vítima";"269.82";"BR-393/RJ";"Pista Norte";"Colisão c/ obstáculos";0;0;0;1;0;0;0;0;0;0;0;0;0;1;0
"24/12/2017";"09:49:00";"67";"com vítima";"235.762";"BR-393/RJ";"Pista Sul";"Colisão c/ obstáculos";1;0;0;0;0;0;0;0;0;0;0;1;0;0;0
"25/12/2017";"02:38:00";"8";"sem vítima";"283.088";"BR-393/RJ";"Pista Sul";"Colisão lateral no sentido contrário";2;0;0;0;0;0;0;0;0;0;4;0;0;0;0
"25/12/2017";"07:40:00";"23";"com vítima";"286.011";"BR-393/RJ";"Pista Norte";"Colisão lateral no sentido contrário";2;0;0;0;0;0;0;0;0;0;1;1;0;0;0
"25/12/2017";"06:59:00";"65";"com vítima";"176.8";"BR-393/RJ";"Pista Sul";"Colisão com veículos (frontal)";2;0;0;0;0;0;0;0;0;0;0;0;3;3;3
"25/12/2017";"10:15:00";"73";"com vítima";"151.414";"BR-393/RJ";"Pista Norte";"Colisão c/ obstáculos";0;0;0;1;0;0;0;0;0;0;0;1;0;0;0
"25/12/2017";"10:21:00";"74";"sem vítima";"244.101";"BR-393/RJ";"Pista Norte";"Acidentes de outra natureza";0;0;0;1;0;0;0;0;0;0;1;0;0;0;0
"26/12/2017";"08:42:00";"28";"sem vítima";"285.557";"BR-393/RJ";"Pista Sul";"Colisão lateral no sentido contrário";1;0;0;1;0;0;0;0;0;0;2;0;0;0;0
"26/12/2017";"05:30:00";"63";"sem vítima";"263.654";"BR-393/RJ";"Pista Sul";"Acidentes de outra natureza";0;0;0;1;0;0;0;0;0;0;2;0;0;0;0
"26/12/2017";"06:35:00";"67";"sem vítima";"254.305";"BR-393/RJ";"Pista Sul";"Colisão c/ obstáculos";1;0;0;0;0;0;0;0;0;0;1;0;0;0;0
"26/12/2017";"06:50:00";"70";"com vítima";"139.748";"BR-393/RJ";"Pista Sul";"Tombamento";0;0;1;0;0;0;0;0;0;0;1;1;0;0;0
"27/12/2017";"07:31:00";"18";"com vítima";"283.359";"BR-393/RJ";"Pista Norte";"Colisão lateral no sentido contrário";1;0;0;1;0;0;0;0;0;0;1;1;0;0;0
"27/12/2017";"11:10:00";"40";"com vítima";"204.09";"BR-393/RJ";"Pista Norte";"Capotamento";1;0;0;0;0;0;0;0;0;0;0;2;0;0;0
"27/12/2017";"05:55:00";"68";"sem vítima";"281.212";"BR-393/RJ";"Pista Norte";"Colisão com veículos (traseira)";2;0;0;0;0;0;0;0;0;0;4;0;0;0;0
"28/12/2017";"01:40:00";"58";"sem vítima";"213.858";"BR-393/RJ";"Pista Sul";"Colisão c/ obstáculos";1;0;0;0;0;0;0;0;0;0;2;0;0;0;0
"28/12/2017";"02:07:00";"62";"sem vítima";"281.335";"BR-393/RJ";"Pista Sul";"Colisão lateral no mesmo sentido";2;0;0;0;0;0;0;0;0;0;2;0;0;0;0
"28/12/2017";"06:25:00";"79";"sem vítima";"160.495";"BR-393/RJ";"Pista Sul";"Saídas de pista";1;0;0;0;0;0;0;0;0;0;3;0;0;0;0
"28/12/2017";"06:52:00";"80";"sem vítima";"217.096";"BR-393/RJ";"Pista Norte";"Colisão c/ obstáculos";1;0;0;0;0;0;0;0;0;0;2;0;0;0;0
"29/12/2017";"07:40:00";"22";"sem vítima";"254.184";"BR-393/RJ";"Pista Sul";"Colisão lateral no sentido contrário";1;0;2;0;1;0;0;0;0;0;9;0;0;0;0
"29/12/2017";"02:58:00";"55";"com vítima";"142.232";"BR-393/RJ";"Pista Norte";"Atropelamento de pedestre";1;1;0;0;0;0;0;0;0;0;1;0;1;0;0
"29/12/2017";"03:46:00";"58";"com vítima";"236.337";"BR-393/RJ";"Pista Norte";"Colisão lateral no sentido contrário";1;0;0;1;0;0;0;0;0;0;2;2;0;0;0
"30/12/2017";"05:10:00";"17";"sem vítima";"172.228";"BR-393/RJ";"Pista Norte";"Colisão c/ obstáculos";1;0;0;0;0;0;0;0;0;0;1;0;0;0;0
"30/12/2017";"10:53:00";"33";"sem vítima";"257.95";"BR-393/RJ";"Pista Sul";"Colisão c/ obstáculos";1;0;0;0;0;0;0;0;0;0;1;0;0;0;0
"30/12/2017";"12:13:00";"36";"sem vítima";"164.72";"BR-393/RJ";"Pista Norte";"Colisão c/ obstáculos";1;0;0;0;0;0;0;0;0;0;1;0;0;0;0
"30/12/2017";"06:03:00";"61";"sem vítima";"144.6";"BR-393/RJ";"Pista Sul";"Colisão lateral no sentido contrário";1;0;1;0;0;0;0;0;0;0;3;0;0;0;0
"30/12/2017";"06:52:00";"63";"com vítima";"169.259";"BR-393/RJ";"Pista Sul";"Acidentes de outra natureza";0;0;0;1;0;0;0;0;0;0;0;0;1;0;0
"30/12/2017";"07:00:00";"64";"sem vítima";"169.503";"BR-393/RJ";"Pista Sul";"Acidentes de outra natureza";0;0;0;1;0;0;0;0;0;0;1;0;0;0;0
"31/12/2017";"12:59:00";"2";"sem vítima";"283.327";"BR-393/RJ";"Pista Norte";"Saídas de pista";1;0;0;0;0;0;0;0;0;0;1;0;0;0;0
"31/12/2017";"09:01:00";"21";"com vítima";"114.412";"BR-393/RJ";"Pista Norte";"Tombamento";0;0;1;0;0;0;0;0;0;0;0;1;1;0;0
"31/12/2017";"05:08:00";"44";"com vítima";"263.748";"BR-393/RJ";"Pista Sul";"Colisão c/ obstáculos";0;0;0;0;0;0;0;0;0;1;0;4;0;0;0
"31/12/2017";"08:33:00";"52";"com vítima";"104.403";"BR-393/RJ";"Pista Norte";"Atropelamento de pedestre";1;0;0;0;0;0;0;0;0;0;5;0;1;0;0
"01/01/2018";"01:43:00";"2";"sem vítima";"281.517";"BR-393/RJ";"Pista Norte";"Colisão lateral no sentido contrário";2;0;0;0;0;0;0;0;0;0;2;0;0;0;0
"02/01/2018";"07:34:00";"24";"sem vítima";"114.434";"BR-393/RJ";"Pista Norte";"Tombamento";0;0;1;0;0;0;0;0;0;0;1;0;0;0;0
"03/01/2018";"07:03:00";"29";"com vítima";"164.68";"BR-393/RJ";"Pista Norte";"Acidentes de outra natureza";0;0;0;1;0;0;0;0;0;0;0;0;1;0;0
"03/01/2018";"10:12:00";"52";"sem vítima";"175.52";"BR-393/RJ";"Pista Sul";"Colisão com veículos (traseira)";1;0;0;0;1;0;0;0;0;0;2;0;0;0;0
"04/01/2018";"07:23:00";"18";"sem vítima";"123.137";"BR-393/RJ";"Pista Norte";"Colisão c/ obstáculos";1;0;0;0;0;0;0;0;0;0;1;0;0;0;0
"04/01/2018";"05:36:00";"56";"sem vítima";"205.95";"BR-393/RJ";"Pista Norte";"Capotamento";1;0;0;0;0;0;0;0;0;0;3;0;0;0;0
"05/01/2018";"12:31:00";"50";"sem vítima";"103.878";"BR-393/RJ";"Pista Norte";"Colisão com veículos (traseira)";1;0;1;0;0;0;0;0;0;0;3;0;0;0;0
"05/01/2018";"05:24:00";"76";"sem vítima";"250.897";"BR-393/RJ";"Pista Norte";"Colisão lateral no sentido contrário";1;0;1;0;0;0;0;0;0;0;2;0;0;0;0
"06/01/2018";"06:46:00";"93";"com vítima";"249.647";"BR-393/RJ";"Pista Sul";"Capotamento";1;0;0;0;0;0;0;0;0;0;0;1;0;0;0
"07/01/2018";"12:18:00";"1";"com vítima";"281.066";"BR-393/RJ";"Pista Norte";"Colisão lateral no sentido contrário";1;0;0;1;0;0;0;0;0;0;1;1;1;0;0
"07/01/2018";"01:35:00";"3";"sem vítima";"273.42";"BR-393/RJ";"Pista Norte";"Atropelamento de animais";1;0;0;0;0;0;0;0;0;0;1;0;0;0;0
"07/01/2018";"07:02:00";"21";"sem vítima";"207.817";"BR-393/RJ";"Pista Norte";"Saídas de pista";1;0;0;0;0;0;0;0;0;0;4;0;0;0;0
"07/01/2018";"01:52:00";"40";"sem vítima";"121.685";"BR-393/RJ";"Pista Sul";"Tombamento";0;0;1;0;0;0;0;0;0;0;1;0;0;0;0
"07/01/2018";"02:15:00";"41";"sem vítima";"141.787";"BR-393/RJ";"Pista Norte";"Colisão com veículos (traseira)";2;0;0;0;0;0;0;0;0;0;5;0;0;0;0
"07/01/2018";"03:25:00";"45";"sem vítima";"236.504";"BR-393/RJ";"Pista Sul";"Colisão c/ obstáculos";1;0;0;0;0;0;0;0;0;0;2;0;0;0;0
"07/01/2018";"09:32:00";"60";"sem vítima";"284.2";"BR-393/RJ";"Pista Norte";"Colisão lateral no mesmo sentido";1;0;1;0;0;0;0;0;0;0;3;0;0;0;0
"08/01/2018";"02:41:00";"66";"sem vítima";"285.998";"BR-393/RJ";"Pista Norte";"Engavetamento";2;0;0;1;0;0;0;0;0;0;3;0;0;0;0
"09/01/2018";"06:12:00";"17";"sem vítima";"184.463";"BR-393/RJ";"Pista Sul";"Colisão lateral no sentido contrário";1;0;1;0;0;0;0;0;0;0;4;0;0;0;0
"09/01/2018";"12:25:00";"46";"sem vítima";"142.295";"BR-393/RJ";"Pista Norte";"Colisão lateral no sentido contrário";2;0;0;0;0;0;0;0;0;0;2;0;0;0;0
"09/01/2018";"05:13:00";"69";"sem vítima";"135.392";"BR-393/RJ";"Pista Sul";"Engavetamento";3;0;0;0;0;0;0;0;0;0;8;0;0;0;0
"09/01/2018";"06:14:00";"75";"com vítima";"282.552";"BR-393/RJ";"Pista Norte";"Colisão c/ obstáculos";1;0;0;1;0;0;0;0;0;0;1;0;1;0;0
"10/01/2018";"01:59:00";"2";"sem vítima";"282.096";"BR-393/RJ";"Pista Norte";"Saídas de pista";1;0;0;0;0;0;0;0;0;0;1;0;0;0;0
"10/01/2018";"08:47:00";"32";"com vítima";"258.144";"BR-393/RJ";"Pista Norte";"Colisão com veículos (traseira)";2;0;0;0;0;0;0;0;0;0;4;1;0;0;0
"11/01/2018";"05:00:00";"77";"com vítima";"281.451";"BR-393/RJ";"Pista Norte";"Colisão com veículos (frontal)";1;0;0;1;0;0;0;0;0;0;1;1;0;0;0
"11/01/2018";"09:42:00";"97";"com vítima";"286.02";"BR-393/RJ";"Pista Norte";"Colisão lateral no sentido contrário";2;0;0;0;0;0;0;0;0;0;1;1;0;0;0
"12/01/2018";"04:39:00";"73";"sem vítima";"181.27";"BR-393/RJ";"Pista Norte";"Colisão lateral no sentido contrário";0;0;1;0;1;0;0;0;0;0;2;0;0;0;0
"13/01/2018";"11:14:00";"45";"com vítima";"208.975";"BR-393/RJ";"Pista Norte";"Colisão lateral no mesmo sentido";2;0;0;0;0;0;0;0;0;0;3;1;0;0;0
"13/01/2018";"05:21:00";"63";"com vítima";"285.952";"BR-393/RJ";"Pista Sul";"Colisão lateral no sentido contrário";2;0;0;0;0;0;0;0;0;0;4;2;0;0;0
"13/01/2018";"08:41:00";"72";"sem vítima";"224.103";"BR-393/RJ";"Pista Sul";"Colisão c/ obstáculos";1;0;0;0;0;0;0;0;0;0;2;0;0;0;0
"13/01/2018";"10:22:00";"81";"sem vítima";"181.256";"BR-393/RJ";"Pista Norte";"Colisão com veículos (traseira)";2;0;0;0;0;0;0;0;0;0;5;0;0;0;0
"14/01/2018";"03:26:00";"51";"com vítima";"239.937";"BR-393/RJ";"Pista Sul";"Colisão lateral no sentido contrário";1;0;0;1;0;0;0;0;0;0;2;1;0;0;0
"14/01/2018";"06:30:00";"66";"com vítima";"278.202";"BR-393/RJ";"Pista Sul";"Colisão com veículos (traseira)";1;0;0;1;0;0;0;0;0;0;1;1;0;0;0
"15/01/2018";"04:09:00";"7";"sem vítima";"285.337";"BR-393/RJ";"Pista Sul";"Colisão c/ obstáculos";1;0;0;0;0;0;0;0;0;0;1;0;0;0;0
"15/01/2018";"04:04:00";"67";"sem vítima";"210.701";"BR-393/RJ";"Pista Sul";"Tombamento";0;0;1;0;0;0;0;0;0;0;1;0;0;0;0
"15/01/2018";"10:16:00";"87";"com vítima";"181.017";"BR-393/RJ";"Pista Norte";"Colisão com veículos (frontal)";0;0;1;0;1;0;0;0;0;0;37;1;0;0;0
"16/01/2018";"11:20:00";"40";"sem vítima";"243.826";"BR-393/RJ";"Pista Sul";"Colisão c/ obstáculos";1;0;0;0;0;0;0;0;0;0;1;0;0;0;0
"17/01/2018";"07:42:00";"16";"sem vítima";"244.213";"BR-393/RJ";"Pista Norte";"Colisão lateral no sentido contrário";1;0;1;0;0;0;0;0;0;0;4;0;0;0;0
"17/01/2018";"05:36:00";"63";"sem vítima";"283.262";"BR-393/RJ";"Pista Norte";"Colisão com veículos (traseira)";2;0;0;0;0;0;0;0;0;0;2;0;0;0;0
"19/01/2018";"12:37:00";"63";"sem vítima";"177.726";"BR-393/RJ";"Pista Sul";"Colisão com veículos (traseira)";1;0;1;0;0;0;0;0;0;0;3;0;0;0;0
"20/01/2018";"04:20:00";"15";"com vítima";"248.902";"BR-393/RJ";"Pista Sul";"Colisão lateral no sentido contrário";1;0;1;0;0;0;0;0;0;0;1;2;0;0;0
"20/01/2018";"01:20:00";"48";"com vítima";"252.464";"BR-393/RJ";"Pista Norte";"Colisão lateral no sentido contrário";2;0;0;0;0;0;0;0;0;0;0;4;1;0;0
"20/01/2018";"02:36:00";"51";"com vítima";"284.159";"BR-393/RJ";"Pista Sul";"Colisão c/ obstáculos";1;0;0;1;0;0;0;0;0;0;2;1;0;0;0
"20/01/2018";"06:56:00";"64";"sem vítima";"233.84";"BR-393/RJ";"Pista Norte";"Colisão c/ obstáculos";1;0;0;0;0;0;0;0;0;0;1;0;0;0;0
"20/01/2018";"09:52:00";"72";"sem vítima";"265.044";"BR-393/RJ";"Pista Sul";"Colisão lateral no mesmo sentido";1;0;0;0;1;0;0;0;0;0;2;0;0;0;0
"20/01/2018";"11:08:00";"76";"com vítima";"155.189";"BR-393/RJ";"Pista Norte";"Colisão com veículos (frontal)";2;0;0;0;0;0;0;0;0;0;0;5;0;1;0
"21/01/2018";"04:12:00";"45";"sem vítima";"162.113";"BR-393/RJ";"Pista Norte";"Tombamento";0;0;1;0;0;0;0;0;0;0;1;0;0;0;0
"22/01/2018";"06:09:00";"88";"com vítima";"160.474";"BR-393/RJ";"Pista Norte";"Colisão com veículos (frontal)";1;0;2;0;0;0;0;0;0;0;1;0;3;1;0
"25/01/2018";"11:30:00";"44";"sem vítima";"260.177";"BR-393/RJ";"Pista Sul";"Saídas de pista";2;0;0;0;0;0;0;0;0;0;3;0;0;0;0
"25/01/2018";"05:28:00";"65";"com vítima";"131.211";"BR-393/RJ";"Pista Norte";"Atropelamento de pedestre";0;1;1;0;0;0;0;0;0;0;1;1;0;0;0
"25/01/2018";"05:53:00";"67";"sem vítima";"281.086";"BR-393/RJ";"Pista Norte";"Colisão com veículos (traseira)";2;0;0;0;0;0;0;0;0;0;3;0;0;0;0
"25/01/2018";"06:17:00";"69";"sem vítima";"267.6";"BR-393/RJ";"Pista Sul";"Colisão com veículos (traseira)";1;0;1;0;0;0;0;0;0;0;2;0;0;0;0
"26/01/2018";"01:29:00";"51";"com vítima";"234.037";"BR-393/RJ";"Pista Norte";"Colisão lateral no mesmo sentido";0;0;1;1;0;0;0;0;0;0;1;1;0;0;0
"26/01/2018";"04:43:00";"58";"com vítima";"124.323";"BR-393/RJ";"Pista Norte";"Capotamento";1;0;0;0;0;0;0;0;0;0;0;1;0;0;0
"27/01/2018";"02:39:00";"5";"sem vítima";"131.481";"BR-393/RJ";"Pista Norte";"Colisão lateral no sentido contrário";2;0;0;0;0;0;0;0;0;0;2;0;0;0;0
"27/01/2018";"04:42:00";"57";"com vítima";"242.95";"BR-393/RJ";"Pista Sul";"Tombamento";0;0;1;0;0;0;0;0;0;0;0;1;0;0;0
"27/01/2018";"05:53:00";"61";"com vítima";"110.152";"BR-393/RJ";"Pista Norte";"Capotamento";1;0;0;0;0;0;0;0;0;0;3;2;0;0;0
"28/01/2018";"01:23:00";"12";"com vítima";"247.466";"BR-393/RJ";"Pista Sul";"Colisão lateral no sentido contrário";1;0;1;0;0;0;0;0;0;0;1;2;0;0;0
"28/01/2018";"10:22:00";"30";"sem vítima";"125.612";"BR-393/RJ";"Pista Sul";"Colisão com veículos (traseira)";2;0;0;0;0;0;0;0;0;0;5;0;0;0;0
"28/01/2018";"10:13:00";"85";"com vítima";"280.603";"BR-393/RJ";"Pista Sul";"Atropelamento de pedestre";1;0;0;0;0;0;0;0;0;0;1;1;0;0;0