data;horario;n_da_ocorrencia;tipo_de_ocorrencia;km;trecho;sentido;tipo_de_acidente;automovel;bicicleta;caminhao;moto;onibus;outros;tracao_animal;transporte_de_cargas_especiais;trator_maquinas;utilitarios;ilesos;levemente_feridos;moderadamente_feridos;gravemente_feridos;mortos
"29/01/2018";"12:57:00";"45";"sem vítima";"236.505";"BR-393/RJ";"Pista Norte";"Saídas de pista";1;0;0;0;0;0;0;0;0;0;1;0;0;0;0
"29/01/2018";"02:50:00";"53";"sem vítima";"185.377";"BR-393/RJ";"Pista Norte";"Colisão com veículos (traseira)";1;0;1;0;0;0;0;0;0;0;6;0;0;0;0
"30/01/2018";"05:18:00";"63";"sem vítima";"268.343";"BR-393/RJ";"Pista Norte";"Colisão lateral no sentido contrário";2;0;0;0;0;0;0;0;0;0;2;0;0;0;0
"01/02/2018";"10:25:00";"92";"sem vítima";"285.599";"BR-393/RJ";"Pista Norte";"Colisão lateral no mesmo sentido";1;0;1;0;0;0;0;0;0;0;3;0;0;0;0
"02/02/2018";"11:12:00";"96";"com vítima";"278.445";"BR-393/RJ";"Pista Norte";"Colisão com veículos (traseira)";2;0;0;0;0;0;0;0;0;0;1;2;0;0;0
"03/02/2018";"02:01:00";"5";"com vítima";"107.915";"BR-393/RJ";"Pista Sul";"Colisão lateral no mesmo sentido";1;0;1;0;0;0;0;0;0;0;2;1;0;0;0
"03/02/2018";"04:14:00";"19";"sem vítima";"235.485";"BR-393/RJ";"Pista Sul";"Atropelamento de animais";0;0;1;0;0;0;0;0;0;0;1;0;0;0;0
"03/02/2018";"04:15:00";"18";"com vítima";"155.484";"BR-393/RJ";"Pista Norte";"Tombamento";0;0;1;0;0;0;0;0;0;0;0;4;0;0;0
"03/02/2018";"01:13:00";"48";"com vítima";"279.873";"BR-393/RJ";"Pista Norte";"Colisão com veículos (traseira)";1;0;0;0;1;0;0;0;0;0;0;2;0;0;0
"03/02/2018";"04:29:00";"66";"com vítima";"171.1";"BR-393/RJ";"Pista Sul";"Acidentes de outra natureza";0;0;0;1;0;0;0;0;0;0;0;1;0;0;0
"04/02/2018";"10:12:00";"51";"com vítima";"285.993";"BR-393/RJ";"Pista Norte";"Acidentes de outra natureza";0;0;0;1;0;0;0;0;0;0;1;1;0;0;0
"05/02/2018";"06:56:00";"66";"sem vítima";"243.3";"BR-393/RJ";"Pista Norte";"Colisão c/ obstáculos";1;0;0;0;0;0;0;0;0;0;1;0;0;0;0
"06/02/2018";"10:01:00";"86";"sem vítima";"286.312";"BR-393/RJ";"Pista Norte";"Colisão com veículos (traseira)";1;0;1;0;0;0;0;0;0;0;3;0;0;0;0
"06/02/2018";"10:26:00";"88";"sem vítima";"286.02";"BR-393/RJ";"Pista Sul";"Colisão lateral no sentido contrário";1;0;0;0;0;0;0;0;0;1;2;0;0;0;0
"07/02/2018";"04:00:00";"8";"sem vítima";"238.522";"BR-393/RJ";"Pista Sul";"Colisão lateral no sentido contrário";1;0;1;0;0;0;0;0;0;0;3;0;0;0;0
"07/02/2018";"01:57:00";"55";"com vítima";"181.9";"BR-393/RJ";"Pista Sul";"Colisão lateral no sentido contrário";1;0;0;1;0;0;0;0;0;0;2;1;0;0;0
"08/02/2018";"08:22:00";"32";"sem vítima";"283.775";"BR-393/RJ";"Pista Sul";"Tombamento";0;0;1;0;0;0;0;0;0;0;2;0;0;0;0
"08/02/2018";"09:06:00";"80";"sem vítima";"283.718";"BR-393/RJ";"Pista Sul";"Colisão com veículos (traseira)";2;0;0;0;0;0;0;0;0;0;3;0;0;0;0
"09/02/2018";"06:48:00";"20";"com vítima";"279.315";"BR-393/RJ";"Pista Norte";"Acidentes de outra natureza";0;0;0;1;0;0;0;0;0;0;0;1;0;0;0
"09/02/2018";"10:30:00";"31";"sem vítima";"160.603";"BR-393/RJ";"Pista Sul";"Colisão lateral no sentido contrário";2;0;0;0;0;0;0;0;0;0;4;0;0;0;0
"09/02/2018";"11:13:00";"34";"com vítima";"102.944";"BR-393/RJ";"Pista Norte";"Atropelamento de pedestre";0;1;1;0;0;0;0;0;0;0;1;0;1;0;0
"10/02/2018";"06:15:00";"24";"com vítima";"147.612";"BR-393/RJ";"Pista Norte";"Colisão com veículos (traseira)";2;0;0;0;0;0;0;0;0;0;5;1;0;0;0
"10/02/2018";"02:24:00";"60";"com vítima";"182.412";"BR-393/RJ";"Pista Norte";"Colisão lateral no mesmo sentido";1;0;0;0;1;0;0;0;0;0;7;1;0;0;0
"11/02/2018";"12:16:00";"45";"com vítima";"229.001";"BR-393/RJ";"Pista Norte";"Saídas de pista";0;0;1;0;0;0;0;0;0;0;0;1;0;0;0
"12/02/2018";"12:28:00";"39";"sem vítima";"211.16";"BR-393/RJ";"Pista Sul";"Colisão c/ obstáculos";1;0;0;0;0;0;0;0;0;0;3;0;0;0;0
"13/02/2018";"09:46:00";"62";"com vítima";"169.518";"BR-393/RJ";"Pista Sul";"Colisão lateral no sentido contrário";1;0;0;0;0;0;0;0;0;1;10;2;0;0;0
"14/02/2018";"01:15:00";"3";"sem vítima";"274.081";"BR-393/RJ";"Pista Sul";"Saídas de pista";1;0;0;0;0;0;0;0;0;0;1;0;0;0;0
"14/02/2018";"02:04:00";"5";"sem vítima";"238.713";"BR-393/RJ";"Pista Sul";"Colisão c/ obstáculos";1;0;0;0;0;0;0;0;0;0;2;0;0;0;0
"14/02/2018";"11:17:00";"30";"com vítima";"147.525";"BR-393/RJ";"Pista Norte";"Capotamento";1;0;0;0;0;0;0;0;0;0;0;0;1;0;0
"14/02/2018";"11:35:00";"32";"sem vítima";"107.27";"BR-393/RJ";"Pista Sul";"Colisão com veículos (traseira)";2;0;0;0;0;0;0;0;0;0;4;0;0;0;0
"14/02/2018";"03:02:00";"44";"sem vítima";"147.713";"BR-393/RJ";"Pista Norte";"Colisão com veículos (traseira)";0;0;1;0;0;0;0;0;0;1;3;0;0;0;0
"14/02/2018";"11:22:00";"65";"com vítima";"122.9";"BR-393/RJ";"Pista Sul";"Atropelamento de pedestre";0;0;0;1;0;0;0;0;0;0;0;0;1;0;1
"14/02/2018";"11:33:00";"66";"sem vítima";"181.215";"BR-393/RJ";"Pista Sul";"Colisão com veículos (traseira)";2;0;0;0;0;0;0;0;0;0;3;0;0;0;0
"16/02/2018";"05:59:00";"69";"sem vítima";"237.904";"BR-393/RJ";"Pista Norte";"Colisão lateral no sentido contrário";2;0;0;0;0;0;0;0;0;0;6;0;0;0;0
"16/02/2018";"10:16:00";"87";"sem vítima";"230.81";"BR-393/RJ";"Pista Norte";"Colisão c/ obstáculos";0;0;0;0;1;0;0;0;0;0;1;0;0;0;0
"18/02/2018";"05:34:00";"16";"sem vítima";"280.117";"BR-393/RJ";"Pista Sul";"Colisão com veículos (traseira)";2;0;0;0;0;0;0;0;0;0;2;0;0;0;0
"18/02/2018";"06:39:00";"49";"com vítima";"181.164";"BR-393/RJ";"Pista Sul";"Engavetamento";3;0;0;0;0;0;0;0;0;0;5;1;0;0;0
"18/02/2018";"06:49:00";"50";"sem vítima";"124.263";"BR-393/RJ";"Pista Norte";"Colisão c/ obstáculos";1;0;0;0;0;0;0;0;0;0;2;0;0;0;0
"19/02/2018";"12:36:00";"61";"sem vítima";"238.938";"BR-393/RJ";"Pista Norte";"Capotamento";1;0;0;0;0;0;0;0;0;0;2;0;0;0;0
"19/02/2018";"08:59:00";"87";"sem vítima";"236.487";"BR-393/RJ";"Pista Sul";"Colisão com veículos (traseira)";2;0;0;0;0;0;0;0;0;0;3;0;0;0;0
"20/02/2018";"03:21:00";"62";"sem vítima";"282.4";"BR-393/RJ";"Pista Norte";"Colisão lateral no sentido contrário";1;0;0;0;0;0;0;0;0;1;3;0;0;0;0
"20/02/2018";"04:03:00";"65";"sem vítima";"215.895";"BR-393/RJ";"Pista Norte";"Colisão lateral no sentido contrário";1;0;1;0;0;0;0;0;0;0;2;0;0;0;0
"21/02/2018";"03:09:00";"52";"sem vítima";"279.28";"BR-393/RJ";"Pista Norte";"Engavetamento";3;0;0;0;0;0;0;0;0;0;3;0;0;0;0
"21/02/2018";"05:55:00";"59";"com vítima";"235.434";"BR-393/RJ";"Pista Norte";"Colisão lateral no sentido contrário";2;0;0;0;0;0;0;0;0;0;0;1;2;0;0
"21/02/2018";"10:41:00";"63";"sem vítima";"278.776";"BR-393/RJ";"Pista Norte";"Colisão lateral no sentido contrário";2;0;0;0;0;0;0;0;0;0;2;0;0;0;0
"22/02/2018";"05:37:00";"13";"sem vítima";"252.384";"BR-393/RJ";"Pista Sul";"Saídas de pista";0;0;0;0;0;0;0;0;0;1;1;0;0;0;0
"22/02/2018";"01:28:00";"50";"sem vítima";"282.15";"BR-393/RJ";"Pista Norte";"Colisão lateral no sentido contrário";2;0;0;0;0;0;0;0;0;0;2;0;0;0;0
"22/02/2018";"01:48:00";"52";"sem vítima";"282.05";"BR-393/RJ";"Pista Sul";"Colisão com veículos (traseira)";2;0;0;0;0;0;0;0;0;0;2;0;0;0;0
"22/02/2018";"04:59:00";"62";"sem vítima";"266.066";"BR-393/RJ";"Pista Norte";"Colisão lateral no mesmo sentido";0;0;2;0;0;0;0;0;0;0;3;0;0;0;0
"24/02/2018";"05:11:00";"14";"com vítima";"208.601";"BR-393/RJ";"Pista Norte";"Colisão c/ obstáculos";1;0;0;0;0;0;0;0;0;0;0;1;1;0;0
"24/02/2018";"05:49:00";"15";"com vítima";"278.87";"BR-393/RJ";"Pista Sul";"Colisão com veículos (traseira)";2;0;0;0;0;0;0;0;0;0;2;3;1;0;0
"24/02/2018";"01:35:00";"46";"sem vítima";"230.802";"BR-393/RJ";"Pista Norte";"Colisão lateral no sentido contrário";2;0;0;0;0;0;0;0;0;0;8;0;0;0;0
"24/02/2018";"08:29:00";"62";"com vítima";"232.563";"BR-393/RJ";"Pista Sul";"Colisão lateral no sentido contrário";2;0;0;0;0;0;0;0;0;0;1;2;0;0;0
"25/02/2018";"10:24:00";"52";"com vítima";"167.92";"BR-393/RJ";"Pista Sul";"Atropelamento de pedestre";1;1;0;0;0;0;0;0;0;0;2;1;0;0;0
"26/02/2018";"12:49:00";"36";"sem vítima";"283.471";"BR-393/RJ";"Pista Sul";"Colisão com veículos (traseira)";2;0;0;0;0;0;0;0;0;0;5;0;0;0;0
"26/02/2018";"01:05:00";"37";"com vítima";"236.594";"BR-393/RJ";"Pista Norte";"Colisão lateral no mesmo sentido";0;0;0;1;1;0;0;0;0;0;1;1;0;0;0
"26/02/2018";"01:27:00";"39";"sem vítima";"281.123";"BR-393/RJ";"Pista Norte";"Colisão lateral no sentido contrário";2;0;0;0;0;0;0;0;0;0;2;0;0;0;0
"26/02/2018";"02:17:00";"41";"com vítima";"245.495";"BR-393/RJ";"Pista Sul";"Colisão lateral no mesmo sentido";1;0;0;1;0;0;0;0;0;0;1;1;0;0;0
"27/02/2018";"07:48:00";"24";"sem vítima";"282.15";"BR-393/RJ";"Pista Sul";"Engavetamento";2;0;0;0;0;0;0;0;0;1;3;0;0;0;0
"27/02/2018";"12:25:00";"52";"sem vítima";"251.851";"BR-393/RJ";"Pista Norte";"Engavetamento";0;0;3;0;0;0;0;0;0;0;3;0;0;0;0
"27/02/2018";"06:29:00";"75";"sem vítima";"266.612";"BR-393/RJ";"Pista Sul";"Colisão lateral no sentido contrário";0;0;1;0;1;0;0;0;0;0;23;0;0;0;0
"27/02/2018";"07:39:00";"84";"com vítima";"279.303";"BR-393/RJ";"Pista Sul";"Atropelamento de pedestre";1;1;0;0;0;0;0;0;0;0;1;1;0;0;0
"28/02/2018";"07:38:00";"70";"sem vítima";"194.503";"BR-393/RJ";"Pista Sul";"Colisão com veículos (traseira)";1;0;0;0;1;0;0;0;0;0;2;0;0;0;0
"01/03/2018";"08:51:00";"24";"sem vítima";"184.83";"BR-393/RJ";"Pista Sul";"Acidentes de outra natureza";0;0;1;0;0;0;0;0;0;0;1;0;0;0;0
"01/03/2018";"12:06:00";"46";"com vítima";"151.95";"BR-393/RJ";"Pista Sul";"Tombamento";0;0;1;0;0;0;0;0;0;0;0;1;0;0;0
"01/03/2018";"02:50:00";"54";"sem vítima";"232.696";"BR-393/RJ";"Pista Sul";"Colisão c/ obstáculos";1;0;0;0;0;0;0;0;0;0;1;0;0;0;0
"02/03/2018";"05:20:00";"22";"sem vítima";"2.52";"Alça Sul";"Pista Norte";"Atropelamento de animais";0;0;0;0;1;0;0;0;0;0;1;0;0;0;0
"02/03/2018";"04:33:00";"62";"com vítima";"238.237";"BR-393/RJ";"Pista Norte";"Colisão com veículos (traseira)";2;0;0;0;0;0;0;0;0;0;4;1;0;0;0
"02/03/2018";"09:28:00";"77";"com vítima";"158.8";"BR-393/RJ";"Pista Sul";"Colisão lateral no sentido contrário";1;0;0;1;0;0;0;0;0;0;1;0;1;0;0
"03/03/2018";"05:41:00";"55";"com vítima";"144.9";"BR-393/RJ";"Pista Norte";"Acidentes de outra natureza";0;0;0;1;0;0;0;0;0;0;0;0;1;0;0
"03/03/2018";"06:10:00";"58";"sem vítima";"265.6";"BR-393/RJ";"Pista Norte";"Colisão c/ obstáculos";0;0;1;0;0;0;0;0;0;0;1;0;0;0;0
"03/03/2018";"08:56:00";"69";"sem vítima";"265.6";"BR-393/RJ";"Pista Norte";"Colisão lateral no mesmo sentido";1;0;1;0;0;0;0;0;0;0;4;0;0;0;0
"04/03/2018";"10:40:00";"51";"com vítima";"105.1";"BR-393/RJ";"Pista Sul";"Colisão lateral no sentido contrário";2;0;0;0;0;0;0;0;0;0;0;2;0;0;0
"08/03/2018";"10:03:00";"37";"com vítima";"259.386";"BR-393/RJ";"Pista Norte";"Colisão lateral no sentido contrário";1;0;1;0;0;0;0;0;0;0;0;1;0;0;2
"10/03/2018";"04:36:00";"7";"sem vítima";"286.003";"BR-393/RJ";"Pista Sul";"Colisão lateral no sentido contrário";2;0;0;0;0;0;0;0;0;0;5;0;0;0;0
"10/03/2018";"06:02:00";"54";"sem vítima";"281.74";"BR-393/RJ";"Pista Norte";"Colisão c/ obstáculos";1;0;0;0;0;0;0;0;0;0;1;0;0;0;0
"10/03/2018";"11:50:00";"80";"sem vítima";"284.35";"BR-393/RJ";"Pista Sul";"Colisão com veículos (traseira)";2;0;0;0;0;0;0;0;0;0;2;0;0;0;0
"11/03/2018";"12:34:00";"42";"com vítima";"238.526";"BR-393/RJ";"Pista Norte";"Acidentes de outra natureza";0;0;0;1;0;0;0;0;0;0;0;1;0;0;0
"11/03/2018";"04:40:00";"56";"com vítima";"137.872";"BR-393/RJ";"Pista Norte";"Capotamento";1;0;0;0;0;0;0;0;0;0;0;1;0;0;0
"11/03/2018";"05:28:00";"58";"sem vítima";"138.5";"BR-393/RJ";"Pista Sul";"Colisão c/ obstáculos";1;0;1;0;0;0;0;0;0;0;2;0;0;0;0
"11/03/2018";"07:16:00";"64";"com vítima";"180.4";"BR-393/RJ";"Pista Norte";"Atropelamento de pedestre";1;0;0;0;0;0;0;0;0;0;1;0;0;1;0
"11/03/2018";"09:01:00";"69";"sem vítima";"268.34";"BR-393/RJ";"Pista Norte";"Colisão lateral no sentido contrário";1;0;1;0;0;0;0;0;0;0;3;0;0;0;0
"12/03/2018";"06:28:00";"17";"com vítima";"229.459";"BR-393/RJ";"Pista Norte";"Saídas de pista";1;0;0;0;0;0;0;0;0;0;3;2;0;0;0
"12/03/2018";"11:15:00";"78";"sem vítima";"164.779";"BR-393/RJ";"Pista Norte";"Colisão c/ obstáculos";1;0;0;0;0;0;0;0;0;0;1;0;0;0;0
"13/03/2018";"09:11:00";"56";"com vítima";"285.95";"BR-393/RJ";"Pista Norte";"Colisão lateral no sentido contrário";1;0;0;1;0;0;0;0;0;0;1;0;2;0;0
"15/03/2018";"02:21:00";"54";"com vítima";"282.213";"BR-393/RJ";"Pista Norte";"Capotamento";1;0;0;0;0;0;0;0;0;0;0;1;0;0;0
"15/03/2018";"07:48:00";"74";"sem vítima";"224.663";"BR-393/RJ";"Pista Sul";"Colisão com veículos (traseira)";1;0;1;0;0;0;0;0;0;0;2;0;0;0;0
"17/03/2018";"02:36:00";"5";"sem vítima";"177.468";"BR-393/RJ";"Pista Sul";"Colisão com veículos (traseira)";1;0;0;0;0;0;0;0;0;1;3;0;0;0;0
"17/03/2018";"12:42:00";"26";"com vítima";"165.8";"BR-393/RJ";"Pista Norte";"Colisão lateral no sentido contrário";1;0;1;0;0;0;0;0;0;0;0;3;0;0;0
"18/03/2018";"05:15:00";"20";"com vítima";"242.95";"BR-393/RJ";"Pista Norte";"Colisão com veículos (frontal)";2;0;0;0;0;0;0;0;0;0;1;0;0;3;0
"18/03/2018";"08:17:00";"26";"sem vítima";"161.919";"BR-393/RJ";"Pista Sul";"Tombamento";0;0;1;0;0;0;0;0;0;0;1;0;0;0;0
"20/03/2018";"07:56:00";"62";"sem vítima";"265.15";"BR-393/RJ";"Pista Sul";"Colisão com veículos (traseira)";1;0;1;0;0;0;0;0;0;0;2;0;0;0;0
"21/03/2018";"07:56:00";"23";"com vítima";"161.61";"BR-393/RJ";"Pista Sul";"Saídas de pista";1;0;0;0;0;0;0;0;0;0;0;1;0;0;0
"21/03/2018";"08:34:00";"25";"com vítima";"178.44";"BR-393/RJ";"Pista Norte";"Acidentes de outra natureza";0;0;0;1;0;0;0;0;0;0;0;1;0;0;0
"23/03/2018";"05:32:00";"63";"com vítima";"102.753";"BR-393/RJ";"Pista Sul";"Colisão lateral no sentido contrário";1;0;0;1;0;0;0;0;0;0;0;1;1;0;0
"23/03/2018";"08:05:00";"71";"sem vítima";"218.297";"BR-393/RJ";"Pista Sul";"Saídas de pista";0;0;1;0;0;0;0;0;0;0;1;0;0;0;0
"24/03/2018";"12:27:00";"2";"com vítima";"236.783";"BR-393/RJ";"Pista Sul";"Colisão lateral no sentido contrário";1;0;0;1;0;0;0;0;0;0;2;1;0;0;0
"24/03/2018";"02:24:00";"34";"com vítima";"103.872";"BR-393/RJ";"Pista Sul";"Acidentes de outra natureza";0;0;0;1;0;0;0;0;0;0;0;1;0;0;0
"24/03/2018";"07:42:00";"53";"sem vítima";"282.21";"BR-393/RJ";"Pista Norte";"Colisão com veículos (traseira)";2;0;0;0;0;0;0;0;0;0;5;0;0;0;0
"24/03/2018";"08:48:00";"58";"com vítima";"232.123";"BR-393/RJ";"Pista Norte";"Colisão com veículos (traseira)";2;0;0;0;0;0;0;0;0;0;1;3;0;0;0
"24/03/2018";"08:54:00";"60";"com vítima";"231.94";"BR-393/RJ";"Pista Norte";"Acidentes de outra natureza";0;0;0;1;0;0;0;0;0;0;0;0;1;0;0
"24/03/2018";"10:35:00";"65";"com vítima";"283.8";"BR-393/RJ";"Pista Norte";"Atropelamento de pedestre";3;0;0;0;0;0;0;0;0;0;1;0;1;1;0
"25/03/2018";"01:20:00";"5";"sem vítima";"140.137";"BR-393/RJ";"Pista Norte";"Colisão c/ obstáculos";0;0;1;0;0;0;0;0;0;0;1;0;0;0;0
"25/03/2018";"02:35:00";"31";"com vítima";"230.055";"BR-393/RJ";"Pista Sul";"Acidentes de outra natureza";0;0;0;1;0;0;0;0;0;0;0;1;0;0;0
"26/03/2018";"07:52:00";"17";"com vítima";"189.021";"BR-393/RJ";"Pista Norte";"Colisão c/ obstáculos";0;0;1;1;0;0;0;0;0;0;1;0;1;0;0
"27/03/2018";"01:46:00";"3";"com vítima";"178.53";"BR-393/RJ";"Pista Norte";"Colisão lateral no sentido contrário";1;0;1;0;0;0;0;0;0;0;1;1;0;0;0
"27/03/2018";"07:42:00";"27";"sem vítima";"283.655";"BR-393/RJ";"Pista Sul";"Colisão lateral no sentido contrário";2;0;0;0;0;0;0;0;0;0;2;0;0;0;0
"27/03/2018";"08:15:00";"28";"sem vítima";"265.1";"BR-393/RJ";"Pista Norte";"Colisão c/ obstáculos";0;0;0;0;1;0;0;0;0;0;1;0;0;0;0
"28/03/2018";"05:14:00";"12";"com vítima";"271.597";"BR-393/RJ";"Pista Sul";"Colisão lateral no sentido contrário";1;0;1;0;0;0;0;0;0;0;1;0;1;0;0
"28/03/2018";"09:08:00";"25";"com vítima";"238.678";"BR-393/RJ";"Pista Norte";"Acidentes de outra natureza";0;0;0;1;0;0;0;0;0;0;0;1;0;0;0
"28/03/2018";"12:47:00";"41";"com vítima";"133.344";"BR-393/RJ";"Pista Norte";"Atropelamento de pedestre";0;1;0;1;0;0;0;0;0;0;1;1;0;0;0
"29/03/2018";"02:11:00";"5";"sem vítima";"155.51";"BR-393/RJ";"Pista Norte";"Capotamento";1;0;0;0;0;0;0;0;0;0;1;0;0;0;0
"29/03/2018";"06:57:00";"19";"sem vítima";"134.231";"BR-393/RJ";"Pista Norte";"Colisão com veículos (traseira)";1;0;1;0;0;0;0;0;0;0;6;0;0;0;0
"30/03/2018";"10:03:00";"23";"com vítima";"107.8";"BR-393/RJ";"Pista Norte";"Colisão c/ obstáculos";2;1;0;1;0;0;0;0;0;0;5;1;0;0;0
"30/03/2018";"01:26:00";"32";"sem vítima";"165.265";"BR-393/RJ";"Pista Norte";"Colisão c/ obstáculos";1;0;0;0;0;0;0;0;0;0;1;0;0;0;0
"30/03/2018";"04:13:00";"43";"sem vítima";"278.882";"BR-393/RJ";"Pista Sul";"Colisão com veículos (traseira)";2;0;0;0;0;0;0;0;0;0;2;0;0;0;0
"30/03/2018";"07:00:00";"52";"com vítima";"247.165";"BR-393/RJ";"Pista Norte";"Colisão c/ obstáculos";1;0;0;0;0;0;0;0;0;0;0;1;0;0;0
"31/03/2018";"10:43:00";"20";"sem vítima";"107.2";"BR-393/RJ";"Pista Norte";"Colisão lateral no mesmo sentido";1;0;1;0;0;0;0;0;0;0;4;0;0;0;0
"31/03/2018";"08:13:00";"43";"sem vítima";"279.677";"BR-393/RJ";"Pista Norte";"Colisão com veículos (traseira)";2;0;0;0;0;0;0;0;0;0;3;0;0;0;0
"01/04/2018";"12:39:00";"32";"com vítima";"200.5";"BR-393/RJ";"Pista Norte";"Colisão lateral no sentido contrário";2;0;0;0;0;0;0;0;0;0;1;1;0;0;0
"02/04/2018";"06:58:00";"58";"sem vítima";"285.113";"BR-393/RJ";"Pista Norte";"Colisão com veículos (traseira)";2;0;0;0;0;0;0;0;0;0;5;0;0;0;0
"03/04/2018";"08:25:00";"28";"com vítima";"283.58";"BR-393/RJ";"Pista Norte";"Atropelamento de pedestre";0;1;1;0;0;0;0;0;0;0;2;0;0;1;0
"03/04/2018";"05:51:00";"61";"sem vítima";"281.68";"BR-393/RJ";"Pista Norte";"Engavetamento";4;0;0;0;0;0;0;0;0;0;9;0;0;0;0
"03/04/2018";"06:53:00";"64";"sem vítima";"138.347";"BR-393/RJ";"Pista Norte";"Colisão c/ obstáculos";1;0;0;0;0;0;0;0;0;0;1;0;0;0;0
"04/04/2018";"10:38:00";"64";"com vítima";"165.237";"BR-393/RJ";"Pista Norte";"Colisão com veículos (frontal)";2;0;0;0;0;0;0;0;0;0;0;2;0;0;0
"05/04/2018";"01:35:00";"8";"sem vítima";"211.704";"BR-393/RJ";"Pista Norte";"Atropelamento de animais";0;0;1;0;0;0;0;0;0;0;1;0;0;0;0
"05/04/2018";"10:03:00";"35";"com vítima";"168";"BR-393/RJ";"Pista Norte";"Colisão lateral no mesmo sentido";1;0;0;1;0;0;0;0;0;0;1;1;0;0;0
"08/04/2018";"03:40:00";"19";"sem vítima";"244.367";"BR-393/RJ";"Pista Sul";"Colisão c/ obstáculos";1;0;0;0;0;0;0;0;0;0;1;0;0;0;0
"08/04/2018";"10:45:00";"55";"com vítima";"124";"BR-393/RJ";"Pista Norte";"Acidentes de outra natureza";0;0;0;1;0;0;0;0;0;0;1;1;0;0;0
"08/04/2018";"10:55:00";"56";"com vítima";"163.929";"BR-393/RJ";"Pista Norte";"Colisão com veículos (traseira)";1;0;1;0;0;0;0;0;0;0;1;1;0;0;0
"09/04/2018";"03:29:00";"2";"sem vítima";"282.521";"BR-393/RJ";"Pista Sul";"Saídas de pista";1;0;0;0;0;0;0;0;0;0;1;0;0;0;0
"10/04/2018";"04:50:00";"48";"sem vítima";"175";"BR-393/RJ";"Pista Sul";"Acidentes de outra natureza";0;0;0;1;0;0;0;0;0;0;1;0;0;0;0
"10/04/2018";"05:33:00";"49";"com vítima";"281.435";"BR-393/RJ";"Pista Sul";"Colisão lateral no sentido contrário";1;0;0;1;0;0;0;0;0;0;1;1;0;0;0
"10/04/2018";"06:30:00";"54";"sem vítima";"282";"BR-393/RJ";"Pista Norte";"Colisão lateral no mesmo sentido";1;0;1;0;0;0;0;0;0;0;2;0;0;0;0
"10/04/2018";"10:30:00";"60";"com vítima";"244.263";"BR-393/RJ";"Pista Sul";"Acidentes de outra natureza";0;0;0;1;0;0;0;0;0;0;0;2;0;0;0
"11/04/2018";"03:19:00";"59";"com vítima";"281";"BR-393/RJ";"Pista Norte";"Colisão c/ obstáculos";0;0;0;1;0;0;0;0;0;0;1;1;0;0;0
"12/04/2018";"06:47:00";"64";"com vítima";"103.639";"BR-393/RJ";"Pista Norte";"Colisão c/ obstáculos";1;0;1;1;0;0;0;0;0;0;2;0;0;1;1
"13/04/2018";"01:04:00";"35";"com vítima";"177.673";"BR-393/RJ";"Pista Sul";"Colisão lateral no mesmo sentido";1;0;0;1;0;0;0;0;0;0;1;1;0;0;0
"14/04/2018";"07:00:00";"19";"com vítima";"161.701";"BR-393/RJ";"Pista Norte";"Tombamento";0;0;1;0;0;0;0;0;0;0;0;1;0;0;0
"14/04/2018";"01:32:00";"33";"com vítima";"280.177";"BR-393/RJ";"Pista Norte";"Atropelamento de pedestre";1;1;0;0;0;0;0;0;0;0;1;1;0;0;0
"14/04/2018";"06:01:00";"52";"com vítima";"161.348";"BR-393/RJ";"Pista Norte";"Acidentes de outra natureza";0;0;0;1;0;0;0;0;0;0;0;1;0;0;0
"14/04/2018";"10:26:00";"67";"com vítima";"106.888";"BR-393/RJ";"Pista Norte";"Colisão lateral no sentido contrário";1;0;0;1;0;0;0;0;0;0;3;0;1;0;0
"15/04/2018";"02:28:00";"4";"com vítima";"280.13";"BR-393/RJ";"Pista Norte";"Colisão com veículos (traseira)";1;0;0;0;1;0;0;0;0;0;1;1;0;0;0
"15/04/2018";"06:32:00";"17";"sem vítima";"271.285";"BR-393/RJ";"Pista Norte";"Colisão com veículos (traseira)";2;0;0;0;0;0;0;0;0;0;5;0;0;0;0
"15/04/2018";"01:49:00";"31";"com vítima";"128.082";"BR-393/RJ";"Pista Sul";"Acidentes de outra natureza";0;0;0;1;0;0;0;0;0;0;0;2;0;0;0