data;horario;n_da_ocorrencia;tipo_de_ocorrencia;km;trecho;sentido;tipo_de_acidente;automovel;bicicleta;caminhao;moto;onibus;outros;tracao_animal;transporte_de_cargas_especiais;trator_maquinas;utilitarios;ilesos;levemente_feridos;moderadamente_feridos;gravemente_feridos;mortos
"13/07/2018";"12:47:00";"2";"com vítima";"112.798";"BR-393/RJ";"Norte";"Colisão com veículos (frontal)";1;0;1;0;0;0;0;0;0;0;0;1;0;0;1
"13/07/2018";"01:03:00";"37";"com vítima";"135.506";"BR-393/RJ";"Sul";"Colisão com veículos (traseira)";2;0;0;0;0;0;0;0;0;0;3;2;0;0;0
"13/07/2018";"06:15:00";"44";"com vítima";"105.224";"BR-393/RJ";"Sul";"Colisão lateral no sentido contrário";1;0;0;1;0;0;0;0;0;0;1;1;0;0;0
"14/07/2018";"04:02:00";"17";"sem vítima";"279";"BR-393/RJ";"Sul";"Saídas de pista";1;0;0;0;0;0;0;0;0;0;2;0;0;0;0
"14/07/2018";"11:58:00";"32";"com vítima";"286.02";"BR-393/RJ";"Norte";"Atropelamento de pedestre";1;1;0;0;0;0;0;0;0;0;1;1;0;0;0
"15/07/2018";"12:35:00";"1";"sem vítima";"279.673";"BR-393/RJ";"Norte";"Colisão com veículos (traseira)";2;0;0;0;0;0;0;0;0;0;2;0;0;0;0
"15/07/2018";"06:26:00";"17";"com vítima";"105.607";"BR-393/RJ";"Norte";"Colisão com veículos (frontal)";0;0;1;1;1;0;0;0;0;0;24;0;1;0;0
"15/07/2018";"12:27:00";"29";"sem vítima";"238.2";"BR-393/RJ";"Sul";"Colisão c/ obstáculos";2;0;0;0;0;0;0;0;0;0;2;0;0;0;0
"15/07/2018";"09:12:00";"63";"com vítima";"281";"BR-393/RJ";"Norte";"Colisão lateral no sentido contrário";1;0;0;1;0;0;0;0;0;0;1;1;0;0;0
"16/07/2018";"06:32:00";"13";"com vítima";"281.499";"BR-393/RJ";"Norte";"Colisão c/ obstáculos";1;0;0;0;0;0;0;0;0;0;0;1;0;0;0
"18/07/2018";"02:39:00";"42";"com vítima";"285.8";"BR-393/RJ";"Sul";"Colisão com veículos (traseira)";1;0;0;1;0;0;0;0;0;0;1;1;0;0;0
"19/07/2018";"11:17:00";"34";"com vítima";"255";"BR-393/RJ";"Norte";"Colisão com veículos (traseira)";3;0;0;0;0;0;0;0;0;0;5;1;0;0;0
"19/07/2018";"02:44:00";"41";"sem vítima";"110.949";"BR-393/RJ";"Norte";"Colisão c/ obstáculos";1;0;0;0;0;0;0;0;0;0;2;0;0;0;0
"20/07/2018";"05:00:00";"15";"com vítima";"183.859";"BR-393/RJ";"Norte";"Capotamento";1;0;0;0;0;0;0;0;0;0;0;3;2;0;0
"20/07/2018";"07:00:00";"19";"com vítima";"249.242";"BR-393/RJ";"Norte";"Acidentes de outra natureza";0;0;0;1;0;0;0;0;0;0;0;1;0;0;0
"20/07/2018";"08:42:00";"20";"com vítima";"238.677";"BR-393/RJ";"Norte";"Colisão lateral no sentido contrário";2;0;0;0;0;0;0;0;0;0;1;3;0;0;0
"20/07/2018";"04:28:00";"40";"com vítima";"168.637";"BR-393/RJ";"Norte";"Capotamento";1;0;0;0;0;0;0;0;0;0;0;2;0;0;0
"20/07/2018";"08:15:00";"59";"sem vítima";"252.455";"BR-393/RJ";"Norte";"Colisão lateral no sentido contrário";2;0;0;0;0;0;0;0;0;0;2;0;0;0;0
"21/07/2018";"09:36:00";"22";"com vítima";"238.679";"BR-393/RJ";"Norte";"Colisão lateral no sentido contrário";1;0;1;0;0;0;0;0;0;0;1;0;0;1;0
"21/07/2018";"12:26:00";"31";"com vítima";"206.582";"BR-393/RJ";"Norte";"Colisão lateral no sentido contrário";1;0;2;0;0;0;0;0;0;0;2;2;0;0;0
"21/07/2018";"07:58:00";"51";"sem vítima";"200.677";"BR-393/RJ";"Sul";"Colisão c/ obstáculos";1;0;0;0;0;0;0;0;0;0;1;0;0;0;0
"22/07/2018";"06:35:00";"66";"sem vítima";"280.159";"BR-393/RJ";"Sul";"Colisão c/ obstáculos";1;0;0;0;0;0;0;0;0;0;3;0;0;0;0
"23/07/2018";"02:04:00";"47";"sem vítima";"282.29";"BR-393/RJ";"Norte";"Engavetamento";1;0;0;0;1;0;0;0;0;1;4;0;0;0;0
"24/07/2018";"01:27:00";"29";"com vítima";"217.151";"BR-393/RJ";"Norte";"Colisão c/ obstáculos";0;0;1;0;0;0;0;0;0;0;0;0;1;0;0
"25/07/2018";"05:18:00";"21";"com vítima";"121.488";"BR-393/RJ";"Sul";"Tombamento";0;0;1;0;0;0;0;0;0;0;0;1;0;0;0
"25/07/2018";"10:58:00";"31";"com vítima";"238";"BR-393/RJ";"Norte";"Colisão c/ obstáculos";1;0;0;0;0;0;0;0;0;0;0;1;0;0;0
"25/07/2018";"02:46:00";"41";"com vítima";"255.335";"BR-393/RJ";"Norte";"Colisão Lateral Mesmo Sentido";0;0;1;1;0;0;0;0;0;0;2;1;0;0;0
"26/07/2018";"01:41:00";"51";"sem vítima";"168.789";"BR-393/RJ";"Norte";"Colisão lateral no sentido contrário";2;0;0;0;0;0;0;0;0;0;2;0;0;0;0
"26/07/2018";"07:14:00";"71";"sem vítima";"210.325";"BR-393/RJ";"Sul";"Atropelamento de animais";0;0;1;0;0;0;0;0;0;0;3;0;0;0;0
"27/07/2018";"08:07:00";"17";"sem vítima";"202.5";"BR-393/RJ";"Norte";"Atropelamento de animais";1;0;0;0;0;0;0;0;0;0;1;0;0;0;0
"27/07/2018";"08:45:00";"19";"sem vítima";"283";"BR-393/RJ";"Norte";"Colisão com veículos (frontal)";1;0;1;0;0;0;0;0;0;0;2;0;0;0;0
"27/07/2018";"12:45:00";"37";"com vítima";"279.125";"BR-393/RJ";"Sul";"Colisão Lateral Mesmo Sentido";1;0;0;1;0;0;0;0;0;0;1;1;0;0;0
"28/07/2018";"02:26:00";"2";"com vítima";"123.642";"BR-393/RJ";"Sul";"Acidentes de outra natureza";0;0;0;1;0;0;0;0;0;0;1;0;1;0;0
"28/07/2018";"09:11:00";"56";"sem vítima";"265.069";"BR-393/RJ";"Sul";"Colisão Lateral Mesmo Sentido";2;0;0;0;0;0;0;0;0;0;4;0;0;0;0
"29/07/2018";"06:57:00";"20";"com vítima";"250.341";"BR-393/RJ";"Norte";"Colisão Lateral Mesmo Sentido";2;0;0;0;0;0;0;0;0;0;1;3;0;0;0
"29/07/2018";"07:42:00";"58";"com vítima";"285.9";"BR-393/RJ";"Norte";"Colisão lateral no sentido contrário";2;0;0;0;0;0;0;0;0;0;2;2;0;0;0
"30/07/2018";"01:17:00";"46";"com vítima";"252";"BR-393/RJ";"Norte";"Acidentes de outra natureza";0;0;0;1;0;0;0;0;0;0;0;1;0;0;0
"30/07/2018";"04:43:00";"55";"com vítima";"274";"BR-393/RJ";"Norte";"Atropelamento de pedestre";1;0;0;0;0;0;0;0;0;0;1;1;0;0;0
"31/07/2018";"04:47:00";"4";"sem vítima";"218.3";"BR-393/RJ";"Sul";"Colisão c/ obstáculos";0;0;0;1;0;0;0;0;0;0;1;0;0;0;0
"31/07/2018";"07:45:00";"19";"sem vítima";"187";"BR-393/RJ";"Sul";"Colisão c/ obstáculos";1;0;0;0;0;0;0;0;0;0;2;0;0;0;0
"01/08/2018";"08:44:00";"23";"sem vítima";"236.748";"BR-393/RJ";"Sul";"Colisão com veículos (traseira)";2;0;0;0;0;0;0;0;0;0;2;0;0;0;0
"01/08/2018";"04:15:00";"50";"sem vítima";"254.099";"BR-393/RJ";"Sul";"Tombamento";0;0;1;0;0;0;0;0;0;0;1;0;0;0;0
"01/08/2018";"04:29:00";"51";"sem vítima";"278.137";"BR-393/RJ";"Sul";"Colisão com veículos (traseira)";0;0;2;0;0;0;0;0;0;0;2;0;0;0;0
"02/08/2018";"02:06:00";"42";"sem vítima";"164.75";"BR-393/RJ";"Norte";"Tombamento";0;0;1;0;0;0;0;0;0;0;1;0;0;0;0
"02/08/2018";"03:00:00";"45";"sem vítima";"173.809";"BR-393/RJ";"Norte";"Colisão c/ obstáculos";1;0;0;0;0;0;0;0;0;0;1;0;0;0;0
"03/08/2018";"04:56:00";"48";"sem vítima";"241.775";"BR-393/RJ";"Sul";"Saídas de pista";1;0;0;0;0;0;0;0;0;0;3;0;0;0;0
"03/08/2018";"07:00:00";"60";"com vítima";"284.235";"BR-393/RJ";"Norte";"Colisão com veículos (traseira)";2;0;0;0;0;0;0;0;0;0;1;1;0;0;0
"03/08/2018";"07:23:00";"62";"com vítima";"228.134";"BR-393/RJ";"Sul";"Colisão com veículos (frontal)";1;0;1;0;0;0;0;0;0;0;1;0;0;1;0
"03/08/2018";"10:35:00";"66";"sem vítima";"179.312";"BR-393/RJ";"Norte";"Colisão com veículos (traseira)";1;0;1;0;0;0;0;0;0;0;4;0;0;0;0
"04/08/2018";"12:55:00";"3";"com vítima";"172.713";"BR-393/RJ";"Norte";"Saídas de pista";1;0;0;0;0;0;0;0;0;0;0;1;0;0;0
"04/08/2018";"03:35:00";"15";"com vítima";"229.874";"BR-393/RJ";"Norte";"Colisão c/ obstáculos";1;0;0;0;0;0;0;0;0;0;0;2;0;0;0
"04/08/2018";"07:59:00";"20";"sem vítima";"151.9";"BR-393/RJ";"Sul";"Saídas de pista";1;0;0;0;0;0;0;0;0;0;2;0;0;0;0
"04/08/2018";"04:42:00";"50";"com vítima";"268.315";"BR-393/RJ";"Sul";"Colisão com veículos (traseira)";2;0;0;0;0;0;0;0;0;0;2;3;0;0;0
"04/08/2018";"05:29:00";"54";"com vítima";"124.599";"BR-393/RJ";"Norte";"Tombamento";0;0;1;0;0;0;0;0;0;0;0;1;0;0;0
"05/08/2018";"10:13:00";"52";"sem vítima";"218.295";"BR-393/RJ";"Sul";"Colisão c/ obstáculos";0;0;1;0;0;0;0;0;0;0;1;0;0;0;0
"06/08/2018";"04:33:00";"48";"sem vítima";"267.05";"BR-393/RJ";"Sul";"Saídas de pista";1;0;0;0;0;0;0;0;0;0;1;0;0;0;0
"06/08/2018";"07:03:00";"52";"com vítima";"236.554";"BR-393/RJ";"Sul";"Colisão com veículos (traseira)";1;0;0;1;0;0;0;0;0;0;1;1;1;0;0
"06/08/2018";"07:20:00";"56";"com vítima";"279.6";"BR-393/RJ";"Sul";"Atropelamento de pedestre";1;1;0;0;0;0;0;0;0;0;1;0;1;0;0
"06/08/2018";"09:09:00";"63";"com vítima";"283.5";"BR-393/RJ";"Norte";"Colisão lateral no sentido contrário";1;1;0;0;0;0;0;0;0;0;1;1;0;0;0
"07/08/2018";"06:49:00";"15";"com vítima";"285.41";"BR-393/RJ";"Norte";"Colisão lateral no sentido contrário";0;0;1;1;0;0;0;0;0;0;3;2;0;0;0
"07/08/2018";"07:50:00";"16";"com vítima";"171.337";"BR-393/RJ";"Norte";"Saídas de pista";1;0;1;0;0;0;0;0;0;0;0;2;0;0;0
"07/08/2018";"03:41:00";"34";"sem vítima";"255.55";"BR-393/RJ";"Norte";"Colisão lateral no sentido contrário";1;0;0;0;1;0;0;0;0;0;3;0;0;0;0
"09/08/2018";"08:56:00";"19";"sem vítima";"175.8";"BR-393/RJ";"Norte";"Colisão c/ obstáculos";1;0;0;0;0;0;0;0;0;0;2;0;0;0;0
"09/08/2018";"01:27:00";"34";"com vítima";"283.594";"BR-393/RJ";"Sul";"Colisão lateral no sentido contrário";1;0;0;1;0;0;0;0;0;0;1;1;0;0;0
"10/08/2018";"06:44:00";"66";"com vítima";"106.729";"BR-393/RJ";"Norte";"Atropelamento - Outros";1;0;0;0;0;0;0;0;0;0;2;1;0;0;0
"11/08/2018";"04:28:00";"49";"sem vítima";"283.607";"BR-393/RJ";"Sul";"Colisão Lateral Mesmo Sentido";2;0;0;0;0;0;0;0;0;0;3;0;0;0;0
"12/08/2018";"02:28:00";"5";"com vítima";"286.003";"BR-393/RJ";"Sul";"Colisão com veículos (frontal)";1;0;0;1;0;0;0;0;0;0;0;2;0;0;1
"13/08/2018";"10:25:00";"28";"com vítima";"106.341";"BR-393/RJ";"Norte";"Colisão lateral no sentido contrário";1;0;0;1;0;0;0;0;0;0;1;1;0;0;0
"13/08/2018";"07:18:00";"60";"sem vítima";"284.58";"BR-393/RJ";"Norte";"Colisão com veículos (traseira)";2;0;0;0;0;0;0;0;0;0;2;0;0;0;0
"14/08/2018";"02:35:00";"36";"sem vítima";"277.36";"BR-393/RJ";"Sul";"Capotamento";1;0;0;0;0;0;0;0;0;0;1;0;0;0;0
"15/08/2018";"12:44:00";"2";"com vítima";"258.514";"BR-393/RJ";"Sul";"Colisão lateral no sentido contrário";1;0;1;0;0;0;0;0;0;0;2;2;0;0;0
"16/08/2018";"10:06:00";"26";"com vítima";"284.93";"BR-393/RJ";"Sul";"Colisão c/ obstáculos";1;0;0;0;0;0;0;0;0;0;0;2;0;0;0
"16/08/2018";"08:19:00";"57";"com vítima";"214.844";"BR-393/RJ";"Sul";"Colisão lateral no sentido contrário";1;0;1;0;0;0;0;0;0;0;1;0;2;0;0
"16/08/2018";"09:52:00";"58";"com vítima";"129.105";"BR-393/RJ";"Sul";"Atropelamento de pedestre";0;0;1;0;0;0;0;0;0;0;0;2;0;0;1
"17/08/2018";"12:24:00";"25";"com vítima";"131.447";"BR-393/RJ";"Norte";"Atropelamento de pedestre";0;1;0;1;0;0;0;0;0;0;1;1;0;0;0
"17/08/2018";"04:38:00";"42";"com vítima";"138.2";"BR-393/RJ";"Norte";"Saídas de pista";1;0;0;0;0;0;0;0;0;0;1;1;0;0;0
"18/08/2018";"11:41:00";"34";"com vítima";"246.167";"BR-393/RJ";"Norte";"Capotamento";0;0;0;1;0;0;0;0;0;0;0;0;0;0;1
"18/08/2018";"06:35:00";"53";"sem vítima";"274.5";"BR-393/RJ";"Sul";"Colisão com veículos (traseira)";2;0;0;0;0;0;0;0;0;0;2;0;0;0;0
"18/08/2018";"06:53:00";"57";"com vítima";"236.788";"BR-393/RJ";"Norte";"Colisão lateral no sentido contrário";1;0;0;1;0;0;0;0;0;0;1;2;0;0;0
"19/08/2018";"07:52:00";"52";"com vítima";"278.917";"BR-393/RJ";"Norte";"Acidentes de outra natureza";0;0;0;1;0;0;0;0;0;0;0;1;0;0;0
"20/08/2018";"04:13:00";"42";"com vítima";"268.35";"BR-393/RJ";"Sul";"Colisão lateral no sentido contrário";2;0;0;0;0;0;0;0;0;0;0;2;0;0;0
"20/08/2018";"08:29:00";"58";"com vítima";"280.444";"BR-393/RJ";"Sul";"Colisão com veículos (traseira)";2;0;0;0;0;0;0;0;0;0;2;2;0;0;0
"22/08/2018";"03:08:00";"4";"sem vítima";"206.308";"BR-393/RJ";"Sul";"Colisão c/ obstáculos";0;0;1;0;0;0;0;0;0;0;1;0;0;0;0
"22/08/2018";"08:24:00";"20";"com vítima";"168.039";"BR-393/RJ";"Norte";"Colisão com veículos (frontal)";1;0;0;1;0;0;0;0;0;0;1;1;0;0;0
"22/08/2018";"04:09:00";"48";"com vítima";"142.379";"BR-393/RJ";"Norte";"Atropelamento de pedestre";1;0;0;0;0;0;0;0;0;0;1;2;1;0;0
"22/08/2018";"07:00:00";"64";"com vítima";"125.8";"BR-393/RJ";"Norte";"Colisão com veículos (traseira)";1;0;1;0;0;0;0;0;0;0;1;1;0;0;0
"23/08/2018";"08:07:00";"28";"sem vítima";"279.229";"BR-393/RJ";"Sul";"Colisão com veículos (traseira)";2;0;0;0;0;0;0;0;0;0;2;0;0;0;0
"23/08/2018";"12:11:00";"38";"com vítima";"202.548";"BR-393/RJ";"Sul";"Colisão com veículos (traseira)";1;0;1;0;0;0;0;0;0;0;0;5;0;0;0
"23/08/2018";"07:32:00";"62";"com vítima";"175.6";"BR-393/RJ";"Norte";"Colisão Lateral Mesmo Sentido";1;0;0;1;0;0;0;0;0;0;1;1;0;0;0
"25/08/2018";"01:53:00";"38";"com vítima";"252.403";"BR-393/RJ";"Norte";"Acidentes de outra natureza";0;0;0;1;0;0;0;0;0;0;0;1;0;0;0
"25/08/2018";"07:39:00";"54";"com vítima";"167.77";"BR-393/RJ";"Norte";"Colisão lateral no sentido contrário";1;0;0;1;0;0;0;0;0;0;1;1;0;0;0
"25/08/2018";"11:05:00";"64";"com vítima";"285.61";"BR-393/RJ";"Norte";"Colisão lateral no sentido contrário";2;0;0;0;0;0;0;0;0;0;3;1;0;0;0
"26/08/2018";"05:17:00";"42";"sem vítima";"238.685";"BR-393/RJ";"Norte";"Colisão lateral no sentido contrário";1;0;1;0;0;0;0;0;0;0;4;0;0;0;0
"27/08/2018";"08:23:00";"29";"sem vítima";"258.045";"BR-393/RJ";"Norte";"Colisão c/ obstáculos";1;0;0;0;0;0;0;0;0;0;1;0;0;0;0
"27/08/2018";"10:03:00";"35";"com vítima";"144.337";"BR-393/RJ";"Sul";"Colisão lateral no sentido contrário";0;0;1;1;0;0;0;0;0;0;0;1;0;1;0
"27/08/2018";"02:12:00";"47";"sem vítima";"263.045";"BR-393/RJ";"Sul";"Colisão c/ obstáculos";0;0;2;0;0;0;0;0;0;0;2;0;0;0;0
"28/08/2018";"05:20:00";"48";"com vítima";"281.73";"BR-393/RJ";"Sul";"Colisão com veículos (traseira)";1;0;0;1;0;0;0;0;0;0;1;1;0;0;0
"28/08/2018";"06:33:00";"50";"sem vítima";"279";"BR-393/RJ";"Norte";"Colisão lateral no sentido contrário";1;0;0;0;1;0;0;0;0;0;2;0;0;0;0
"29/08/2018";"06:15:00";"19";"com vítima";"153.583";"BR-393/RJ";"Sul";"Tombamento";0;0;1;0;0;0;0;0;0;0;0;1;0;0;1
"29/08/2018";"10:26:00";"61";"com vítima";"219";"BR-393/RJ";"Norte";"Colisão com veículos (traseira)";0;0;0;1;1;0;0;0;0;0;18;0;1;0;0
"30/08/2018";"08:01:00";"28";"sem vítima";"284";"BR-393/RJ";"Norte";"Colisão lateral no sentido contrário";2;0;0;0;0;0;0;0;0;0;2;0;0;0;0
"30/08/2018";"07:32:00";"78";"sem vítima";"134.113";"BR-393/RJ";"Norte";"Colisão lateral no sentido contrário";1;0;1;0;0;0;0;0;0;0;4;0;0;0;0
"30/08/2018";"08:15:00";"81";"com vítima";"285.4";"BR-393/RJ";"Sul";"Atropelamento de pedestre";1;1;0;0;0;0;0;0;0;0;1;0;1;0;0
"31/08/2018";"10:38:00";"46";"sem vítima";"195";"BR-393/RJ";"Norte";"Colisão c/ obstáculos";2;0;0;0;0;0;0;0;0;0;2;0;0;0;0
"31/08/2018";"01:38:00";"60";"com vítima";"230.852";"BR-393/RJ";"Sul";"Saídas de pista";1;0;0;0;0;0;0;0;0;0;0;3;0;0;0
"31/08/2018";"08:28:00";"89";"sem vítima";"286.001";"BR-393/RJ";"Norte";"Colisão com veículos (traseira)";2;0;0;0;0;0;0;0;0;0;2;0;0;0;0
"02/09/2018";"11:47:00";"66";"com vítima";"238.628";"BR-393/RJ";"Norte";"Colisão lateral no sentido contrário";1;0;0;0;1;0;0;0;0;0;1;1;0;0;0
"03/09/2018";"09:35:00";"24";"com vítima";"103.937";"BR-393/RJ";"Norte";"Colisão com veículos (traseira)";1;0;0;1;0;0;0;0;0;0;1;1;0;0;0
"03/09/2018";"10:22:00";"27";"com vítima";"200.468";"BR-393/RJ";"Norte";"Colisão lateral no sentido contrário";1;0;1;0;0;0;0;0;0;0;0;2;0;0;0
"03/09/2018";"12:15:00";"32";"sem vítima";"136.502";"BR-393/RJ";"Norte";"Colisão lateral no mesmo sentido";0;0;1;0;1;0;0;0;0;0;2;0;0;0;0
"03/09/2018";"08:37:00";"71";"sem vítima";"236.595";"BR-393/RJ";"Norte";"Colisão com veículos (traseira)";2;0;0;0;0;0;0;0;0;0;2;0;0;0;0
"04/09/2018";"04:05:00";"10";"com vítima";"139.5";"BR-393/RJ";"Sul";"Saídas de pista";0;0;1;0;0;0;0;0;0;0;0;1;0;0;0
"04/09/2018";"01:52:00";"48";"com vítima";"188.318";"BR-393/RJ";"Sul";"Colisão c/ obstáculos";1;0;0;0;0;0;0;0;0;0;0;1;0;0;0
"05/09/2018";"05:24:00";"15";"com vítima";"239.615";"BR-393/RJ";"Norte";"Saídas de pista";1;0;0;0;0;0;0;0;0;0;0;1;0;0;0
"05/09/2018";"05:10:00";"58";"com vítima";"237.124";"BR-393/RJ";"Sul";"Colisão lateral no mesmo sentido";2;0;0;0;0;0;0;0;0;0;2;1;0;0;0
"06/09/2018";"03:05:00";"5";"com vítima";"132.05";"BR-393/RJ";"Norte";"Colisão c/ obstáculos";1;0;0;0;0;0;0;0;0;0;1;1;0;0;0
"06/09/2018";"03:43:00";"53";"com vítima";"103.79";"BR-393/RJ";"Norte";"Colisão com veículos (frontal)";0;0;1;1;0;0;0;0;0;0;1;0;0;1;1
"06/09/2018";"06:14:00";"64";"com vítima";"135.737";"BR-393/RJ";"Sul";"Saídas de pista";1;0;0;0;0;0;0;0;0;0;0;1;0;0;0
"06/09/2018";"06:50:00";"68";"sem vítima";"267.734";"BR-393/RJ";"Norte";"Atropelamento de animais";0;0;1;0;0;0;0;0;0;0;1;0;0;0;0
"06/09/2018";"09:15:00";"75";"sem vítima";"110.5";"BR-393/RJ";"Norte";"Colisão com veículos (traseira)";1;0;0;1;0;0;0;0;0;0;2;0;0;0;0
"07/09/2018";"09:08:00";"66";"com vítima";"175.6";"BR-393/RJ";"Norte";"Acidentes de outra natureza";0;0;0;1;0;0;0;0;0;0;0;1;0;0;0
"08/09/2018";"09:51:00";"23";"com vítima";"171.762";"BR-393/RJ";"Sul";"Colisão com veículos (traseira)";2;0;0;0;0;0;0;0;0;0;4;1;0;0;0
"08/09/2018";"01:47:00";"38";"sem vítima";"238";"BR-393/RJ";"Sul";"Colisão c/ obstáculos";1;0;0;0;0;0;0;0;0;0;1;0;0;0;0
"08/09/2018";"08:02:00";"56";"sem vítima";"284.225";"BR-393/RJ";"Norte";"Colisão lateral no mesmo sentido";1;0;1;0;0;0;0;0;0;0;2;0;0;0;0
"09/09/2018";"04:30:00";"40";"sem vítima";"212.087";"BR-393/RJ";"Norte";"Colisão com veículos (traseira)";2;0;0;0;0;0;0;0;0;0;4;0;0;0;0
"09/09/2018";"05:19:00";"43";"com vítima";"252.389";"BR-393/RJ";"Norte";"Colisão lateral no sentido contrário";1;0;1;0;0;0;0;0;0;0;1;2;1;0;0
"09/09/2018";"07:28:00";"51";"com vítima";"110.231";"BR-393/RJ";"Norte";"Capotamento";1;0;0;0;0;0;0;0;0;0;0;1;0;0;0
"10/09/2018";"08:28:00";"20";"sem vítima";"282.178";"BR-393/RJ";"Sul";"Engavetamento";3;0;0;0;0;0;0;0;0;0;4;0;0;0;0
"10/09/2018";"06:31:00";"52";"sem vítima";"130.361";"BR-393/RJ";"Sul";"Saida de Pista";0;0;1;0;0;0;0;0;0;0;1;0;0;0;0
"10/09/2018";"07:12:00";"54";"com vítima";"232.7";"BR-393/RJ";"Sul";"Colisão lateral no sentido contrário";2;0;0;0;0;0;0;0;0;0;1;2;1;0;0
"11/09/2018";"07:58:00";"99";"com vítima";"286.003";"BR-393/RJ";"Sul";"Colisão lateral no sentido contrário";1;0;0;1;0;0;0;0;0;0;0;2;0;0;0
"11/09/2018";"11:57:00";"111";"com vítima";"224.408";"BR-393/RJ";"Norte";"Colisão lateral no sentido contrário";0;0;1;0;0;0;0;0;0;1;0;2;0;0;0
"13/09/2018";"02:12:00";"36";"com vítima";"190.342";"BR-393/RJ";"Norte";"Colisão lateral no sentido contrário";2;0;0;0;0;0;0;0;0;0;0;3;1;0;0
"14/09/2018";"07:37:00";"18";"com vítima";"274.8";"BR-393/RJ";"Sul";"Saídas de pista";1;0;0;0;0;0;0;0;0;0;0;2;0;0;0
"14/09/2018";"10:23:00";"89";"sem vítima";"265";"BR-393/RJ";"Sul";"Engavetamento";1;0;1;0;0;0;0;0;0;1;7;0;0;0;0
"15/09/2018";"12:02:00";"1";"sem vítima";"284.349";"BR-393/RJ";"Norte";"Colisão com veículos (traseira)";2;0;0;0;0;0;0;0;0;0;2;0;0;0;0
"15/09/2018";"01:39:00";"3";"com vítima";"108.232";"BR-393/RJ";"Norte";"Colisão c/ obstáculos";0;0;1;0;0;0;0;0;0;0;0;0;1;0;0
"15/09/2018";"09:11:00";"22";"sem vítima";"274";"BR-393/RJ";"Sul";"Saídas de pista";1;0;0;0;0;0;0;0;0;0;1;0;0;0;0
"15/09/2018";"04:11:00";"50";"sem vítima";"168";"BR-393/RJ";"Sul";"Saídas de pista";1;0;0;0;0;0;0;0;0;0;1;0;0;0;0
"15/09/2018";"06:40:00";"54";"sem vítima";"209.649";"BR-393/RJ";"Sul";"Colisão c/ obstáculos";0;0;0;1;0;0;0;0;0;0;2;0;0;0;0
"16/09/2018";"11:13:00";"36";"com vítima";"190.705";"BR-393/RJ";"Norte";"Colisão c/ obstáculos";1;0;0;0;0;0;0;0;0;0;0;2;0;0;0
"16/09/2018";"11:07:00";"65";"sem vítima";"235.99";"BR-393/RJ";"Norte";"Saídas de pista";1;0;0;0;0;0;0;0;0;0;2;0;0;0;0
"17/09/2018";"02:05:00";"38";"sem vítima";"263";"BR-393/RJ";"Sul";"Saídas de pista";1;0;0;0;0;0;0;0;0;0;1;0;0;0;0
"18/09/2018";"08:15:00";"24";"sem vítima";"275.704";"BR-393/RJ";"Norte";"Colisão com veículos (traseira)";2;0;0;0;0;0;0;0;0;0;4;0;0;0;0
"18/09/2018";"04:53:00";"67";"com vítima";"275";"BR-393/RJ";"Norte";"Queda de Moto";0;0;0;1;0;0;0;0;0;0;0;1;0;0;0
"20/09/2018";"11:42:00";"61";"com vítima";"101.9";"BR-393/RJ";"Norte";"Colisão c/ obstáculos";1;0;0;0;0;0;0;0;0;0;0;0;0;1;0
"21/09/2018";"06:50:00";"18";"com vítima";"278.715";"BR-393/RJ";"Norte";"Colisão lateral no sentido contrário";2;0;0;0;0;0;0;0;0;0;0;2;0;0;0
"21/09/2018";"07:19:00";"21";"com vítima";"285.18";"BR-393/RJ";"Sul";"Colisão com veículos (frontal)";1;0;0;0;1;0;0;0;0;0;0;2;0;0;0
"21/09/2018";"09:01:00";"25";"sem vítima";"155.5";"BR-393/RJ";"Norte";"Colisão com veículos (traseira)";0;0;2;0;0;0;0;0;0;0;2;0;0;0;0
"21/09/2018";"02:40:00";"38";"sem vítima";"159";"BR-393/RJ";"Norte";"Colisão lateral no mesmo sentido";1;0;2;0;0;0;0;0;0;0;3;0;0;0;0
"21/09/2018";"06:39:00";"54";"com vítima";"125.858";"BR-393/RJ";"Sul";"Colisão com veículos (traseira)";0;0;1;0;1;0;0;0;0;0;3;1;0;0;0
"22/09/2018";"04:31:00";"42";"sem vítima";"254";"BR-393/RJ";"Sul";"Colisão lateral no mesmo sentido";1;0;1;0;0;0;0;0;0;0;3;0;0;0;0