data;horario;n_da_ocorrencia;tipo_de_ocorrencia;km;trecho;sentido;tipo_de_acidente;automovel;bicicleta;caminhao;moto;onibus;outros;tracao_animal;transporte_de_cargas_especiais;trator_maquinas;utilitarios;ilesos;levemente_feridos;moderadamente_feridos;gravemente_feridos;mortos
"22/09/2018";"09:51:00";"56";"com vítima";"282.9";"BR-393/RJ";"Sul";"Atropelamento de pedestre";0;1;1;0;0;0;0;0;0;0;1;0;0;1;0
"23/09/2018";"09:40:00";"30";"sem vítima";"167.729";"BR-393/RJ";"Norte";"Engavetamento";2;0;1;0;0;0;0;0;0;0;5;0;0;0;0
"23/09/2018";"10:08:00";"33";"sem vítima";"127.931";"BR-393/RJ";"Sul";"Colisão c/ obstáculos";1;0;0;0;0;0;0;0;0;0;1;0;0;0;0
"24/09/2018";"12:22:00";"2";"sem vítima";"278.891";"BR-393/RJ";"Sul";"Colisão com veículos (traseira)";2;0;0;0;0;0;0;0;0;0;4;0;0;0;0
"24/09/2018";"08:07:00";"29";"com vítima";"286.001";"BR-393/RJ";"Norte";"Colisão lateral no mesmo sentido";1;0;1;0;0;0;0;0;0;0;1;1;0;0;0
"26/09/2018";"07:37:00";"20";"sem vítima";"177.794";"BR-393/RJ";"Norte";"Colisão com veículos (traseira)";1;0;1;0;0;0;0;0;0;0;2;0;0;0;0
"26/09/2018";"12:22:00";"47";"sem vítima";"265.125";"BR-393/RJ";"Norte";"Acidentes de outra natureza";0;0;0;1;0;0;0;0;0;0;1;0;0;0;0
"26/09/2018";"07:21:00";"79";"com vítima";"179.3";"BR-393/RJ";"Sul";"Colisão com veículos (traseira)";0;0;1;1;0;0;0;0;0;0;1;0;1;0;0
"26/09/2018";"09:53:00";"94";"com vítima";"134.96";"BR-393/RJ";"Norte";"Colisão com veículos (frontal)";1;0;0;0;1;0;0;0;0;0;1;15;0;0;1
"27/09/2018";"06:00:00";"18";"com vítima";"256.831";"BR-393/RJ";"Sul";"Objeto lançado contra veículo";2;0;0;0;0;0;0;0;0;0;4;1;0;0;0
"27/09/2018";"08:32:00";"25";"com vítima";"189.488";"BR-393/RJ";"Norte";"Saídas de pista";1;0;0;0;0;0;0;0;0;0;0;1;0;0;0
"27/09/2018";"10:04:00";"30";"sem vítima";"286";"BR-393/RJ";"Norte";"Colisão lateral no sentido contrário";2;0;0;0;0;0;0;0;0;0;2;0;0;0;0
"27/09/2018";"08:21:00";"73";"com vítima";"235.2";"BR-393/RJ";"Sul";"Colisão lateral no sentido contrário";2;0;0;0;0;0;0;0;0;0;0;2;0;0;0
"27/09/2018";"09:47:00";"75";"sem vítima";"284.616";"BR-393/RJ";"Sul";"Engavetamento";3;0;0;0;0;0;0;0;0;0;7;0;0;0;0
"28/09/2018";"07:38:00";"9";"com vítima";"110";"BR-393/RJ";"Norte";"Colisão com veículos (traseira)";1;0;0;1;0;0;0;0;0;0;1;0;1;0;0
"28/09/2018";"09:47:00";"15";"com vítima";"282";"BR-393/RJ";"Norte";"Colisão lateral no sentido contrário";1;0;0;1;0;0;0;0;0;0;1;0;1;0;0
"28/09/2018";"05:56:00";"38";"sem vítima";"139.5";"BR-393/RJ";"Sul";"Saídas de pista";1;0;0;0;0;0;0;0;0;0;2;0;0;0;0
"28/09/2018";"06:40:00";"44";"sem vítima";"254.465";"BR-393/RJ";"Sul";"Colisão lateral no sentido contrário";1;0;1;0;0;0;0;0;0;0;2;0;0;0;0
"28/09/2018";"07:02:00";"47";"com vítima";"133";"BR-393/RJ";"Sul";"Colisão lateral no sentido contrário";1;0;1;0;0;0;0;0;0;0;1;1;0;0;0
"29/09/2018";"03:43:00";"11";"sem vítima";"103.4";"BR-393/RJ";"Norte";"Capotamento";1;0;0;0;0;0;0;0;0;0;1;0;0;0;0
"29/09/2018";"07:27:00";"14";"com vítima";"281.33";"BR-393/RJ";"Norte";"Colisão c/ obstáculos";1;0;0;0;0;0;0;0;0;0;0;1;0;0;0
"30/09/2018";"01:01:00";"1";"sem vítima";"186.903";"BR-393/RJ";"Sul";"Colisão c/ obstáculos";1;0;0;0;0;0;0;0;0;0;3;0;0;0;0
"01/10/2018";"06:23:00";"18";"com vítima";"284.456";"BR-393/RJ";"Sul";"Engavetamento";3;0;0;0;0;0;0;0;0;0;4;1;0;0;0
"01/10/2018";"10:08:00";"68";"sem vítima";"125";"BR-393/RJ";"Norte";"Colisão com veículos (traseira)";1;0;1;0;0;0;0;0;0;0;2;0;0;0;0
"02/10/2018";"03:54:00";"2";"sem vítima";"249.025";"BR-393/RJ";"Sul";"Colisão c/ obstáculos";0;0;1;0;0;0;0;0;0;0;1;0;0;0;0
"02/10/2018";"10:58:00";"25";"sem vítima";"106.962";"BR-393/RJ";"Norte";"Colisão com veículos (traseira)";0;0;2;0;0;0;0;0;0;0;2;0;0;0;0
"02/10/2018";"05:52:00";"50";"com vítima";"103";"BR-393/RJ";"Norte";"Colisão lateral no sentido contrário";0;0;1;1;0;0;0;0;0;0;1;1;1;0;0
"03/10/2018";"12:26:00";"38";"sem vítima";"285.455";"BR-393/RJ";"Norte";"Colisão lateral no sentido contrário";2;0;0;0;0;0;0;0;0;0;2;0;0;0;0
"03/10/2018";"03:22:00";"43";"sem vítima";"178.226";"BR-393/RJ";"Sul";"Colisão com veículos (traseira)";1;0;1;0;0;0;0;0;0;0;3;0;0;0;0
"03/10/2018";"05:56:00";"48";"sem vítima";"281.162";"BR-393/RJ";"Sul";"Colisão lateral no mesmo sentido";1;0;0;0;0;0;0;0;0;1;8;0;0;0;0
"04/10/2018";"12:21:00";"41";"sem vítima";"285.2";"BR-393/RJ";"Norte";"Engavetamento";3;0;0;0;0;0;0;0;0;0;5;0;0;0;0
"04/10/2018";"07:17:00";"70";"com vítima";"142.8";"BR-393/RJ";"Norte";"Colisão lateral no sentido contrário";1;0;1;0;0;0;0;0;0;0;1;2;0;0;0
"05/10/2018";"01:37:00";"48";"com vítima";"175.53";"BR-393/RJ";"Norte";"Colisão lateral no mesmo sentido";1;0;1;0;0;0;0;0;0;0;0;2;0;0;0
"05/10/2018";"03:54:00";"54";"com vítima";"274.2";"BR-393/RJ";"Norte";"Tombamento";0;0;1;0;0;0;0;0;0;0;0;2;0;0;0
"05/10/2018";"10:46:00";"67";"sem vítima";"285.494";"BR-393/RJ";"Norte";"Colisão lateral no mesmo sentido";1;0;0;1;0;0;0;0;0;0;3;0;0;0;0
"06/10/2018";"06:34:00";"15";"sem vítima";"275.4";"BR-393/RJ";"Sul";"Colisão lateral no sentido contrário";0;0;2;0;0;0;0;0;0;0;2;0;0;0;0
"06/10/2018";"03:42:00";"42";"com vítima";"217.606";"BR-393/RJ";"Norte";"Colisão lateral no sentido contrário";3;0;0;0;0;0;0;0;0;0;2;1;0;0;0
"07/10/2018";"05:43:00";"13";"sem vítima";"283.638";"BR-393/RJ";"Norte";"Colisão c/ obstáculos";1;0;0;0;0;0;0;0;0;0;1;0;0;0;0
"07/10/2018";"06:03:00";"14";"com vítima";"246.923";"BR-393/RJ";"Norte";"Colisão c/ obstáculos";1;0;0;0;0;0;0;0;0;0;0;0;1;0;0
"07/10/2018";"06:10:00";"45";"com vítima";"238.587";"BR-393/RJ";"Norte";"Colisão lateral no sentido contrário";1;0;1;0;0;0;0;0;0;0;0;3;0;0;0
"08/10/2018";"09:28:00";"25";"sem vítima";"283.112";"BR-393/RJ";"Norte";"Colisão lateral no sentido contrário";1;0;1;0;0;0;0;0;0;0;2;0;0;0;0
"10/10/2018";"11:25:00";"68";"sem vítima";"280.077";"BR-393/RJ";"Norte";"Colisão com veículos (traseira)";1;0;1;0;0;0;0;0;0;0;2;0;0;0;0
"11/10/2018";"04:23:00";"41";"com vítima";"258";"BR-393/RJ";"Norte";"Colisão lateral no sentido contrário";1;0;0;0;0;0;0;0;0;1;6;1;0;0;0
"11/10/2018";"06:49:00";"47";"com vítima";"236.567";"BR-393/RJ";"Norte";"Engavetamento";2;0;0;1;0;0;0;0;0;0;2;1;0;0;0
"12/10/2018";"07:00:00";"16";"com vítima";"114.37";"BR-393/RJ";"Norte";"Colisão c/ obstáculos";1;0;0;0;0;0;0;0;0;0;0;1;0;0;0
"12/10/2018";"12:11:00";"25";"com vítima";"232.081";"BR-393/RJ";"Norte";"Colisão lateral no sentido contrário";2;0;0;0;0;0;0;0;0;0;5;2;0;0;0
"12/10/2018";"08:09:00";"47";"com vítima";"199.849";"BR-393/RJ";"Sul";"Capotamento";1;0;0;0;0;0;0;0;0;0;0;1;0;0;0
"12/10/2018";"09:07:00";"49";"com vítima";"114.369";"BR-393/RJ";"Norte";"Tombamento";0;0;1;0;0;0;0;0;0;0;0;1;0;0;0
"12/10/2018";"10:51:00";"53";"com vítima";"242.518";"BR-393/RJ";"Sul";"Saida de Pista";1;0;0;0;0;0;0;0;0;0;1;1;0;0;0
"13/10/2018";"12:47:00";"2";"sem vítima";"233.173";"BR-393/RJ";"Sul";"Acidentes de outra natureza";0;0;0;1;0;0;0;0;0;0;1;0;0;0;0
"13/10/2018";"06:13:00";"41";"com vítima";"281.429";"BR-393/RJ";"Sul";"Atropelamento de pedestre";1;0;0;0;0;0;0;0;0;0;1;0;1;0;0
"14/10/2018";"05:16:00";"16";"sem vítima";"262.919";"BR-393/RJ";"Sul";"Capotamento";1;0;0;0;0;0;0;0;0;0;1;0;0;0;0
"14/10/2018";"11:59:00";"32";"com vítima";"286.001";"BR-393/RJ";"Norte";"Atropelamento de pedestre";1;0;0;0;0;0;0;0;0;0;0;1;0;1;0
"17/10/2018";"10:43:00";"37";"com vítima";"227.896";"BR-393/RJ";"Norte";"Colisão lateral no mesmo sentido";1;0;0;1;0;0;0;0;0;0;1;1;0;0;0
"18/10/2018";"10:33:00";"30";"sem vítima";"265";"BR-393/RJ";"Norte";"Colisão c/ obstáculos";0;0;1;0;0;0;0;0;0;0;1;0;0;0;0
"19/10/2018";"05:02:00";"15";"com vítima";"269.394";"BR-393/RJ";"Sul";"Capotamento";1;0;0;0;0;0;0;0;0;0;0;1;0;0;0
"19/10/2018";"12:00:00";"38";"sem vítima";"132";"BR-393/RJ";"Sul";"Colisão lateral no mesmo sentido";1;0;1;0;0;0;0;0;0;0;4;0;0;0;0
"19/10/2018";"04:35:00";"49";"com vítima";"132.394";"BR-393/RJ";"Sul";"Colisão com veículos (frontal)";1;0;0;1;0;0;0;0;0;0;1;0;0;1;0
"19/10/2018";"07:00:00";"53";"com vítima";"282.614";"BR-393/RJ";"Sul";"Colisão com veículos (traseira)";1;0;0;1;0;0;0;0;0;0;0;2;0;0;0
"20/10/2018";"01:43:00";"32";"sem vítima";"271.953";"BR-393/RJ";"Sul";"Colisão c/ obstáculos";1;0;1;0;0;0;0;0;0;0;7;0;0;0;0
"20/10/2018";"06:42:00";"44";"com vítima";"256.87";"BR-393/RJ";"Norte";"Colisão lateral no sentido contrário";1;0;0;1;0;0;0;0;0;0;1;0;1;0;0
"20/10/2018";"08:15:00";"48";"com vítima";"283.048";"BR-393/RJ";"Sul";"Colisão lateral no sentido contrário";2;0;0;0;0;0;0;0;0;0;0;2;1;0;0
"21/10/2018";"03:22:00";"6";"com vítima";"281.936";"BR-393/RJ";"Sul";"Acidentes de outra natureza";0;0;0;1;0;0;0;0;0;0;0;1;0;0;0
"21/10/2018";"01:23:00";"44";"com vítima";"155.528";"BR-393/RJ";"Norte";"Tombamento";0;0;1;0;0;0;0;0;0;0;0;1;0;0;0
"22/10/2018";"01:02:00";"12";"com vítima";"0.6";"Alça Sul";"Norte";"Colisão com veículos (frontal)";2;0;0;0;0;0;0;0;0;0;0;0;0;1;1
"23/10/2018";"12:26:00";"40";"com vítima";"167";"BR-393/RJ";"Norte";"Colisão com veículos (traseira)";1;0;1;0;0;0;0;0;0;0;2;1;0;0;0
"24/10/2018";"02:06:00";"10";"com vítima";"207.093";"BR-393/RJ";"Sul";"Saida de Pista";0;0;1;0;0;0;0;0;0;0;0;2;0;0;0
"24/10/2018";"02:17:00";"11";"com vítima";"111.19";"BR-393/RJ";"Sul";"Colisão c/ obstáculos";1;0;0;0;0;0;0;0;0;0;0;1;0;0;0
"24/10/2018";"04:51:00";"16";"sem vítima";"168";"BR-393/RJ";"Sul";"Colisão c/ obstáculos";1;0;0;0;0;0;0;0;0;0;2;0;0;0;0
"24/10/2018";"12:19:00";"43";"com vítima";"274.098";"BR-393/RJ";"Sul";"Tombamento";0;0;1;0;0;0;0;0;0;0;0;0;2;0;0
"24/10/2018";"03:13:00";"49";"com vítima";"107.091";"BR-393/RJ";"Sul";"Colisão lateral no mesmo sentido";1;0;0;1;0;0;0;0;0;0;1;1;0;0;0
"24/10/2018";"03:33:00";"50";"sem vítima";"238.6";"BR-393/RJ";"Sul";"Saida de Pista";1;0;0;0;0;0;0;0;0;0;4;0;0;0;0
"24/10/2018";"07:49:00";"71";"sem vítima";"286";"BR-393/RJ";"Norte";"Colisão com veículos (traseira)";2;0;0;0;0;0;0;0;0;0;2;0;0;0;0
"25/10/2018";"08:05:00";"21";"com vítima";"181.61";"BR-393/RJ";"Norte";"Engavetamento";1;0;2;0;0;0;0;0;0;0;0;3;0;0;0
"25/10/2018";"08:53:00";"23";"com vítima";"110.2";"BR-393/RJ";"Sul";"Saida de Pista";0;0;1;0;0;0;0;0;0;0;0;1;0;0;0
"25/10/2018";"10:33:00";"25";"sem vítima";"251.662";"BR-393/RJ";"Norte";"Colisão c/ obstáculos";1;0;0;0;0;0;0;0;0;0;2;0;0;0;0
"25/10/2018";"11:59:00";"29";"com vítima";"262.992";"BR-393/RJ";"Norte";"Colisão lateral no mesmo sentido";1;0;1;0;0;0;0;0;0;0;1;0;0;2;0
"25/10/2018";"02:00:00";"35";"sem vítima";"265.072";"BR-393/RJ";"Sul";"Colisão com veículos (traseira)";1;0;1;0;0;0;0;0;0;0;2;0;0;0;0
"25/10/2018";"03:25:00";"37";"com vítima";"153.639";"BR-393/RJ";"Norte";"Capotamento";0;0;1;0;0;0;0;0;0;0;0;2;0;0;0
"25/10/2018";"07:25:00";"49";"com vítima";"256.136";"BR-393/RJ";"Norte";"Colisão com veículos (frontal)";2;0;0;0;0;0;0;0;0;0;2;1;0;1;0
"25/10/2018";"09:33:00";"54";"com vítima";"252.384";"BR-393/RJ";"Sul";"Colisão lateral no sentido contrário";1;0;1;0;0;0;0;0;0;0;1;1;0;0;0
"26/10/2018";"02:45:00";"3";"sem vítima";"238.95";"BR-393/RJ";"Sul";"Colisão c/ obstáculos";1;0;0;0;0;0;0;0;0;0;1;0;0;0;0
"26/10/2018";"03:13:00";"6";"sem vítima";"191.613";"BR-393/RJ";"Norte";"Saida de Pista";0;0;1;0;0;0;0;0;0;0;1;0;0;0;0
"26/10/2018";"04:09:00";"41";"com vítima";"168";"BR-393/RJ";"Sul";"Atropelamento de pedestre";1;1;0;0;0;0;0;0;0;0;1;1;0;0;0
"26/10/2018";"07:12:00";"49";"com vítima";"218.353";"BR-393/RJ";"Norte";"Colisão lateral no sentido contrário";1;0;0;1;0;0;0;0;0;0;1;0;2;0;0
"27/10/2018";"12:12:00";"1";"sem vítima";"274.715";"BR-393/RJ";"Sul";"Saida de Pista";1;0;0;0;0;0;0;0;0;0;1;0;0;0;0
"27/10/2018";"11:01:00";"32";"sem vítima";"286";"BR-393/RJ";"Norte";"Colisão com veículos (traseira)";1;0;0;1;0;0;0;0;0;0;2;0;0;0;0
"27/10/2018";"06:43:00";"46";"sem vítima";"285";"BR-393/RJ";"Norte";"Colisão lateral no mesmo sentido";1;0;0;1;0;0;0;0;0;0;2;0;0;0;0
"28/10/2018";"12:28:00";"1";"com vítima";"1.594";"Alça Sul";"Sul";"Capotamento";1;0;0;0;0;0;0;0;0;0;3;2;0;0;0
"28/10/2018";"04:39:00";"43";"sem vítima";"190.2";"BR-393/RJ";"Norte";"Capotamento";1;0;0;0;0;0;0;0;0;0;2;0;0;0;0
"29/10/2018";"06:54:00";"18";"sem vítima";"204.538";"BR-393/RJ";"Norte";"Tombamento";0;0;1;0;0;0;0;0;0;0;1;0;0;0;0
"29/10/2018";"10:17:00";"25";"sem vítima";"182.43";"BR-393/RJ";"Sul";"Colisão c/ obstáculos";0;0;1;0;0;0;0;0;0;0;1;0;0;0;0
"30/10/2018";"11:48:00";"34";"com vítima";"155";"BR-393/RJ";"Norte";"Colisão lateral no sentido contrário";2;0;1;0;0;0;0;0;0;0;2;1;1;0;0
"31/10/2018";"11:21:00";"29";"com vítima";"232.7";"BR-393/RJ";"Sul";"Colisão lateral no sentido contrário";1;0;0;1;0;0;0;0;0;0;1;0;1;0;0
"31/10/2018";"04:58:00";"42";"com vítima";"134.17";"BR-393/RJ";"Norte";"Colisão lateral no mesmo sentido";2;0;0;0;0;0;0;0;0;0;1;2;1;0;0
"01/11/2018";"04:42:00";"50";"sem vítima";"121";"BR-393/RJ";"Norte";"Saídas de pista";1;0;0;0;0;0;0;0;0;0;3;0;0;0;0
"02/11/2018";"10:02:00";"37";"sem vítima";"204.8";"BR-393/RJ";"Sul";"Colisão com veículos (traseira)";1;0;0;1;0;0;0;0;0;0;2;0;0;0;0
"02/11/2018";"04:52:00";"58";"sem vítima";"143";"BR-393/RJ";"Norte";"Colisão com veículos (traseira)";2;0;0;0;0;0;0;0;0;0;7;0;0;0;0
"03/11/2018";"12:11:00";"1";"com vítima";"251.47";"BR-393/RJ";"Norte";"Colisão lateral no sentido contrário";2;0;0;0;0;0;0;0;0;0;0;2;0;1;0
"03/11/2018";"12:54:00";"3";"sem vítima";"284.4";"BR-393/RJ";"Norte";"Colisão com veículos (frontal)";2;0;0;0;0;0;0;0;0;0;3;0;0;0;0
"03/11/2018";"09:05:00";"30";"com vítima";"280";"BR-393/RJ";"Norte";"Colisão com veículos (traseira)";0;0;0;2;0;0;0;0;0;0;2;1;0;0;0
"03/11/2018";"10:47:00";"33";"com vítima";"272";"BR-393/RJ";"Sul";"Acidentes de outra natureza";0;0;0;1;0;0;0;0;0;0;1;1;0;0;0
"03/11/2018";"06:50:00";"57";"sem vítima";"235.45";"BR-393/RJ";"Norte";"Colisão com veículos (traseira)";2;0;0;0;0;0;0;0;0;0;4;0;0;0;0
"03/11/2018";"08:02:00";"60";"com vítima";"280.5";"BR-393/RJ";"Sul";"Saídas de pista";1;0;0;0;0;0;0;0;0;0;0;1;0;0;0
"04/11/2018";"02:06:00";"1";"sem vítima";"241.307";"BR-393/RJ";"Norte";"Saídas de pista";1;0;0;0;0;0;0;0;0;0;1;0;0;0;0
"04/11/2018";"05:28:00";"13";"com vítima";"178.723";"BR-393/RJ";"Sul";"Acidentes de outra natureza";0;0;0;1;0;0;0;0;0;0;0;2;0;0;0
"04/11/2018";"11:53:00";"29";"sem vítima";"195";"BR-393/RJ";"Norte";"Colisão com veículos (traseira)";2;0;0;0;0;0;0;0;0;0;7;0;0;0;0
"04/11/2018";"04:29:00";"46";"com vítima";"131.442";"BR-393/RJ";"Sul";"Tombamento";0;0;1;0;0;0;0;0;0;0;0;1;0;0;0
"04/11/2018";"08:26:00";"54";"sem vítima";"277";"BR-393/RJ";"Sul";"Colisão lateral no sentido contrário";2;0;0;0;0;0;0;0;0;0;4;0;0;0;0
"05/11/2018";"02:37:00";"37";"com vítima";"213";"BR-393/RJ";"Sul";"Colisão lateral no sentido contrário";1;0;1;0;0;0;0;0;0;0;1;2;0;0;0
"06/11/2018";"06:31:00";"59";"com vítima";"282.592";"BR-393/RJ";"Norte";"Colisão com veículos (frontal)";1;0;1;0;0;0;0;0;0;0;2;2;0;0;0
"07/11/2018";"01:35:00";"6";"com vítima";"174.735";"BR-393/RJ";"Norte";"Colisão c/ obstáculos";0;0;0;1;0;0;0;0;0;0;0;2;0;0;0
"07/11/2018";"08:22:00";"25";"sem vítima";"182";"BR-393/RJ";"Norte";"Colisão lateral no mesmo sentido";1;0;1;0;0;0;0;0;0;0;2;0;0;0;0
"07/11/2018";"04:35:00";"57";"sem vítima";"172.277";"BR-393/RJ";"Norte";"Saídas de pista";1;0;0;0;0;0;0;0;0;0;1;0;0;0;0
"08/11/2018";"08:40:00";"18";"sem vítima";"130";"BR-393/RJ";"Norte";"Colisão c/ obstáculos";1;0;0;0;0;0;0;0;0;0;1;0;0;0;0
"08/11/2018";"09:54:00";"21";"sem vítima";"285";"BR-393/RJ";"Sul";"Colisão com veículos (traseira)";2;0;0;0;0;0;0;0;0;0;2;0;0;0;0
"08/11/2018";"11:00:00";"28";"sem vítima";"106";"BR-393/RJ";"Sul";"Colisão lateral no sentido contrário";2;0;0;0;0;0;0;0;0;0;2;0;0;0;0
"08/11/2018";"05:52:00";"48";"com vítima";"266.656";"BR-393/RJ";"Norte";"Colisão lateral no sentido contrário";2;0;0;0;0;0;0;0;0;0;0;1;0;2;0
"10/11/2018";"04:27:00";"60";"com vítima";"280.135";"BR-393/RJ";"Norte";"Colisão com veículos (traseira)";2;0;0;0;0;0;0;0;0;0;1;1;0;0;0
"10/11/2018";"04:32:00";"62";"sem vítima";"145.09";"BR-393/RJ";"Sul";"Colisão c/ obstáculos";1;0;0;0;0;0;0;0;0;0;2;0;0;0;0
"10/11/2018";"05:46:00";"67";"com vítima";"169.466";"BR-393/RJ";"Norte";"Colisão c/ obstáculos";1;0;0;0;0;0;0;0;0;0;0;0;0;1;0
"11/11/2018";"10:33:00";"50";"com vítima";"285.425";"BR-393/RJ";"Sul";"Capotamento";1;0;0;0;0;0;0;0;0;0;0;1;0;0;0
"12/11/2018";"08:02:00";"18";"sem vítima";"284";"BR-393/RJ";"Sul";"Colisão com veículos (traseira)";2;0;0;0;0;0;0;0;0;0;2;0;0;0;0
"12/11/2018";"12:26:00";"32";"com vítima";"139.74";"BR-393/RJ";"Sul";"Tombamento";0;0;1;0;0;0;0;0;0;0;0;1;0;0;0
"12/11/2018";"02:37:00";"38";"com vítima";"193.2";"BR-393/RJ";"Sul";"Colisão com veículos (traseira)";1;0;0;1;0;0;0;0;0;0;1;1;0;0;0
"13/11/2018";"09:15:00";"19";"com vítima";"267.6";"BR-393/RJ";"Sul";"Acidentes de outra natureza";0;0;0;1;0;0;0;0;0;0;0;1;0;0;0
"13/11/2018";"07:02:00";"65";"sem vítima";"281.733";"BR-393/RJ";"Norte";"Colisão com veículos (traseira)";1;0;0;1;0;0;0;0;0;0;2;0;0;0;0
"14/11/2018";"07:04:00";"24";"com vítima";"255.747";"BR-393/RJ";"Sul";"Colisão lateral no sentido contrário";1;0;0;0;0;0;0;0;0;1;0;15;0;2;0
"14/11/2018";"06:05:00";"68";"com vítima";"284.935";"BR-393/RJ";"Norte";"Colisão com veículos (traseira)";2;0;0;0;0;0;0;0;0;0;0;6;0;0;0
"14/11/2018";"10:07:00";"85";"sem vítima";"285.401";"BR-393/RJ";"Norte";"Colisão lateral no sentido contrário";2;0;0;0;0;0;0;0;0;0;2;0;0;0;0
"14/11/2018";"10:59:00";"90";"sem vítima";"178.3";"BR-393/RJ";"Norte";"Colisão com veículos (traseira)";0;0;2;0;0;0;0;0;0;0;2;0;0;0;0
"15/11/2018";"09:28:00";"26";"sem vítima";"281.445";"BR-393/RJ";"Norte";"Colisão lateral no sentido contrário";1;0;1;0;0;0;0;0;0;0;2;0;0;0;0
"15/11/2018";"10:15:00";"29";"com vítima";"224.37";"BR-393/RJ";"Norte";"Colisão com veículos (traseira)";2;0;0;0;0;0;0;0;0;0;5;2;0;0;0
"15/11/2018";"02:44:00";"38";"com vítima";"258.155";"BR-393/RJ";"Norte";"Saídas de pista";1;0;0;0;0;0;0;0;0;0;0;2;0;0;0
"17/11/2018";"06:34:00";"62";"sem vítima";"248.871";"BR-393/RJ";"Sul";"Colisão c/ obstáculos";1;0;0;0;0;0;0;0;0;0;1;0;0;0;0
"18/11/2018";"06:40:00";"15";"com vítima";"218.519";"BR-393/RJ";"Sul";"Colisão c/ obstáculos";1;0;0;0;0;0;0;0;0;0;0;1;0;0;0
"18/11/2018";"02:45:00";"53";"com vítima";"277.52";"BR-393/RJ";"Sul";"Atropelamento de pedestre";1;1;0;0;0;0;0;0;0;0;1;0;0;0;1
"18/11/2018";"08:02:00";"75";"com vítima";"216.889";"BR-393/RJ";"Norte";"Capotamento";1;0;0;0;0;0;0;0;0;0;4;1;0;0;0
"19/11/2018";"12:03:00";"1";"com vítima";"252.595";"BR-393/RJ";"Sul";"Colisão lateral no sentido contrário";1;0;1;0;0;0;0;0;0;0;0;2;0;0;0
"19/11/2018";"02:48:00";"43";"com vítima";"133.9";"BR-393/RJ";"Sul";"Engavetamento";1;0;2;0;0;0;0;0;0;0;3;1;0;0;0
"19/11/2018";"04:57:00";"48";"com vítima";"213.939";"BR-393/RJ";"Sul";"Colisão lateral no sentido contrário";1;0;0;0;1;0;0;0;0;0;1;1;0;0;0
"19/11/2018";"10:59:00";"59";"sem vítima";"285.206";"BR-393/RJ";"Norte";"Colisão c/ obstáculos";1;0;0;0;0;0;0;0;0;0;2;0;0;0;0
"20/11/2018";"02:09:00";"13";"sem vítima";"242.554";"BR-393/RJ";"Norte";"Capotamento";1;0;0;0;0;0;0;0;0;0;1;0;0;0;0
"21/11/2018";"09:08:00";"28";"sem vítima";"124.879";"BR-393/RJ";"Sul";"Saídas de pista";1;0;0;0;0;0;0;0;0;0;2;0;0;0;0
"21/11/2018";"10:57:00";"37";"com vítima";"205.175";"BR-393/RJ";"Sul";"Colisão lateral no mesmo sentido";1;0;0;1;0;0;0;0;0;0;1;1;0;0;0
"21/11/2018";"03:55:00";"56";"com vítima";"176.288";"BR-393/RJ";"Norte";"Colisão lateral no sentido contrário";2;0;0;0;0;0;0;0;0;0;1;0;1;0;0
"22/11/2018";"06:50:00";"14";"com vítima";"164.9";"BR-393/RJ";"Norte";"Tombamento";0;0;1;0;0;0;0;0;0;0;0;1;0;0;0
"24/11/2018";"01:45:00";"44";"sem vítima";"263";"BR-393/RJ";"Norte";"Colisão lateral no sentido contrário";2;0;0;0;0;0;0;0;0;0;6;0;0;0;0
"24/11/2018";"10:48:00";"61";"com vítima";"236.739";"BR-393/RJ";"Norte";"Colisão lateral no sentido contrário";1;0;0;1;0;0;0;0;0;0;3;0;1;0;0
"25/11/2018";"12:56:00";"3";"sem vítima";"274.791";"BR-393/RJ";"Norte";"Colisão lateral no mesmo sentido";1;0;1;0;0;0;0;0;0;0;2;0;0;0;0
"25/11/2018";"10:51:00";"33";"com vítima";"241";"BR-393/RJ";"Sul";"Acidentes de outra natureza";0;1;0;0;0;0;0;0;0;0;0;1;0;0;0
"25/11/2018";"08:11:00";"66";"sem vítima";"184.985";"BR-393/RJ";"Norte";"Saídas de pista";0;0;1;0;0;0;0;0;0;0;1;0;0;0;0
"26/11/2018";"08:32:00";"21";"com vítima";"239.286";"BR-393/RJ";"Sul";"Saídas de pista";1;0;0;0;0;0;0;0;0;0;1;0;1;0;0
"26/11/2018";"08:49:00";"22";"com vítima";"226.851";"BR-393/RJ";"Sul";"Capotamento";0;0;2;0;0;0;0;0;0;0;1;2;0;0;0
"26/11/2018";"12:24:00";"38";"com vítima";"226.9";"BR-393/RJ";"Norte";"Colisão com veículos (traseira)";2;0;0;0;0;0;0;0;0;0;2;2;0;0;0