data;horario;n_da_ocorrencia;tipo_de_ocorrencia;km;trecho;sentido;tipo_de_acidente;automovel;bicicleta;caminhao;moto;onibus;outros;tracao_animal;transporte_de_cargas_especiais;trator_maquinas;utilitarios;ilesos;levemente_feridos;moderadamente_feridos;gravemente_feridos;mortos
"10/02/2019";"03:39:00";"53";"sem vítima";"215.315";"BR-393/RJ";"Norte";"Colisão c/ obstáculos";1;0;0;0;0;0;0;0;0;0;1;0;0;0;0
"11/02/2019";"10:53:00";"24";"sem vítima";"238.374";"BR-393/RJ";"Norte";"Colisão lateral no mesmo sentido";1;0;1;0;0;0;0;0;0;0;2;0;0;0;0
"11/02/2019";"08:01:00";"50";"sem vítima";"282.577";"BR-393/RJ";"Norte";"Engavetamento";3;0;0;0;0;0;0;0;0;0;3;0;0;0;0
"12/02/2019";"09:54:00";"66";"com vítima";"236.711";"BR-393/RJ";"Norte";"Colisão lateral no sentido contrário";1;0;1;0;0;0;0;0;0;0;1;1;0;0;0
"14/02/2019";"03:23:00";"54";"sem vítima";"171.247";"BR-393/RJ";"Norte";"Saídas de pista";0;0;0;0;1;0;0;0;0;0;1;0;0;0;0
"15/02/2019";"04:15:00";"4";"sem vítima";"193.3";"BR-393/RJ";"Norte";"Atropelamento de animais";0;0;1;0;0;0;0;0;0;0;1;0;0;0;0
"16/02/2019";"02:06:00";"4";"sem vítima";"283.8";"BR-393/RJ";"Sul";"Colisão lateral no sentido contrário";2;0;0;0;0;0;0;0;0;0;2;0;0;0;0
"16/02/2019";"10:02:00";"25";"com vítima";"132.068";"BR-393/RJ";"Norte";"Colisão com veículos (traseira)";2;0;0;0;0;0;0;0;0;0;4;1;0;0;0
"16/02/2019";"03:56:00";"44";"sem vítima";"285.645";"BR-393/RJ";"Norte";"Colisão com veículos (traseira)";2;0;0;0;0;0;0;0;0;0;2;0;0;0;0
"16/02/2019";"04:20:00";"46";"com vítima";"285.75";"BR-393/RJ";"Sul";"Colisão c/ obstáculos";1;0;0;0;0;0;0;0;0;0;0;2;0;0;0
"16/02/2019";"04:47:00";"48";"com vítima";"278.838";"BR-393/RJ";"Sul";"Colisão com veículos (traseira)";0;0;2;0;0;0;0;0;0;0;1;1;0;0;0
"17/02/2019";"05:23:00";"20";"com vítima";"256.853";"BR-393/RJ";"Norte";"Atropelamento de pedestre";1;1;0;0;0;0;0;0;0;0;1;1;0;0;0
"17/02/2019";"05:33:00";"22";"com vítima";"240.728";"BR-393/RJ";"Sul";"Colisão com veículos (frontal)";2;0;0;0;0;0;0;0;0;0;1;4;0;0;0
"17/02/2019";"02:29:00";"52";"com vítima";"238.8";"BR-393/RJ";"Norte";"Colisão c/ obstáculos";1;0;0;0;0;0;0;0;0;0;0;4;0;0;0
"17/02/2019";"04:00:00";"54";"sem vítima";"114.356";"BR-393/RJ";"Norte";"Capotamento";1;0;0;0;0;0;0;0;0;0;3;0;0;0;0
"17/02/2019";"05:13:00";"61";"sem vítima";"140.777";"BR-393/RJ";"Sul";"Saídas de pista";0;0;1;0;0;0;0;0;0;0;1;0;0;0;0
"18/02/2019";"03:16:00";"5";"sem vítima";"217.572";"BR-393/RJ";"Sul";"Atropelamento de animais";1;0;0;0;0;0;0;0;0;0;1;0;0;0;0
"18/02/2019";"02:50:00";"58";"sem vítima";"123.573";"BR-393/RJ";"Norte";"Colisão c/ obstáculos";1;0;0;0;0;0;0;0;0;0;1;0;0;0;0
"19/02/2019";"06:03:00";"72";"com vítima";"138.222";"BR-393/RJ";"Norte";"Colisão c/ obstáculos";1;0;0;0;0;0;0;0;0;0;0;1;0;0;0
"19/02/2019";"07:00:00";"77";"sem vítima";"182.436";"BR-393/RJ";"Sul";"Colisão c/ obstáculos";0;0;1;0;0;0;0;0;0;0;1;0;0;0;0
"19/02/2019";"07:14:00";"78";"com vítima";"174.319";"BR-393/RJ";"Sul";"Acidentes de outra natureza";0;0;1;1;0;0;0;0;0;0;1;1;0;0;0
"20/02/2019";"12:33:00";"1";"sem vítima";"158.232";"BR-393/RJ";"Norte";"Colisão com veículos (traseira)";0;0;2;0;0;0;0;0;0;0;2;0;0;0;0
"20/02/2019";"06:26:00";"62";"sem vítima";"280.467";"BR-393/RJ";"Norte";"Engavetamento";3;0;0;0;0;0;0;0;0;0;3;0;0;0;0
"20/02/2019";"07:15:00";"64";"com vítima";"155.442";"BR-393/RJ";"Norte";"Colisão com veículos (frontal)";1;0;1;0;0;0;0;0;0;0;1;1;1;0;0
"21/02/2019";"03:54:00";"5";"com vítima";"201.556";"BR-393/RJ";"Sul";"Capotamento";1;0;0;0;0;0;0;0;0;0;2;1;0;0;0
"21/02/2019";"12:42:00";"49";"com vítima";"265";"BR-393/RJ";"Sul";"Colisão com veículos (traseira)";1;0;1;0;0;0;0;0;0;0;0;3;0;0;0
"21/02/2019";"03:32:00";"63";"com vítima";"236.758";"BR-393/RJ";"Norte";"Colisão lateral no mesmo sentido";0;0;2;0;1;0;0;0;0;0;1;3;0;0;0
"22/02/2019";"09:53:00";"87";"com vítima";"253.343";"BR-393/RJ";"Norte";"Saídas de pista";1;0;0;0;0;0;0;0;0;0;0;1;0;0;0
"23/02/2019";"11:21:00";"33";"sem vítima";"273.844";"BR-393/RJ";"Norte";"Tombamento";0;0;1;0;0;0;0;0;0;0;1;0;0;0;0
"23/02/2019";"05:14:00";"49";"sem vítima";"253.414";"BR-393/RJ";"Sul";"Capotamento";1;0;0;0;0;0;0;0;0;0;2;0;0;0;0
"23/02/2019";"05:47:00";"50";"sem vítima";"246.183";"BR-393/RJ";"Sul";"Capotamento";1;0;0;0;0;0;0;0;0;0;2;0;0;0;0
"23/02/2019";"07:39:00";"57";"sem vítima";"284.334";"BR-393/RJ";"Norte";"Colisão com veículos (traseira)";2;0;0;0;0;0;0;0;0;0;2;0;0;0;0
"24/02/2019";"07:58:00";"15";"com vítima";"284";"BR-393/RJ";"Norte";"Colisão c/ obstáculos";1;0;0;0;0;0;0;0;0;0;0;1;0;0;0
"24/02/2019";"03:09:00";"26";"com vítima";"279";"BR-393/RJ";"Norte";"Colisão lateral no sentido contrário";1;0;0;1;0;0;0;0;0;0;0;2;0;0;0
"25/02/2019";"01:26:00";"46";"com vítima";"133";"BR-393/RJ";"Norte";"Acidentes de outra natureza";0;1;0;0;0;0;0;0;0;0;0;0;1;0;0
"26/02/2019";"02:16:00";"8";"sem vítima";"155.1";"BR-393/RJ";"Norte";"Colisão c/ obstáculos";0;0;1;0;0;0;0;0;0;0;1;0;0;0;0
"26/02/2019";"02:24:00";"59";"com vítima";"117";"BR-393/RJ";"Norte";"Colisão com veículos (frontal)";1;0;1;0;0;0;0;0;0;0;0;1;0;0;1
"26/02/2019";"04:56:00";"70";"com vítima";"138.3";"BR-393/RJ";"Sul";"Colisão c/ obstáculos";1;0;0;0;0;0;0;0;0;0;0;1;0;0;0
"27/02/2019";"05:27:00";"72";"com vítima";"212.067";"BR-393/RJ";"Norte";"Colisão com veículos (traseira)";1;0;0;0;0;0;0;0;1;0;0;4;0;0;0
"28/02/2019";"06:09:00";"14";"sem vítima";"266.444";"BR-393/RJ";"Norte";"Colisão com veículos (traseira)";2;0;0;0;0;0;0;0;0;0;3;0;0;0;0
"28/02/2019";"09:33:00";"28";"com vítima";"106.277";"BR-393/RJ";"Norte";"Colisão lateral no mesmo sentido";1;0;0;1;0;0;0;0;0;0;1;1;0;0;0
"28/02/2019";"05:32:00";"67";"com vítima";"262.032";"BR-393/RJ";"Norte";"Colisão c/ obstáculos";1;0;0;0;0;0;0;0;0;0;0;2;0;0;0
"01/03/2019";"09:16:00";"84";"sem vítima";"282.29";"BR-393/RJ";"Sul";"Colisão com veículos (traseira)";0;0;2;0;0;0;0;0;0;0;2;0;0;0;0
"01/03/2019";"10:12:00";"88";"sem vítima";"243.6";"BR-393/RJ";"Norte";"Acidentes de outra natureza";0;0;1;0;0;0;0;0;0;0;1;0;0;0;0
"02/03/2019";"12:53:00";"49";"sem vítima";"229.045";"BR-393/RJ";"Norte";"Colisão lateral no mesmo sentido";0;0;2;0;0;0;0;0;0;0;6;0;0;0;0
"02/03/2019";"03:13:00";"64";"sem vítima";"155.474";"BR-393/RJ";"Norte";"Tombamento";0;0;1;0;0;0;0;0;0;0;1;0;0;0;0
"03/03/2019";"02:11:00";"3";"com vítima";"253.588";"BR-393/RJ";"Sul";"Acidentes de outra natureza";1;0;0;0;0;0;0;0;0;0;0;2;0;0;0
"03/03/2019";"10:02:00";"31";"sem vítima";"195.046";"BR-393/RJ";"Sul";"Colisão lateral no mesmo sentido";2;0;0;0;0;0;0;0;0;0;3;0;0;0;0
"03/03/2019";"02:58:00";"43";"com vítima";"265.565";"BR-393/RJ";"Sul";"Colisão com veículos (traseira)";1;0;0;1;0;0;0;0;0;0;1;1;1;0;0
"05/03/2019";"10:55:00";"26";"com vítima";"268";"BR-393/RJ";"Sul";"Colisão lateral no sentido contrário";2;0;0;0;0;0;0;0;0;0;1;3;1;0;0
"05/03/2019";"01:18:00";"31";"com vítima";"182.362";"BR-393/RJ";"Sul";"Colisão lateral no sentido contrário";1;0;0;1;0;0;0;0;0;0;1;1;0;0;0
"06/03/2019";"03:22:00";"13";"sem vítima";"265.15";"BR-393/RJ";"Sul";"Colisão com veículos (traseira)";2;0;0;0;0;0;0;0;0;0;2;0;0;0;0
"06/03/2019";"08:16:00";"64";"sem vítima";"280.117";"BR-393/RJ";"Norte";"Colisão com veículos (traseira)";2;0;0;0;0;0;0;0;0;0;2;0;0;0;0
"07/03/2019";"04:21:00";"47";"sem vítima";"286.3";"BR-393/RJ";"Sul";"Engavetamento";3;0;0;0;0;0;0;0;0;0;5;0;0;0;0
"08/03/2019";"08:04:00";"81";"sem vítima";"238.672";"BR-393/RJ";"Sul";"Colisão Transversal";1;0;1;0;0;0;0;0;0;0;4;0;0;0;0
"09/03/2019";"06:39:00";"71";"sem vítima";"280.544";"BR-393/RJ";"Norte";"Colisão lateral no mesmo sentido";1;0;0;1;0;0;0;0;0;0;3;0;0;0;0
"09/03/2019";"10:44:00";"87";"com vítima";"132.29";"BR-393/RJ";"Sul";"Colisão com veículos (traseira)";0;0;1;1;0;0;0;0;0;0;1;0;1;0;0
"10/03/2019";"12:07:00";"2";"sem vítima";"187.57";"BR-393/RJ";"Norte";"Acidentes de outra natureza";1;0;0;0;0;0;0;0;0;0;1;0;0;0;0
"10/03/2019";"02:27:00";"44";"com vítima";"151.839";"BR-393/RJ";"Norte";"Tombamento";0;0;1;0;0;0;0;0;0;0;0;1;0;0;0
"10/03/2019";"07:37:00";"60";"com vítima";"236.6";"BR-393/RJ";"Norte";"Colisão c/ obstáculos";2;0;0;0;0;0;0;0;0;0;2;2;1;0;0
"11/03/2019";"06:53:00";"18";"com vítima";"281.697";"BR-393/RJ";"Sul";"Engavetamento";4;0;0;0;0;0;0;0;0;0;5;1;0;0;0
"12/03/2019";"12:15:00";"50";"com vítima";"240.598";"BR-393/RJ";"Sul";"Colisão lateral no mesmo sentido";1;0;1;0;0;0;0;0;0;0;1;1;0;0;0
"12/03/2019";"04:02:00";"64";"sem vítima";"237.692";"BR-393/RJ";"Norte";"Colisão com veículos (traseira)";1;0;1;0;0;0;0;0;0;0;2;0;0;0;0
"13/03/2019";"04:02:00";"5";"sem vítima";"224.747";"BR-393/RJ";"Sul";"Capotamento";1;0;0;0;0;0;0;0;0;0;1;0;0;0;0
"13/03/2019";"03:58:00";"66";"com vítima";"196";"BR-393/RJ";"Sul";"Atropelamento de animais";1;0;0;0;0;0;0;0;0;0;0;2;0;0;0
"13/03/2019";"04:30:00";"68";"com vítima";"238.722";"BR-393/RJ";"Sul";"Colisão Transversal";1;0;1;0;0;0;0;0;0;0;1;2;2;0;0
"13/03/2019";"05:53:00";"73";"com vítima";"232.146";"BR-393/RJ";"Norte";"Atropelamento de pedestre";1;0;0;0;0;0;0;0;0;0;0;2;1;1;0
"15/03/2019";"04:23:00";"8";"com vítima";"203.432";"BR-393/RJ";"Norte";"Colisão c/ obstáculos";0;0;0;1;0;0;0;0;0;0;0;0;1;0;0
"16/03/2019";"07:09:00";"59";"com vítima";"168.116";"BR-393/RJ";"Sul";"Colisão Transversal";1;0;0;1;0;0;0;0;0;0;0;1;1;0;0
"17/03/2019";"01:28:00";"5";"com vítima";"185.809";"BR-393/RJ";"Sul";"Acidentes de outra natureza";0;0;0;1;0;0;0;0;0;0;1;0;1;0;0
"17/03/2019";"03:59:00";"8";"com vítima";"181.413";"BR-393/RJ";"Norte";"Capotamento";1;0;0;0;0;0;0;0;0;0;0;2;0;0;0
"17/03/2019";"06:42:00";"21";"com vítima";"282";"BR-393/RJ";"Sul";"Colisão com veículos (traseira)";1;0;0;0;1;0;0;0;0;0;0;2;0;0;0
"17/03/2019";"08:25:00";"67";"com vítima";"235.616";"BR-393/RJ";"Sul";"Colisão com veículos (frontal)";2;0;0;0;0;0;0;0;0;0;0;1;3;4;0
"17/03/2019";"09:19:00";"69";"sem vítima";"281.459";"BR-393/RJ";"Sul";"Colisão com veículos (traseira)";1;0;0;0;0;0;0;0;0;1;2;0;0;0;0
"19/03/2019";"10:06:00";"35";"sem vítima";"195";"BR-393/RJ";"Sul";"Colisão com veículos (traseira)";0;0;2;0;0;0;0;0;0;0;2;0;0;0;0
"19/03/2019";"12:40:00";"46";"com vítima";"155.464";"BR-393/RJ";"Norte";"Tombamento";0;0;1;0;0;0;0;0;0;0;0;1;0;0;0
"19/03/2019";"01:24:00";"48";"sem vítima";"150.539";"BR-393/RJ";"Norte";"Tombamento";0;0;1;0;0;0;0;0;0;0;3;0;0;0;0
"20/03/2019";"12:34:00";"2";"sem vítima";"204.129";"BR-393/RJ";"Norte";"Acidentes de outra natureza";1;0;0;0;0;0;0;0;0;0;4;0;0;0;0
"20/03/2019";"04:25:00";"4";"com vítima";"223.689";"BR-393/RJ";"Norte";"Tombamento";0;0;1;0;0;0;0;0;0;0;0;1;0;0;0
"20/03/2019";"03:16:00";"56";"sem vítima";"278.866";"BR-393/RJ";"Sul";"Colisão com veículos (traseira)";2;0;0;0;0;0;0;0;0;0;2;0;0;0;0
"20/03/2019";"05:11:00";"60";"com vítima";"280.166";"BR-393/RJ";"Sul";"Atropelamento de pedestre";0;1;1;0;0;0;0;0;0;0;1;1;0;0;0
"21/03/2019";"09:18:00";"31";"sem vítima";"251.192";"BR-393/RJ";"Norte";"Colisão com veículos (traseira)";1;0;1;0;0;0;0;0;0;0;2;0;0;0;0
"21/03/2019";"10:38:00";"70";"sem vítima";"255.764";"BR-393/RJ";"Sul";"Colisão Transversal";1;0;0;0;1;0;0;0;0;0;2;0;0;0;0
"22/03/2019";"03:14:00";"2";"com vítima";"244.485";"BR-393/RJ";"Norte";"Capotamento";0;0;1;0;0;0;0;0;0;0;0;1;0;0;0
"22/03/2019";"11:04:00";"30";"com vítima";"279.5";"BR-393/RJ";"Sul";"Acidentes de outra natureza";0;1;0;0;0;0;0;0;0;0;0;1;0;0;0
"22/03/2019";"07:01:00";"56";"com vítima";"243.501";"BR-393/RJ";"Norte";"Colisão lateral no mesmo sentido";2;0;0;0;0;1;0;0;0;0;2;1;0;0;0
"23/03/2019";"01:40:00";"36";"com vítima";"151.789";"BR-393/RJ";"Sul";"Tombamento";0;0;1;0;0;0;0;0;0;0;0;1;0;0;0
"23/03/2019";"07:17:00";"47";"sem vítima";"285.288";"BR-393/RJ";"Sul";"Colisão com veículos (traseira)";3;0;0;0;0;0;0;0;0;0;3;0;0;0;0
"23/03/2019";"08:19:00";"51";"com vítima";"146.359";"BR-393/RJ";"Sul";"Acidentes de outra natureza";0;0;0;1;0;0;0;0;0;0;0;1;0;0;0
"24/03/2019";"12:39:00";"4";"sem vítima";"246.083";"BR-393/RJ";"Sul";"Colisão Transversal";2;0;0;0;0;0;0;0;0;0;7;0;0;0;0
"24/03/2019";"01:50:00";"6";"com vítima";"285.595";"BR-393/RJ";"Sul";"Colisão Transversal";2;0;0;0;0;0;0;0;0;0;2;1;0;0;0
"27/03/2019";"07:18:00";"57";"com vítima";"168.508";"BR-393/RJ";"Norte";"Atropelamento de pedestre";0;1;0;0;1;0;0;0;0;0;15;1;0;0;0
"28/03/2019";"10:43:00";"34";"com vítima";"131.397";"BR-393/RJ";"Norte";"Tombamento";0;0;1;0;0;0;0;0;0;0;0;1;0;0;0
"29/03/2019";"02:47:00";"57";"sem vítima";"135.891";"BR-393/RJ";"Sul";"Colisão c/ obstáculos";0;0;0;0;1;0;0;0;0;0;1;0;0;0;0
"31/03/2019";"01:16:00";"34";"com vítima";"217.678";"BR-393/RJ";"Norte";"Colisão Transversal";2;0;0;0;0;0;0;0;0;0;0;2;0;0;2
"31/03/2019";"07:48:00";"52";"com vítima";"281.746";"BR-393/RJ";"Sul";"Colisão com veículos (frontal)";1;0;0;1;0;0;0;0;0;0;2;0;0;1;0
"02/04/2019";"08:59:00";"25";"com vítima";"156.074";"BR-393/RJ";"RJ";"Norte";1;0;1;0;0;0;0;0;0;0;2;1;0;0;0
"02/04/2019";"07:17:00";"66";"sem vítima";"281";"BR-393/RJ";"RJ";"Norte";0;0;1;0;1;0;0;0;0;0;2;0;0;0;0
"03/04/2019";"10:46:00";"73";"sem vítima";"280.105";"BR-393/RJ";"RJ";"Norte";2;0;0;0;0;0;0;0;0;0;2;0;0;0;0
"03/04/2019";"11:14:00";"74";"sem vítima";"230.755";"BR-393/RJ";"RJ";"Sul";0;0;1;0;0;0;0;0;0;0;1;0;0;0;0
"05/04/2019";"12:35:00";"44";"com vítima";"168";"BR-393/RJ";"RJ";"Norte";0;0;1;1;0;0;0;0;0;0;1;0;0;3;0
"05/04/2019";"03:49:00";"54";"com vítima";"102.3";"BR-393/RJ";"RJ";"Sul";1;0;0;1;0;0;0;0;0;0;1;1;0;0;0
"05/04/2019";"09:45:00";"79";"sem vítima";"253.763";"BR-393/RJ";"RJ";"Norte";1;0;0;0;0;0;0;0;0;0;1;0;0;0;0
"05/04/2019";"10:28:00";"82";"sem vítima";"243.404";"BR-393/RJ";"RJ";"Norte";0;0;1;0;0;0;0;0;0;0;2;0;0;0;0
"06/04/2019";"03:40:00";"15";"sem vítima";"246.173";"BR-393/RJ";"RJ";"Sul";0;0;1;0;0;0;0;0;0;0;1;0;0;0;0
"06/04/2019";"04:10:00";"16";"com vítima";"158.491";"BR-393/RJ";"RJ";"Norte";1;0;0;0;0;0;0;0;0;0;0;1;0;0;0
"06/04/2019";"11:52:00";"41";"com vítima";"220.818";"BR-393/RJ";"RJ";"Norte";1;0;0;0;0;0;0;0;0;0;0;0;0;1;0
"07/04/2019";"12:21:00";"2";"sem vítima";"282";"BR-393/RJ";"RJ";"Norte";1;0;0;0;0;0;0;0;0;0;1;0;0;0;0
"08/04/2019";"02:36:00";"57";"com vítima";"171";"BR-393/RJ";"RJ";"Norte";0;0;2;0;0;0;0;0;0;0;0;3;1;0;0
"10/04/2019";"10:12:00";"25";"com vítima";"279.678";"BR-393/RJ";"RJ";"Norte";2;0;0;0;0;0;0;0;0;0;1;2;0;0;0
"10/04/2019";"06:57:00";"54";"com vítima";"171.517";"BR-393/RJ";"RJ";"Sul";1;0;0;0;0;0;0;0;0;0;0;2;2;0;0
"13/04/2019";"09:08:00";"23";"sem vítima";"255.779";"BR-393/RJ";"RJ";"Norte";2;0;0;0;0;0;0;0;0;0;4;0;0;0;0
"13/04/2019";"06:27:00";"44";"sem vítima";"280";"BR-393/RJ";"RJ";"Norte";1;0;1;0;0;0;0;0;0;0;2;0;0;0;0
"13/04/2019";"09:40:00";"52";"com vítima";"114.969";"BR-393/RJ";"RJ";"Norte";0;0;1;0;0;0;0;0;0;0;1;0;1;0;0
"14/04/2019";"11:07:00";"53";"com vítima";"103.95";"BR-393/RJ";"RJ";"Sul";1;0;0;0;0;0;0;0;0;0;0;1;0;0;0
"15/04/2019";"06:02:00";"22";"sem vítima";"172.227";"BR-393/RJ";"RJ";"Norte";1;0;0;0;0;0;0;0;0;0;2;0;0;0;0
"15/04/2019";"08:48:00";"35";"com vítima";"133.132";"BR-393/RJ";"RJ";"Norte";1;0;0;1;0;0;0;0;0;0;3;1;0;0;0
"15/04/2019";"06:32:00";"75";"sem vítima";"117.326";"BR-393/RJ";"RJ";"Sul";1;0;0;0;0;0;0;0;0;0;1;0;0;0;0
"16/04/2019";"10:11:00";"30";"sem vítima";"133.742";"BR-393/RJ";"RJ";"Sul";0;0;2;0;0;0;0;0;0;0;2;0;0;0;0
"16/04/2019";"04:30:00";"55";"com vítima";"240.436";"BR-393/RJ";"RJ";"Sul";2;0;0;0;0;0;0;0;0;0;1;1;0;0;0
"16/04/2019";"06:21:00";"62";"com vítima";"280.281";"BR-393/RJ";"RJ";"Sul";3;0;0;0;0;0;0;0;0;0;3;1;0;0;0
"17/04/2019";"12:11:00";"32";"com vítima";"251.823";"BR-393/RJ";"RJ";"Norte";0;0;2;0;0;0;0;0;0;0;1;0;0;0;1
"17/04/2019";"12:24:00";"33";"com vítima";"131.376";"BR-393/RJ";"RJ";"Sul";0;0;1;0;0;0;0;0;0;0;0;1;0;0;0
"17/04/2019";"07:10:00";"51";"sem vítima";"281.459";"BR-393/RJ";"RJ";"Sul";3;0;0;0;0;0;0;0;0;0;4;0;0;0;0
"18/04/2019";"10:46:00";"30";"sem vítima";"282.483";"BR-393/RJ";"RJ";"Norte";1;0;1;0;0;0;0;0;0;0;2;0;0;0;0
"18/04/2019";"11:33:00";"33";"sem vítima";"133.483";"BR-393/RJ";"RJ";"Norte";1;0;1;0;0;0;0;0;0;0;2;0;0;0;0
"19/04/2019";"09:53:00";"37";"sem vítima";"146.52";"BR-393/RJ";"RJ";"Norte";2;0;0;0;0;0;0;0;0;0;6;0;0;0;0
"19/04/2019";"11:17:00";"41";"sem vítima";"204.094";"BR-393/RJ";"RJ";"Norte";1;0;1;0;0;0;0;0;0;0;2;0;0;0;0
"20/04/2019";"05:42:00";"18";"com vítima";"177.2";"BR-393/RJ";"RJ";"Norte";1;0;0;1;0;0;0;0;0;0;1;1;0;0;0
"20/04/2019";"03:29:00";"42";"sem vítima";"264.59";"BR-393/RJ";"RJ";"Sul";1;0;0;0;0;0;0;0;0;0;1;0;0;0;0
"21/04/2019";"01:20:00";"3";"com vítima";"210.484";"BR-393/RJ";"RJ";"Norte";1;0;0;0;0;0;0;0;0;0;0;1;0;0;0
"21/04/2019";"07:39:00";"28";"sem vítima";"170.9";"BR-393/RJ";"RJ";"Norte";0;0;1;0;0;0;0;0;0;0;1;0;0;0;0
"21/04/2019";"02:18:00";"37";"com vítima";"182.372";"BR-393/RJ";"RJ";"Sul";2;0;0;0;0;0;0;0;0;0;0;5;0;0;0
"21/04/2019";"08:07:00";"64";"com vítima";"280.252";"BR-393/RJ";"RJ";"Norte";1;0;0;1;0;0;0;0;0;0;1;1;0;0;0
"23/04/2019";"07:42:00";"64";"sem vítima";"169.642";"BR-393/RJ";"RJ";"Sul";1;0;0;0;0;0;0;0;0;0;1;0;0;0;0
"23/04/2019";"10:16:00";"66";"com vítima";"192.35";"BR-393/RJ";"RJ";"Sul";1;0;1;0;0;0;0;0;0;0;2;1;0;0;0
"24/04/2019";"02:22:00";"35";"com vítima";"284.51";"BR-393/RJ";"RJ";"Norte";0;0;0;1;0;0;0;0;0;1;0;2;0;0;0
"24/04/2019";"03:32:00";"45";"sem vítima";"2.141";"Alça Sul";"RJ";"Norte";1;0;0;0;0;0;0;0;0;0;1;0;0;0;0
"24/04/2019";"03:37:00";"46";"com vítima";"179.347";"BR-393/RJ";"RJ";"Sul";0;0;1;0;0;0;0;0;0;0;0;0;0;0;1
"24/04/2019";"04:42:00";"48";"sem vítima";"175";"BR-393/RJ";"RJ";"Norte";3;0;0;0;0;0;0;0;0;0;5;0;0;0;0
"24/04/2019";"09:54:00";"59";"com vítima";"274.494";"BR-393/RJ";"RJ";"Norte";0;0;0;1;0;0;0;0;0;0;0;1;1;0;0
"25/04/2019";"03:15:00";"41";"com vítima";"124.431";"BR-393/RJ";"RJ";"Sul";0;0;1;0;0;0;0;0;0;0;0;2;0;0;0
"26/04/2019";"07:30:00";"60";"sem vítima";"175.889";"BR-393/RJ";"RJ";"Sul";1;0;1;0;0;0;0;0;0;0;2;0;0;0;0
"27/04/2019";"01:27:00";"6";"sem vítima";"142.485";"BR-393/RJ";"RJ";"Norte";1;0;0;0;0;0;0;0;0;0;1;0;0;0;0
"27/04/2019";"08:29:00";"35";"com vítima";"182.416";"BR-393/RJ";"RJ";"Sul";0;0;0;1;0;0;0;0;0;0;0;0;1;0;0
"27/04/2019";"09:26:00";"42";"sem vítima";"252";"BR-393/RJ";"RJ";"Norte";2;0;0;0;0;0;0;0;0;0;3;0;0;0;0
"27/04/2019";"06:07:00";"73";"com vítima";"270.736";"BR-393/RJ";"RJ";"Norte";1;0;0;0;0;0;0;0;0;0;3;0;0;0;1
"28/04/2019";"05:18:00";"39";"sem vítima";"178";"BR-393/RJ";"RJ";"Norte";0;0;1;0;0;0;0;0;0;0;1;0;0;0;0
"29/04/2019";"07:31:00";"20";"com vítima";"268.316";"BR-393/RJ";"RJ";"Sul";2;0;0;0;0;0;0;0;0;0;0;2;0;0;0
"29/04/2019";"12:47:00";"36";"sem vítima";"269.8";"BR-393/RJ";"RJ";"Norte";1;0;0;0;0;0;0;0;0;0;1;0;0;0;0
"30/04/2019";"07:40:00";"19";"com vítima";"259.179";"BR-393/RJ";"RJ";"Sul";0;0;1;0;1;0;0;0;0;0;3;2;0;0;0
"02/05/2019";"11:34:00";"34";"com vítima";"282.236";"BR-393/RJ";"RJ";"Norte";1;0;0;1;0;0;0;0;0;0;1;1;0;0;0
"02/05/2019";"05:29:00";"55";"com vítima";"168.164";"BR-393/RJ";"RJ";"Norte";1;0;0;1;0;0;0;0;0;0;1;1;0;0;0
"03/05/2019";"01:35:00";"34";"com vítima";"238.714";"BR-393/RJ";"RJ";"Sul";1;0;0;1;0;0;0;0;0;0;1;0;1;0;0
"03/05/2019";"04:12:00";"44";"com vítima";"155.515";"BR-393/RJ";"RJ";"Norte";0;0;0;1;0;0;0;0;0;0;0;1;0;0;0
"05/05/2019";"03:58:00";"10";"com vítima";"202.538";"BR-393/RJ";"RJ";"Norte";1;0;0;0;0;0;0;0;0;0;0;0;1;0;0
"05/05/2019";"06:34:00";"55";"sem vítima";"281.839";"BR-393/RJ";"RJ";"Sul";1;0;0;1;0;0;0;0;0;0;3;0;0;0;0
"05/05/2019";"08:07:00";"59";"com vítima";"168.8";"BR-393/RJ";"RJ";"Sul";1;0;1;0;0;0;0;0;0;0;4;1;0;0;0
"06/05/2019";"12:51:00";"5";"sem vítima";"286";"BR-393/RJ";"RJ";"Sul";1;0;0;0;1;0;0;0;0;0;2;0;0;0;0
"07/05/2019";"08:29:00";"18";"com vítima";"178.572";"BR-393/RJ";"RJ";"Sul";1;0;1;0;0;0;0;0;0;0;0;2;0;0;0
"08/05/2019";"12:45:00";"2";"sem vítima";"217.835";"BR-393/RJ";"RJ";"Sul";0;0;1;0;0;0;0;0;0;0;1;0;0;0;0
"08/05/2019";"02:02:00";"42";"sem vítima";"129";"BR-393/RJ";"RJ";"Norte";0;0;1;0;0;0;0;0;0;0;1;0;0;0;0
"08/05/2019";"06:26:00";"58";"com vítima";"221.734";"BR-393/RJ";"RJ";"Sul";0;0;0;1;0;0;0;0;0;0;0;2;0;0;0
"09/05/2019";"05:53:00";"43";"com vítima";"269.332";"BR-393/RJ";"RJ";"Sul";0;1;0;1;0;0;0;0;0;0;0;2;0;0;0
"10/05/2019";"08:11:00";"11";"com vítima";"279.232";"BR-393/RJ";"RJ";"Sul";0;0;0;1;0;0;0;0;0;0;1;0;1;0;0
"10/05/2019";"10:25:00";"18";"com vítima";"227.2";"BR-393/RJ";"RJ";"Sul";1;0;0;0;0;0;0;0;0;0;0;2;0;0;0
"11/05/2019";"03:09:00";"3";"com vítima";"104.798";"BR-393/RJ";"RJ";"Norte";1;0;0;0;0;0;0;0;0;0;1;0;0;1;0
"11/05/2019";"07:46:00";"54";"com vítima";"284.594";"BR-393/RJ";"RJ";"Norte";2;0;0;0;0;0;0;0;0;0;1;4;0;0;0