data;horario;n_da_ocorrencia;tipo_de_ocorrencia;km;trecho;sentido;tipo_de_acidente;automovel;bicicleta;caminhao;moto;onibus;outros;tracao_animal;transporte_de_cargas_especiais;trator_maquinas;utilitarios;ilesos;levemente_feridos;moderadamente_feridos;gravemente_feridos;mortos
"12/12/2019";"04:53:00";"9";"sem vítima";"132.521";"BR-393/RJ";"Sul";"Colisão c/ obstáculos";0;0;0;0;0;0;0;0;0;1;1;0;0;0;0
"12/12/2019";"07:36:00";"13";"sem vítima";"281.5";"BR-393/RJ";"Norte";"Colisão com veículos (traseira)";1;0;0;0;0;0;0;0;0;1;3;0;0;0;0
"12/12/2019";"07:37:00";"14";"com vítima";"237";"BR-393/RJ";"Norte";"Colisão lateral no mesmo sentido";1;0;1;0;0;0;0;0;0;0;0;2;0;0;0
"12/12/2019";"08:49:00";"69";"sem vítima";"217";"BR-393/RJ";"Sul";"Colisão c/ obstáculos";0;0;1;0;0;0;0;0;0;0;1;0;0;0;0
"12/12/2019";"08:58:00";"70";"sem vítima";"281";"BR-393/RJ";"Sul";"Colisão Transversal";2;0;0;0;0;0;0;0;0;0;2;0;0;0;0
"13/12/2019";"11:56:00";"66";"sem vítima";"239";"BR-393/RJ";"Sul";"Saida de Pista";1;0;0;0;0;0;0;0;0;0;4;0;0;0;0
"13/12/2019";"07:52:00";"98";"sem vítima";"262";"BR-393/RJ";"Norte";"Colisão lateral no sentido contrário";0;0;2;0;0;0;0;0;0;0;2;0;0;0;0
"14/12/2019";"12:35:00";"2";"com vítima";"110";"BR-393/RJ";"Norte";"Colisão c/ obstáculos";0;0;1;0;0;0;0;0;0;0;0;1;0;0;0
"14/12/2019";"11:49:00";"30";"sem vítima";"138";"BR-393/RJ";"Sul";"Colisão c/ obstáculos";1;0;0;0;0;0;0;0;0;0;1;0;0;0;0
"14/12/2019";"03:57:00";"34";"sem vítima";"239.139";"BR-393/RJ";"Sul";"Colisão com veículos (traseira)";1;0;1;0;0;0;0;0;0;0;3;0;0;0;0
"14/12/2019";"05:42:00";"36";"sem vítima";"229";"BR-393/RJ";"Norte";"Colisão lateral no mesmo sentido";1;0;1;0;0;0;0;0;0;0;4;0;0;0;0
"15/12/2019";"02:00:00";"51";"com vítima";"157";"BR-393/RJ";"Sul";"Acidentes de outra natureza";0;0;0;1;0;0;0;0;0;0;0;2;0;0;0
"16/12/2019";"06:48:00";"20";"com vítima";"279";"BR-393/RJ";"Sul";"Colisão lateral no mesmo sentido";1;0;0;1;0;0;0;0;0;0;0;2;0;0;0
"17/12/2019";"10:35:00";"38";"com vítima";"207";"BR-393/RJ";"Sul";"Saida de Pista";1;0;0;0;0;0;0;0;0;0;0;0;1;0;0
"17/12/2019";"07:56:00";"80";"com vítima";"106";"BR-393/RJ";"Norte";"Atropelamento de pedestre";0;0;0;1;0;0;0;0;0;0;1;0;0;1;0
"18/12/2019";"12:09:00";"36";"com vítima";"102";"BR-393/RJ";"Norte";"Colisão lateral no mesmo sentido";1;0;0;0;1;0;0;0;0;0;1;1;0;0;0
"18/12/2019";"12:54:00";"38";"com vítima";"234.8";"BR-393/RJ";"Sul";"Colisão Transversal";2;0;0;0;0;0;0;0;0;0;3;1;0;0;0
"18/12/2019";"03:13:00";"44";"sem vítima";"253";"BR-393/RJ";"Norte";"Saida de Pista";0;0;1;0;0;0;0;0;0;0;1;0;0;0;0
"18/12/2019";"11:46:00";"64";"sem vítima";"130.199";"BR-393/RJ";"Norte";"Saida de Pista";1;0;0;0;0;0;0;0;0;0;3;0;0;0;0
"19/12/2019";"09:02:00";"73";"sem vítima";"284.309";"BR-393/RJ";"Norte";"Colisão com veículos (traseira)";2;0;0;0;0;0;0;0;0;0;7;0;0;0;0
"20/12/2019";"06:06:00";"63";"com vítima";"250.137";"BR-393/RJ";"Norte";"Colisão lateral no mesmo sentido";1;0;1;1;0;0;0;0;0;0;4;1;0;0;0
"20/12/2019";"07:19:00";"66";"sem vítima";"256.094";"BR-393/RJ";"Norte";"Saida de Pista";1;0;0;0;0;0;0;0;0;0;1;0;0;0;0
"20/12/2019";"10:40:00";"75";"sem vítima";"233";"BR-393/RJ";"Sul";"Colisão lateral no sentido contrário";1;0;1;0;0;0;0;0;0;0;3;0;0;0;0
"21/12/2019";"12:26:00";"1";"com vítima";"280.072";"BR-393/RJ";"Sul";"Colisão Transversal";1;0;0;1;0;0;0;0;0;0;1;1;0;0;0
"21/12/2019";"11:44:00";"44";"com vítima";"283.6";"BR-393/RJ";"Sul";"Colisão lateral no mesmo sentido";2;0;0;0;0;0;0;0;0;0;0;2;0;0;0
"21/12/2019";"07:23:00";"79";"sem vítima";"255";"BR-393/RJ";"Norte";"Colisão com veículos (traseira)";1;0;0;0;1;0;0;0;0;0;5;0;0;0;0
"22/12/2019";"04:51:00";"54";"com vítima";"102.5";"BR-393/RJ";"Norte";"Colisão Transversal";1;0;1;0;0;0;0;0;0;0;1;1;0;0;0
"23/12/2019";"12:21:00";"1";"com vítima";"123";"BR-393/RJ";"Sul";"Saida de Pista";0;0;1;0;0;0;0;0;0;0;0;1;0;0;0
"23/12/2019";"11:28:00";"30";"com vítima";"281.199";"BR-393/RJ";"Sul";"Colisão Transversal";1;0;0;1;0;0;0;0;0;0;1;1;0;0;0
"23/12/2019";"02:33:00";"40";"sem vítima";"161";"BR-393/RJ";"Sul";"Saida de Pista";1;0;0;0;0;0;0;0;0;0;1;0;0;0;0
"23/12/2019";"04:46:00";"45";"com vítima";"281";"BR-393/RJ";"Sul";"Colisão lateral no sentido contrário";1;0;0;1;0;0;0;0;0;0;1;1;0;0;0
"23/12/2019";"07:54:00";"57";"sem vítima";"283.399";"BR-393/RJ";"Norte";"Colisão com veículos (traseira)";2;0;0;0;0;0;0;0;0;0;2;0;0;0;0
"23/12/2019";"08:28:00";"59";"sem vítima";"142.3";"BR-393/RJ";"Norte";"Colisão lateral no mesmo sentido";1;0;1;0;0;0;0;0;0;0;2;0;0;0;0
"24/12/2019";"08:01:00";"24";"sem vítima";"145";"BR-393/RJ";"Norte";"Saida de Pista";1;0;0;0;0;0;0;0;0;0;1;0;0;0;0
"25/12/2019";"02:18:00";"41";"com vítima";"124";"BR-393/RJ";"Norte";"Tombamento";0;0;1;0;0;0;0;0;0;0;0;1;0;0;0
"25/12/2019";"09:31:00";"57";"com vítima";"135.599";"BR-393/RJ";"Norte";"Colisão com veículos (traseira)";1;0;0;1;0;0;0;0;0;0;1;1;0;0;0
"26/12/2019";"10:17:00";"22";"com vítima";"102";"BR-393/RJ";"Norte";"Colisão c/ obstáculos";1;0;0;0;0;0;0;0;0;0;0;1;0;0;0
"26/12/2019";"10:37:00";"23";"sem vítima";"106.9";"BR-393/RJ";"Norte";"Engavetamento";4;0;0;0;0;0;0;0;0;0;9;0;0;0;0
"27/12/2019";"10:23:00";"32";"sem vítima";"177.8";"BR-393/RJ";"Norte";"Colisão com veículos (traseira)";2;0;0;0;0;0;0;0;0;0;7;0;0;0;0
"27/12/2019";"04:38:00";"50";"sem vítima";"175";"BR-393/RJ";"Sul";"Colisão lateral no mesmo sentido";1;0;0;1;0;0;0;0;0;0;4;0;0;0;0
"27/12/2019";"06:42:00";"60";"com vítima";"284.704";"BR-393/RJ";"Norte";"Colisão com veículos (traseira)";1;0;0;1;0;0;0;0;0;0;1;1;0;0;0
"28/12/2019";"06:45:00";"18";"com vítima";"127";"BR-393/RJ";"Norte";"Capotamento";1;0;0;0;0;0;0;0;0;0;0;4;0;0;0
"28/12/2019";"10:50:00";"45";"sem vítima";"255";"BR-393/RJ";"Norte";"Colisão lateral no mesmo sentido";2;0;0;0;0;0;0;0;0;0;7;0;0;0;0
"28/12/2019";"07:52:00";"85";"com vítima";"278.475";"BR-393/RJ";"Sul";"Colisão lateral no sentido contrário";2;0;0;0;0;0;0;0;0;0;0;1;0;1;0
"29/12/2019";"11:47:00";"72";"sem vítima";"139.599";"BR-393/RJ";"Sul";"Colisão lateral no mesmo sentido";1;0;1;0;0;0;0;0;0;0;3;0;0;0;0
"30/12/2019";"06:54:00";"21";"com vítima";"281.1";"BR-393/RJ";"Sul";"Colisão com veículos (traseira)";1;0;1;0;0;0;0;0;0;0;2;1;0;1;0
"30/12/2019";"09:05:00";"26";"com vítima";"278";"BR-393/RJ";"Norte";"Acidentes de outra natureza";0;1;0;0;0;0;0;0;0;0;0;1;0;0;0
"30/12/2019";"06:44:00";"45";"com vítima";"164.7";"BR-393/RJ";"Norte";"Capotamento";0;0;1;0;0;0;0;0;0;0;0;0;0;0;1
"30/12/2019";"07:06:00";"47";"com vítima";"250.294";"BR-393/RJ";"Sul";"Colisão Transversal";1;0;0;1;0;0;0;0;0;0;0;3;0;0;0
"31/12/2019";"06:51:00";"14";"com vítima";"218";"BR-393/RJ";"Sul";"Colisão c/ obstáculos";1;0;0;0;0;0;0;0;0;0;0;1;0;0;0
"01/01/2020";"04:34:00";"7";"sem vítima";"201.491";"BR-393/RJ";"Norte";"Capotamento";1;0;0;0;0;0;0;0;0;0;5;0;0;0;0
"01/01/2020";"11:05:00";"40";"sem vítima";"264.8";"BR-393/RJ";"Norte";"Colisão lateral no mesmo sentido";0;0;0;0;0;0;0;0;0;2;3;0;0;0;0
"01/01/2020";"04:20:00";"62";"com vítima";"243.599";"BR-393/RJ";"Sul";"Colisão Transversal";2;0;0;0;0;0;0;0;0;0;0;1;1;0;0
"02/01/2020";"12:57:00";"38";"com vítima";"172.1";"BR-393/RJ";"Sul";"Capotamento";1;0;0;0;0;0;0;0;0;0;0;1;0;0;0
"02/01/2020";"03:30:00";"45";"com vítima";"161.95";"BR-393/RJ";"Sul";"Saídas de pista";1;0;0;0;0;0;0;0;0;0;2;1;0;0;0
"02/01/2020";"04:37:00";"47";"sem vítima";"239.5";"BR-393/RJ";"Norte";"Saídas de pista";1;0;0;0;0;0;0;0;0;0;2;0;0;0;0
"02/01/2020";"08:35:00";"63";"sem vítima";"255";"BR-393/RJ";"Norte";"Colisão Transversal";2;0;0;0;0;0;0;0;0;0;2;0;0;0;0
"03/01/2020";"08:44:00";"28";"sem vítima";"224.75";"BR-393/RJ";"Sul";"Colisão lateral no mesmo sentido";1;0;1;0;0;0;0;0;0;0;5;0;0;0;0
"04/01/2020";"08:31:00";"29";"sem vítima";"182";"BR-393/RJ";"Sul";"Colisão Transversal";2;0;0;0;0;0;0;0;0;0;4;0;0;0;0
"04/01/2020";"08:41:00";"60";"com vítima";"235.4";"BR-393/RJ";"Norte";"Colisão com veículos (traseira)";0;0;0;1;0;0;0;0;0;0;0;0;1;0;0
"05/01/2020";"10:14:00";"32";"sem vítima";"281.4";"BR-393/RJ";"Sul";"Colisão com veículos (traseira)";3;0;0;0;0;0;0;0;0;0;3;0;0;0;0
"05/01/2020";"04:25:00";"56";"sem vítima";"178";"BR-393/RJ";"Norte";"Saídas de pista";1;0;0;0;0;0;0;0;0;0;1;0;0;0;0
"06/01/2020";"11:59:00";"35";"com vítima";"123";"BR-393/RJ";"Sul";"Colisão lateral no sentido contrário";1;0;0;0;0;0;0;0;0;1;4;2;0;0;0
"09/01/2020";"02:46:00";"44";"sem vítima";"280.869";"BR-393/RJ";"Norte";"Colisão lateral no mesmo sentido";2;0;0;0;0;0;0;0;0;0;2;0;0;0;0
"11/01/2020";"07:09:00";"48";"sem vítima";"218.099";"BR-393/RJ";"Sul";"Saídas de pista";1;0;0;0;0;0;0;0;0;0;2;0;0;0;0
"13/01/2020";"03:35:00";"39";"sem vítima";"133.797";"BR-393/RJ";"Norte";"Colisão com veículos (traseira)";1;0;1;0;0;0;0;0;0;0;3;0;0;0;0
"13/01/2020";"07:31:00";"53";"com vítima";"147.544";"BR-393/RJ";"Sul";"Saídas de pista";1;0;0;0;0;0;0;0;0;0;0;1;0;0;0
"14/01/2020";"09:35:00";"21";"sem vítima";"265.013";"BR-393/RJ";"Norte";"Colisão lateral no mesmo sentido";1;0;1;0;0;0;0;0;0;0;3;0;0;0;0
"14/01/2020";"09:41:00";"22";"com vítima";"147.636";"BR-393/RJ";"Sul";"Tombamento";0;0;1;0;0;0;0;0;0;0;0;2;0;0;0
"15/01/2020";"09:19:00";"24";"sem vítima";"282.294";"BR-393/RJ";"Sul";"Colisão com veículos (frontal)";0;0;3;0;0;0;0;0;0;0;3;0;0;0;0
"16/01/2020";"05:44:00";"60";"sem vítima";"147.8";"BR-393/RJ";"Sul";"Colisão c/ obstáculos";1;0;0;0;0;0;0;0;0;0;4;0;0;0;0
"18/01/2020";"04:50:00";"15";"sem vítima";"256.399";"BR-393/RJ";"Norte";"Colisão lateral no mesmo sentido";1;0;1;0;0;0;0;0;0;0;2;0;0;0;0
"18/01/2020";"05:54:00";"18";"sem vítima";"177.452";"BR-393/RJ";"Norte";"Colisão c/ obstáculos";1;0;0;0;0;0;0;0;0;0;1;0;0;0;0
"18/01/2020";"10:20:00";"33";"sem vítima";"109.599";"BR-393/RJ";"Norte";"Saídas de pista";1;0;0;0;0;0;0;0;0;0;3;0;0;0;0
"18/01/2020";"10:07:00";"58";"com vítima";"231.935";"BR-393/RJ";"Norte";"Colisão com veículos (frontal)";0;0;0;2;0;0;0;0;0;0;0;0;1;1;0
"18/01/2020";"10:30:00";"59";"com vítima";"253.599";"BR-393/RJ";"Norte";"Tombamento";0;0;1;0;0;0;0;0;0;0;0;1;0;0;0
"19/01/2020";"04:44:00";"1";"com vítima";"170.1";"BR-393/RJ";"Sul";"Saídas de pista";1;0;0;0;0;0;0;0;0;0;0;1;0;0;0
"20/01/2020";"08:36:00";"23";"sem vítima";"217.599";"BR-393/RJ";"Sul";"Colisão lateral no mesmo sentido";1;0;1;0;0;0;0;0;0;0;2;0;0;0;0
"21/01/2020";"07:19:00";"23";"com vítima";"238.514";"BR-393/RJ";"Norte";"Colisão Transversal";2;0;0;0;0;0;0;0;0;0;0;3;0;0;0
"22/01/2020";"11:02:00";"31";"sem vítima";"264.99";"BR-393/RJ";"Norte";"Colisão com veículos (traseira)";1;0;1;0;0;0;0;0;0;0;3;0;0;0;0
"22/01/2020";"11:14:00";"73";"com vítima";"285.8";"BR-393/RJ";"Norte";"Atropelamento de pedestre";1;0;0;0;0;0;0;0;0;0;2;0;0;1;0
"23/01/2020";"06:54:00";"18";"com vítima";"285.7";"BR-393/RJ";"Norte";"Colisão lateral no mesmo sentido";1;0;0;0;1;0;0;0;0;0;2;3;0;0;0
"24/01/2020";"11:17:00";"38";"sem vítima";"172.4";"BR-393/RJ";"Norte";"Saídas de pista";0;0;1;0;0;0;0;0;0;0;1;0;0;0;0
"24/01/2020";"01:34:00";"45";"sem vítima";"283";"BR-393/RJ";"Sul";"Colisão lateral no sentido contrário";1;0;1;0;0;0;0;0;0;0;2;0;0;0;0
"25/01/2020";"05:37:00";"17";"sem vítima";"226.2";"BR-393/RJ";"Norte";"Colisão c/ obstáculos";1;0;0;0;0;0;0;0;0;0;4;0;0;0;0
"28/01/2020";"08:42:00";"27";"com vítima";"273.8";"BR-393/RJ";"Sul";"Tombamento";0;0;1;0;0;0;0;0;0;1;1;1;0;0;0
"30/01/2020";"10:28:00";"84";"com vítima";"245";"BR-393/RJ";"Norte";"Colisão lateral no sentido contrário";2;0;0;0;0;0;0;0;0;0;1;1;0;0;0
"31/01/2020";"05:41:00";"47";"sem vítima";"282.447";"BR-393/RJ";"Sul";"Engavetamento";3;0;0;0;0;0;0;0;0;0;4;0;0;0;0
"01/02/2020";"11:26:00";"28";"sem vítima";"279.8";"BR-393/RJ";"Sul";"Colisão com veículos (traseira)";2;0;0;0;0;0;0;0;0;0;2;0;0;0;0
"01/02/2020";"03:46:00";"48";"com vítima";"109.4";"BR-393/RJ";"Norte";"Saídas de pista";1;0;0;0;0;0;0;0;0;0;1;3;0;0;0
"01/02/2020";"03:55:00";"50";"com vítima";"175";"BR-393/RJ";"Sul";"Atropelamento de pedestre";1;0;0;0;0;0;0;0;0;0;1;0;1;0;0
"02/02/2020";"11:37:00";"35";"com vítima";"155";"BR-393/RJ";"Norte";"Colisão com veículos (traseira)";2;0;0;0;0;0;0;0;0;0;3;1;0;0;0
"03/02/2020";"03:13:00";"52";"sem vítima";"263.399";"BR-393/RJ";"Sul";"Saídas de pista";1;0;0;0;0;0;0;0;0;0;4;0;0;0;0
"03/02/2020";"07:14:00";"63";"sem vítima";"285.699";"BR-393/RJ";"Sul";"Engavetamento";3;0;0;0;0;0;0;0;0;0;5;0;0;0;0
"04/02/2020";"08:30:00";"70";"com vítima";"102.904";"BR-393/RJ";"Norte";"Colisão Transversal";0;0;1;1;0;0;0;0;0;0;1;1;0;0;0
"05/02/2020";"02:44:00";"8";"sem vítima";"219.246";"BR-393/RJ";"Sul";"Colisão lateral no mesmo sentido";0;0;2;0;0;0;0;0;0;0;2;0;0;0;0
"05/02/2020";"04:50:00";"51";"com vítima";"273.8";"BR-393/RJ";"Sul";"Colisão c/ obstáculos";1;0;0;0;0;0;0;0;0;0;1;2;0;0;0
"05/02/2020";"05:30:00";"54";"sem vítima";"274.901";"BR-393/RJ";"Sul";"Atropelamento de pedestre";1;1;0;0;0;0;0;0;0;0;2;0;0;0;0
"07/02/2020";"09:38:00";"66";"sem vítima";"202.752";"BR-393/RJ";"Norte";"Colisão lateral no mesmo sentido";1;0;0;0;1;0;0;0;0;0;2;0;0;0;0
"08/02/2020";"10:36:00";"34";"com vítima";"178.483";"BR-393/RJ";"Norte";"Colisão com veículos (traseira)";2;0;0;0;0;0;0;0;0;0;0;2;0;0;0
"09/02/2020";"02:57:00";"5";"com vítima";"147.4";"BR-393/RJ";"Sul";"Colisão c/ obstáculos";1;0;0;0;0;0;0;0;0;0;0;1;0;0;0
"09/02/2020";"05:02:00";"7";"com vítima";"136.4";"BR-393/RJ";"Sul";"Colisão c/ obstáculos";1;0;0;0;0;0;0;0;0;0;0;1;0;0;0
"09/02/2020";"08:40:00";"19";"com vítima";"270";"BR-393/RJ";"Sul";"Saídas de pista";1;0;0;0;0;0;0;0;0;0;0;1;0;0;0
"09/02/2020";"02:03:00";"42";"com vítima";"282";"BR-393/RJ";"Sul";"Engavetamento";4;0;0;0;0;0;0;0;0;0;12;1;0;0;0
"09/02/2020";"03:22:00";"48";"sem vítima";"195";"BR-393/RJ";"Sul";"Colisão com veículos (traseira)";2;0;0;0;0;0;0;0;0;0;4;0;0;0;0
"10/02/2020";"06:39:00";"57";"com vítima";"133.254";"BR-393/RJ";"Norte";"Colisão lateral no mesmo sentido";1;0;0;1;0;0;0;0;0;0;2;1;0;0;0
"11/02/2020";"11:15:00";"27";"sem vítima";"142.9";"BR-393/RJ";"Sul";"Capotamento";1;0;0;0;0;0;0;0;0;0;2;0;0;0;0
"13/02/2020";"12:42:00";"46";"sem vítima";"126";"BR-393/RJ";"Sul";"Colisão lateral no mesmo sentido";0;0;1;0;1;0;0;0;0;0;42;0;0;0;0
"13/02/2020";"06:39:00";"65";"com vítima";"178.699";"BR-393/RJ";"Sul";"Colisão com veículos (frontal)";1;0;0;1;0;0;0;0;0;0;1;0;0;0;1
"13/02/2020";"08:35:00";"71";"sem vítima";"262.199";"BR-393/RJ";"Norte";"Saídas de pista";1;0;0;0;0;0;0;0;0;0;1;0;0;0;0
"14/02/2020";"09:55:00";"27";"com vítima";"178.358";"BR-393/RJ";"Sul";"Colisão com veículos (traseira)";1;0;1;0;0;0;0;0;0;0;0;2;0;0;0
"15/02/2020";"07:28:00";"22";"com vítima";"235";"BR-393/RJ";"Sul";"Colisão Transversal";2;0;0;0;0;0;0;0;0;0;4;1;0;0;0
"16/02/2020";"09:34:00";"56";"sem vítima";"284.692";"BR-393/RJ";"Sul";"Saídas de pista";1;0;0;0;0;0;0;0;0;0;2;0;0;0;0
"17/02/2020";"12:19:00";"45";"com vítima";"285";"BR-393/RJ";"Norte";"Colisão com veículos (traseira)";2;0;0;0;0;0;0;0;0;0;2;1;0;0;0
"17/02/2020";"05:12:00";"60";"com vítima";"3";"Alça Sul";"Sul";"Colisão com veículos (frontal)";2;0;0;1;0;0;0;0;0;0;1;1;1;0;0
"17/02/2020";"06:01:00";"63";"com vítima";"268.112";"BR-393/RJ";"Sul";"Colisão Transversal";1;0;1;0;0;0;0;0;0;0;1;2;0;0;0
"20/02/2020";"07:32:00";"21";"com vítima";"265";"BR-393/RJ";"Norte";"Colisão com veículos (traseira)";1;0;0;0;1;0;0;0;0;0;1;4;0;0;0
"20/02/2020";"05:46:00";"82";"com vítima";"241";"BR-393/RJ";"Norte";"Colisão com veículos (frontal)";1;0;1;0;0;0;0;0;0;0;0;1;2;0;0
"20/02/2020";"08:56:00";"93";"com vítima";"1.1";"Alça Sul";"Norte";"Capotamento";1;0;0;0;0;0;0;0;0;0;0;1;0;0;0
"21/02/2020";"01:27:00";"4";"com vítima";"188.8";"BR-393/RJ";"Sul";"Atropelamento de animais";0;0;1;0;0;0;0;0;0;0;0;1;0;0;0
"22/02/2020";"01:32:00";"5";"sem vítima";"284.096";"BR-393/RJ";"Sul";"Saídas de pista";1;0;0;0;0;0;0;0;0;0;1;0;0;0;0
"22/02/2020";"05:50:00";"26";"com vítima";"208.777";"BR-393/RJ";"Sul";"Colisão com veículos (traseira)";2;0;0;0;0;0;0;0;0;0;0;6;0;0;0
"22/02/2020";"08:50:00";"33";"com vítima";"238.9";"BR-393/RJ";"Norte";"Colisão Transversal";1;0;1;0;0;0;0;0;0;0;3;3;0;0;0
"23/02/2020";"12:42:00";"2";"com vítima";"161.8";"BR-393/RJ";"Sul";"Capotamento";1;0;0;0;0;0;0;0;0;0;0;4;0;0;0
"23/02/2020";"06:02:00";"19";"com vítima";"118.4";"BR-393/RJ";"Norte";"Saídas de pista";1;0;0;0;0;0;0;0;0;0;0;4;0;0;0
"23/02/2020";"12:58:00";"42";"sem vítima";"109.599";"BR-393/RJ";"Norte";"Colisão c/ obstáculos";1;0;0;0;0;0;0;0;0;0;1;0;0;0;0
"24/02/2020";"11:42:00";"47";"sem vítima";"172.4";"BR-393/RJ";"Sul";"Colisão c/ obstáculos";1;0;0;0;0;0;0;0;0;0;1;0;0;0;0
"26/02/2020";"02:02:00";"6";"sem vítima";"233.6";"BR-393/RJ";"Norte";"Acidentes de outra natureza";0;0;0;1;0;0;0;0;0;0;1;0;0;0;0
"26/02/2020";"10:07:00";"31";"com vítima";"103.618";"BR-393/RJ";"Norte";"Colisão com veículos (frontal)";1;0;1;0;0;0;0;0;0;0;1;0;1;0;0
"26/02/2020";"08:19:00";"73";"sem vítima";"178";"BR-393/RJ";"Norte";"Colisão com veículos (traseira)";2;0;0;0;0;0;0;0;0;0;4;0;0;0;0
"27/02/2020";"03:14:00";"12";"sem vítima";"243";"BR-393/RJ";"Sul";"Saídas de pista";1;0;0;0;0;0;0;0;0;0;3;0;0;0;0
"28/02/2020";"06:02:00";"10";"com vítima";"242.3";"BR-393/RJ";"Sul";"Capotamento";1;0;0;0;0;0;0;0;0;0;0;1;0;0;0
"28/02/2020";"03:31:00";"45";"sem vítima";"237.49";"BR-393/RJ";"Sul";"Acidentes de outra natureza";0;0;0;1;0;0;0;0;0;0;1;0;0;0;0
"28/02/2020";"04:07:00";"46";"sem vítima";"234.4";"BR-393/RJ";"Norte";"Colisão lateral no mesmo sentido";1;0;1;0;0;0;0;0;0;0;2;0;0;0;0
"29/02/2020";"04:49:00";"50";"sem vítima";"239.4";"BR-393/RJ";"Norte";"Saídas de pista";1;0;0;0;0;0;0;0;0;0;1;0;0;0;0
"01/03/2020";"09:07:00";"28";"com vítima";"105.12";"BR-393/RJ";"Sul";"Saida de Pista";1;0;0;0;0;0;0;0;0;0;0;1;0;0;0
"01/03/2020";"12:15:00";"45";"com vítima";"105.435";"BR-393/RJ";"Norte";"Colisão Traseira";1;0;0;1;0;0;0;0;0;0;4;1;0;0;0
"02/03/2020";"12:08:00";"1";"com vítima";"177.8";"BR-393/RJ";"Sul";"Colisão Traseira";1;0;1;0;0;0;0;0;0;0;1;1;0;0;0
"03/03/2020";"08:27:00";"24";"sem vítima";"104";"BR-393/RJ";"Sul";"Colisão Lateral Mesmo Sentido";1;0;1;0;0;0;0;0;0;0;2;0;0;0;0
"03/03/2020";"12:42:00";"47";"com vítima";"285";"BR-393/RJ";"Norte";"Colisão Transversal";1;0;0;1;0;0;0;0;0;0;0;2;0;0;0
"03/03/2020";"06:15:00";"59";"com vítima";"258.6";"BR-393/RJ";"Sul";"Colisão Transversal";1;0;0;0;1;0;0;0;0;0;1;1;1;0;0
"03/03/2020";"08:49:00";"72";"com vítima";"189.199";"BR-393/RJ";"Norte";"Tombamento";0;0;1;0;0;0;0;0;0;0;0;1;0;0;0
"04/03/2020";"12:11:00";"56";"com vítima";"281.1";"BR-393/RJ";"Sul";"Colisão Transversal";1;0;0;1;0;0;0;0;0;0;1;1;0;0;0
"04/03/2020";"06:53:00";"74";"sem vítima";"284.399";"BR-393/RJ";"Norte";"Colisão Traseira";2;0;0;0;0;0;0;0;0;0;5;0;0;0;0
"05/03/2020";"12:21:00";"70";"com vítima";"268.126";"BR-393/RJ";"Norte";"Colisão Transversal";1;0;0;1;0;0;0;0;0;0;2;0;0;1;0
"05/03/2020";"06:37:00";"90";"sem vítima";"258.5";"BR-393/RJ";"Sul";"Colisão Lateral Mesmo Sentido";0;0;2;0;0;0;0;0;0;0;3;0;0;0;0
"06/03/2020";"06:09:00";"59";"com vítima";"255.9";"BR-393/RJ";"Norte";"Colisão Transversal";2;0;0;0;0;0;0;0;0;0;1;3;0;0;0
"06/03/2020";"08:11:00";"66";"com vítima";"140";"BR-393/RJ";"Norte";"Colisão Frontal";0;0;1;1;0;0;0;0;0;0;1;0;0;0;1
"07/03/2020";"01:28:00";"56";"sem vítima";"286.3";"BR-393/RJ";"Sul";"Colisão Traseira";2;0;0;0;0;0;0;0;0;0;3;0;0;0;0
"07/03/2020";"02:32:00";"59";"sem vítima";"286.3";"BR-393/RJ";"Sul";"Engavetamento";3;0;0;0;0;0;0;0;0;0;3;0;0;0;0
"07/03/2020";"07:34:00";"77";"com vítima";"285.699";"BR-393/RJ";"Norte";"Queda de Moto";0;0;0;1;0;0;0;0;0;0;0;1;0;0;0
"10/03/2020";"10:01:00";"27";"com vítima";"178.8";"BR-393/RJ";"Sul";"Colisão Transversal";1;0;0;1;0;0;0;0;0;0;0;1;1;0;0
"10/03/2020";"02:01:00";"42";"com vítima";"231.924";"BR-393/RJ";"Sul";"Colisão Transversal";1;0;0;1;0;0;0;0;0;0;1;1;0;0;0
"11/03/2020";"06:41:00";"15";"com vítima";"131.4";"BR-393/RJ";"Sul";"Tombamento";0;0;1;0;0;0;0;0;0;0;0;1;0;0;0
"11/03/2020";"07:23:00";"17";"com vítima";"144.099";"BR-393/RJ";"Norte";"Saida de Pista";0;0;0;0;1;0;0;0;0;0;6;1;0;0;0
"12/03/2020";"04:38:00";"59";"com vítima";"265";"BR-393/RJ";"Sul";"Choque - Outros";0;0;0;0;0;0;0;0;0;1;2;1;0;0;0
"13/03/2020";"01:42:00";"45";"sem vítima";"255.6";"BR-393/RJ";"Sul";"Colisão Traseira";1;0;1;0;0;0;0;0;0;0;2;0;0;0;0
"14/03/2020";"05:14:00";"13";"sem vítima";"196";"BR-393/RJ";"Norte";"Tombamento";0;0;1;0;0;0;0;0;0;0;1;0;0;0;0
"15/03/2020";"10:38:00";"22";"com vítima";"235.691";"BR-393/RJ";"Norte";"Atropelamento - Ciclista";0;1;1;0;0;0;0;0;0;0;1;0;0;0;1