data;horario;n_da_ocorrencia;tipo_de_ocorrencia;km;trecho;sentido;tipo_de_acidente;automovel;bicicleta;caminhao;moto;onibus;outros;tracao_animal;transporte_de_cargas_especiais;trator_maquinas;utilitarios;ilesos;levemente_feridos;moderadamente_feridos;gravemente_feridos;mortos
"30/03/2021";"09:29:00";"20";"Acidente c";"137";"BR-393/RJ";"Pista Sul";"Acidentes de outra natureza";0;0;1;0;0;0;0;0;0;0;0;1;0;0;0
"30/03/2021";"11:45:00";"27";"Acidente c";"237";"BR-393/RJ";"Pista Norte";"Acidentes de outra natureza";0;0;0;1;0;0;0;0;0;0;0;0;1;0;0
"30/03/2021";"03:17:00";"34";"Acidente c";"168.7";"BR-393/RJ";"Pista Norte";"Colisão com veículos (traseira)";2;0;0;0;0;0;0;0;0;0;1;1;2;0;0
"31/03/2021";"03:10:00";"4";"Atropelame";"285.7";"BR-393/RJ";"Pista Norte";"Atropelamento de pedestre";1;0;0;0;0;0;0;0;0;0;0;1;0;1;0
"01/04/2021";"06:51:00";"19";"Acidente s";"179.099";"BR-393/RJ";"Crescente";"Colisão c/ obstáculos";0;0;1;0;0;0;0;0;0;0;1;0;0;0;0
"03/04/2021";"08:18:00";"38";"Acidente c";"285.699";"BR-393/RJ";"Decrescente";"Acidentes de outra natureza";0;0;0;1;0;0;0;0;0;1;1;0;1;1;0
"04/04/2021";"06:28:00";"15";"Acidente c";"180";"BR-393/RJ";"Decrescente";"Acidentes de outra natureza";0;0;0;1;0;0;0;0;0;0;0;2;0;0;0
"04/04/2021";"02:47:00";"28";"Acidente s";"255";"BR-393/RJ";"Decrescente";"Colisão com veículos (traseira)";2;0;0;0;0;0;0;0;0;0;2;0;0;0;0
"05/04/2021";"06:54:00";"16";"Atropelame";"172.3";"BR-393/RJ";"Crescente";"Colisão com veículos (frontal)";0;0;2;0;0;0;0;0;0;0;0;0;1;0;2
"05/04/2021";"06:33:00";"54";"Acidente c";"284";"BR-393/RJ";"Crescente";"Atropelamento de pedestre";1;0;0;0;0;0;0;0;0;0;1;1;0;0;0
"05/04/2021";"09:40:00";"60";"Acidente c";"225.099";"BR-393/RJ";"Decrescente";"Colisão com veículos (traseira)";0;0;0;2;0;0;0;0;0;0;0;2;0;0;0
"07/04/2021";"03:21:00";"45";"Acidente s";"135.5";"BR-393/RJ";"Decrescente";"Colisão c/ obstáculos";0;0;1;0;0;0;0;0;0;0;1;0;0;0;0
"07/04/2021";"05:11:00";"54";"Acidente c";"123.099";"BR-393/RJ";"Decrescente";"Tombamento";0;0;1;0;0;0;0;0;0;0;0;0;1;0;0
"08/04/2021";"06:08:00";"54";"Acidente c";"151.9";"BR-393/RJ";"Crescente";"Saídas de pista";1;0;0;0;0;0;0;0;0;0;0;2;1;0;0
"08/04/2021";"08:59:00";"64";"Acidente c";"102.7";"BR-393/RJ";"Crescente";"Colisão com veículos (frontal)";1;0;1;0;0;0;0;0;0;0;0;1;0;0;2
"10/04/2021";"10:25:00";"53";"Acidente c";"130.3";"BR-393/RJ";"Crescente";"Atropelamento de pedestre";1;1;0;0;0;0;0;0;0;0;1;0;1;0;0
"11/04/2021";"06:57:00";"38";"Acidente c";"252.5";"BR-393/RJ";"Crescente";"Acidentes de outra natureza";0;0;0;1;0;0;0;0;0;0;0;0;1;0;0
"14/04/2021";"11:17:00";"35";"Acidente s";"232.599";"BR-393/RJ";"Decrescente";"Colisão lateral no mesmo sentido";0;0;2;0;0;0;0;0;0;0;2;0;0;0;0
"14/04/2021";"11:43:00";"38";"Acidente c";"283.9";"BR-393/RJ";"Decrescente";"Atropelamento de pedestre";1;1;0;0;0;0;0;0;0;0;1;1;0;0;0
"15/04/2021";"07:53:00";"64";"Acidente s";"285.199";"BR-393/RJ";"Decrescente";"Colisão com veículos (traseira)";1;0;0;0;1;0;0;0;0;0;4;0;0;0;0
"17/04/2021";"01:22:00";"1";"Acidente c";"283.6";"BR-393/RJ";"Crescente";"Colisão c/ obstáculos";0;0;1;1;0;0;0;0;0;0;1;0;0;0;1
"17/04/2021";"06:15:00";"14";"Acidente c";"181.3";"BR-393/RJ";"Decrescente";"Saídas de pista";1;0;0;0;0;0;0;0;0;0;0;1;0;0;0
"17/04/2021";"07:00:00";"15";"Acidente s";"185.1";"BR-393/RJ";"Decrescente";"Saídas de pista";0;0;1;0;0;0;0;0;0;0;1;0;0;0;0
"17/04/2021";"06:14:00";"48";"Acidente c";"236";"BR-393/RJ";"Crescente";"Acidentes de outra natureza";1;0;0;1;0;0;0;0;0;0;1;1;1;0;0
"17/04/2021";"07:54:00";"52";"Acidente s";"285";"BR-393/RJ";"Decrescente";"Engavetamento";3;0;0;0;0;0;0;0;0;0;5;0;0;0;0
"18/04/2021";"04:13:00";"10";"Acidente s";"233.2";"BR-393/RJ";"Decrescente";"Capotamento";1;0;0;0;0;0;0;0;0;0;1;0;0;0;0
"18/04/2021";"06:46:00";"12";"Acidente c";"273.8";"BR-393/RJ";"Crescente";"Tombamento";0;0;1;0;0;0;0;0;0;0;0;0;1;0;0
"18/04/2021";"02:52:00";"21";"Acidente c";"238.5";"BR-393/RJ";"Crescente";"Acidentes de outra natureza";1;0;1;0;0;0;0;0;0;0;1;2;0;0;0
"18/04/2021";"03:54:00";"22";"Acidente c";"172.3";"BR-393/RJ";"Crescente";"Saídas de pista";1;0;0;0;0;0;0;0;0;0;1;2;0;0;0
"23/04/2021";"07:20:00";"41";"Acidente c";"238";"BR-393/RJ";"Crescente";"Colisão lateral no sentido contrário";1;0;1;1;0;0;0;0;0;0;3;2;0;0;1
"24/04/2021";"06:41:00";"33";"Acidente c";"103.619";"BR-393/RJ";"Decrescente";"Colisão com veículos (traseira)";2;0;0;0;0;0;0;0;0;0;1;4;0;0;0
"24/04/2021";"07:37:00";"36";"Acidente c";"236.7";"BR-393/RJ";"Decrescente";"Colisão lateral no sentido contrário";1;0;1;0;0;0;0;0;0;0;1;0;1;0;0
"24/04/2021";"11:32:00";"42";"Atropelame";"152.199";"BR-393/RJ";"Decrescente";"Atropelamento de pedestre";0;0;0;0;0;1;0;0;0;0;1;0;0;0;1
"26/04/2021";"02:58:00";"13";"Acidente c";"181";"BR-393/RJ";"Crescente";"Colisão lateral no mesmo sentido";2;0;0;0;0;0;0;0;0;0;0;8;0;0;0
"27/04/2021";"03:16:00";"51";"Acidente c";"146.9";"BR-393/RJ";"Crescente";"Colisão lateral no sentido contrário";0;0;2;0;0;0;0;0;0;0;1;2;0;1;0
"27/04/2021";"05:58:00";"58";"Acidente c";"284.399";"BR-393/RJ";"Crescente";"Engavetamento";2;0;0;0;1;0;0;0;0;0;2;1;0;0;0
"28/04/2021";"03:38:00";"46";"Acidente c";"252";"BR-393/RJ";"Decrescente";"Colisão c/ obstáculos";1;0;0;0;0;0;0;0;0;0;0;1;0;0;0
"29/04/2021";"06:46:00";"15";"Acidente c";"285.699";"BR-393/RJ";"Crescente";"Colisão com veículos (traseira)";1;0;0;1;0;0;0;0;0;0;2;1;0;0;0
"29/04/2021";"07:29:00";"17";"Acidente s";"284.699";"BR-393/RJ";"Crescente";"Colisão com veículos (traseira)";2;0;0;0;0;0;0;0;0;0;2;0;0;0;0
"29/04/2021";"06:38:00";"56";"Acidente c";"229.699";"BR-393/RJ";"Decrescente";"Colisão lateral no mesmo sentido";1;0;1;0;0;0;0;0;0;0;1;1;0;0;0
"29/04/2021";"06:59:00";"57";"Acidente s";"284.699";"BR-393/RJ";"Decrescente";"Colisão com veículos (traseira)";2;0;0;0;0;0;0;0;0;0;5;0;0;0;0
"30/04/2021";"02:49:00";"9";"Acidente s";"238";"BR-393/RJ";"Decrescente";"Atropelamento de animais";1;0;0;0;0;0;0;0;0;0;3;0;0;0;0
"01/05/2021";"11:22:00";"49";"Acidente s";"265";"BR-393/RJ";"Decrescente";"Colisão c/ obstáculos";0;0;2;0;0;0;0;0;0;0;2;0;0;0;0
"02/05/2021";"12:33:00";"1";"Acidente c";"179";"BR-393/RJ";"Decrescente";"Colisão lateral no sentido contrário";2;0;0;0;0;0;0;0;0;0;2;1;0;0;0
"02/05/2021";"07:15:00";"16";"Acidente c";"113";"BR-393/RJ";"Decrescente";"Colisão c/ obstáculos";1;0;0;0;0;0;0;0;0;0;0;2;0;0;0
"02/05/2021";"09:41:00";"53";"Acidente c";"282.1";"BR-393/RJ";"Decrescente";"Acidentes de outra natureza";1;0;0;1;0;0;0;0;0;0;1;1;0;0;0
"03/05/2021";"12:04:00";"1";"Acidente s";"217.5";"BR-393/RJ";"Decrescente";"Saídas de pista";1;0;0;0;0;0;0;0;0;0;1;0;0;0;0
"05/05/2021";"01:29:00";"5";"Acidente c";"123";"BR-393/RJ";"Decrescente";"Tombamento";0;0;1;0;0;0;0;0;0;0;0;1;0;0;0
"05/05/2021";"09:29:00";"26";"Acidente s";"285.299";"BR-393/RJ";"Crescente";"Engavetamento";3;0;0;0;0;0;0;0;0;0;3;0;0;0;0
"05/05/2021";"07:19:00";"58";"Acidente c";"234.9";"BR-393/RJ";"Crescente";"Acidentes de outra natureza";2;0;0;0;0;0;0;0;0;0;2;2;2;1;0
"05/05/2021";"07:44:00";"59";"Acidente c";"279.5";"BR-393/RJ";"Crescente";"Atropelamento de pedestre";0;1;0;1;0;0;0;0;0;0;1;1;0;0;0
"07/05/2021";"05:12:00";"16";"Acidente c";"261.9";"BR-393/RJ";"Crescente";"Colisão lateral no sentido contrário";2;0;0;0;0;0;0;0;0;0;2;1;0;0;0
"07/05/2021";"07:17:00";"50";"Acidente s";"187.199";"BR-393/RJ";"Crescente";"Atropelamento de animais";0;0;1;0;0;0;0;0;0;0;1;0;0;0;0
"08/05/2021";"03:34:00";"17";"Acidente s";"239.199";"BR-393/RJ";"Decrescente";"Saídas de pista";1;0;0;0;0;0;0;0;0;0;3;0;0;0;0
"08/05/2021";"06:31:00";"19";"Acidente c";"235.4";"BR-393/RJ";"Decrescente";"Atropelamento de pedestre";1;0;0;0;0;0;0;0;0;0;1;1;0;0;0
"08/05/2021";"04:42:00";"46";"Acidente s";"167.599";"BR-393/RJ";"Crescente";"Colisão lateral no mesmo sentido";1;0;1;0;0;0;0;0;0;0;3;0;0;0;0
"08/05/2021";"11:29:00";"54";"Acidente s";"281";"BR-393/RJ";"Crescente";"Colisão com veículos (traseira)";2;0;0;0;0;0;0;0;0;0;3;0;0;0;0
"09/05/2021";"09:26:00";"48";"Atropelame";"184.3";"BR-393/RJ";"Crescente";"Atropelamento de pedestre";0;1;1;0;0;0;0;0;0;0;1;0;1;0;0
"10/05/2021";"02:22:00";"44";"Acidente c";"111.5";"BR-393/RJ";"Decrescente";"Saídas de pista";1;0;0;0;0;0;0;0;0;0;0;5;0;0;0
"10/05/2021";"06:02:00";"60";"Acidente s";"270";"BR-393/RJ";"Decrescente";"Acidentes de outra natureza";1;0;1;0;0;0;0;0;0;1;7;0;0;0;0
"11/05/2021";"07:16:00";"21";"Acidente s";"180";"BR-393/RJ";"Crescente";"Colisão lateral no sentido contrário";0;0;2;0;0;0;0;0;0;0;2;0;0;0;0
"11/05/2021";"08:05:00";"27";"Acidente s";"159.199";"BR-393/RJ";"Decrescente";"Colisão c/ obstáculos";1;0;0;0;0;0;0;0;0;0;1;0;0;0;0
"11/05/2021";"12:03:00";"48";"Acidente s";"284.699";"BR-393/RJ";"Decrescente";"Colisão com veículos (traseira)";2;0;0;0;0;0;0;0;0;0;2;0;0;0;0
"11/05/2021";"03:36:00";"57";"Acidente s";"231.9";"BR-393/RJ";"Decrescente";"Acidentes de outra natureza";2;0;0;0;0;0;0;0;0;0;4;0;0;0;0
"12/05/2021";"07:05:00";"16";"Acidente c";"103.299";"BR-393/RJ";"Decrescente";"Acidentes de outra natureza";1;0;0;1;0;0;0;0;0;0;0;1;0;1;0
"12/05/2021";"03:05:00";"44";"Acidente c";"168.4";"BR-393/RJ";"Crescente";"Colisão c/ obstáculos";0;0;0;1;0;0;0;0;0;0;1;1;0;0;0
"13/05/2021";"04:51:00";"13";"Acidente c";"179.3";"BR-393/RJ";"Crescente";"Acidentes de outra natureza";0;0;0;1;0;0;0;0;0;0;0;0;1;0;0
"13/05/2021";"07:14:00";"15";"Acidente s";"284";"BR-393/RJ";"Crescente";"Colisão com veículos (traseira)";2;0;0;0;0;0;0;0;0;0;3;0;0;0;0
"13/05/2021";"08:13:00";"19";"Acidente c";"161";"BR-393/RJ";"Crescente";"Colisão com veículos (frontal)";1;0;1;0;0;0;0;0;0;0;0;1;0;0;1
"13/05/2021";"02:13:00";"41";"Acidente s";"250";"BR-393/RJ";"Decrescente";"Colisão c/ obstáculos";1;0;0;0;0;0;0;0;0;0;1;0;0;0;0
"14/05/2021";"03:29:00";"50";"Acidente c";"275";"BR-393/RJ";"Decrescente";"Colisão lateral no mesmo sentido";0;0;2;0;0;0;0;0;0;0;1;4;0;0;0
"16/05/2021";"05:17:00";"40";"Acidente c";"218.8";"BR-393/RJ";"Crescente";"Acidentes de outra natureza";0;0;0;1;0;0;0;0;0;0;0;2;0;0;0
"16/05/2021";"05:50:00";"43";"Acidente c";"253";"BR-393/RJ";"Crescente";"Colisão lateral no mesmo sentido";0;0;2;0;0;0;0;0;0;0;1;1;0;0;0
"17/05/2021";"10:48:00";"66";"Acidente s";"236.4";"BR-393/RJ";"Crescente";"Colisão com veículos (traseira)";2;0;0;0;0;0;0;0;0;0;7;0;0;0;0
"18/05/2021";"04:13:00";"42";"Acidente c";"178.4";"BR-393/RJ";"Decrescente";"Colisão c/ obstáculos";0;0;1;0;0;0;0;0;0;0;0;1;0;0;0
"18/05/2021";"05:48:00";"50";"Atropelame";"179.499";"BR-393/RJ";"Decrescente";"Atropelamento de pedestre";0;0;0;1;0;0;0;0;0;0;1;0;1;0;0
"18/05/2021";"06:38:00";"55";"Acidente c";"282.199";"BR-393/RJ";"Decrescente";"Acidentes de outra natureza";2;0;0;0;0;0;0;0;0;0;1;1;1;0;0
"19/05/2021";"04:17:00";"47";"Acidente c";"167.9";"BR-393/RJ";"Decrescente";"Engavetamento";2;0;2;0;0;0;0;0;0;0;10;2;0;0;0
"19/05/2021";"04:36:00";"50";"Acidente s";"236.699";"BR-393/RJ";"Crescente";"Acidentes de outra natureza";1;0;0;1;0;0;0;0;0;0;2;0;0;0;0
"20/05/2021";"01:49:00";"7";"Acidente s";"223.599";"BR-393/RJ";"Decrescente";"Colisão com veículos (traseira)";0;0;1;0;1;0;0;0;0;0;29;0;0;0;0
"21/05/2021";"06:38:00";"46";"Acidente s";"280";"BR-393/RJ";"Crescente";"Colisão com veículos (traseira)";2;0;0;0;0;0;0;0;0;0;4;0;0;0;0
"22/05/2021";"01:36:00";"31";"Atropelame";"169";"BR-393/RJ";"Decrescente";"Atropelamento de pedestre";0;1;1;0;0;0;0;0;0;0;0;1;0;0;1
"22/05/2021";"02:32:00";"35";"Acidente c";"285.8";"BR-393/RJ";"Decrescente";"Colisão lateral no mesmo sentido";1;0;0;0;1;0;0;0;0;0;1;1;0;0;0
"22/05/2021";"02:41:00";"36";"Acidente c";"285.699";"BR-393/RJ";"Decrescente";"Acidentes de outra natureza";1;0;0;1;0;0;0;0;0;0;3;0;0;0;1
"23/05/2021";"01:11:00";"1";"Acidente c";"171";"BR-393/RJ";"Crescente";"Colisão com veículos (traseira)";2;0;0;0;0;0;0;0;0;0;2;1;0;0;0
"23/05/2021";"06:01:00";"40";"Acidente c";"285.199";"BR-393/RJ";"Crescente";"Colisão com veículos (traseira)";2;0;0;0;0;0;0;0;0;0;2;2;0;0;0
"25/05/2021";"06:57:00";"19";"Acidente c";"258.004";"BR-393/RJ";"Crescente";"Tombamento";0;0;1;0;0;0;0;0;0;0;0;0;1;0;0
"25/05/2021";"02:23:00";"48";"Acidente c";"134.5";"BR-393/RJ";"Decrescente";"Colisão com veículos (traseira)";1;0;0;1;0;0;0;0;0;0;0;3;0;0;0
"27/05/2021";"07:15:00";"16";"Acidente c";"265";"BR-393/RJ";"Decrescente";"Colisão com veículos (traseira)";1;0;1;0;0;0;0;0;0;0;6;1;0;0;0
"27/05/2021";"09:04:00";"29";"Acidente s";"282";"BR-393/RJ";"Crescente";"Colisão com veículos (traseira)";2;0;0;0;0;0;0;0;0;0;5;0;0;0;0
"27/05/2021";"09:26:00";"33";"Acidente c";"224.5";"BR-393/RJ";"Crescente";"Colisão com veículos (frontal)";0;0;3;0;0;0;0;0;0;0;0;1;1;1;0
"27/05/2021";"06:49:00";"63";"Acidente s";"158.6";"BR-393/RJ";"Crescente";"Colisão com veículos (traseira)";1;0;0;0;0;0;0;0;0;1;10;0;0;0;0
"28/05/2021";"07:25:00";"65";"Acidente s";"282.199";"BR-393/RJ";"Decrescente";"Acidentes de outra natureza";1;0;0;1;0;0;0;0;0;0;3;0;0;0;0
"28/05/2021";"08:24:00";"69";"Acidente c";"180.9";"BR-393/RJ";"Decrescente";"Acidentes de outra natureza";0;0;0;1;0;0;0;0;0;0;0;1;1;0;0
"28/05/2021";"10:27:00";"74";"Acidente c";"280";"BR-393/RJ";"Crescente";"Atropelamento de pedestre";0;0;0;1;0;0;0;0;0;0;0;0;1;2;0
"29/05/2021";"12:57:00";"6";"Acidente s";"282.8";"BR-393/RJ";"Decrescente";"Capotamento";1;0;0;0;0;0;0;0;0;0;1;0;0;0;0
"30/05/2021";"02:38:00";"1";"Acidente c";"105.099";"BR-393/RJ";"Crescente";"Colisão com veículos (traseira)";1;0;0;1;0;0;0;0;0;0;1;0;1;0;1
"30/05/2021";"04:10:00";"11";"Acidente s";"236.699";"BR-393/RJ";"Decrescente";"Saídas de pista";1;0;0;0;0;0;0;0;0;0;1;0;0;0;0
"30/05/2021";"05:17:00";"30";"Acidente s";"133";"BR-393/RJ";"Crescente";"Colisão lateral no sentido contrário";1;0;1;0;0;0;0;0;0;0;2;0;0;0;0
"30/05/2021";"07:12:00";"38";"Acidente s";"285.7";"BR-393/RJ";"Crescente";"Colisão com veículos (traseira)";2;0;0;0;0;0;0;0;0;0;3;0;0;0;0
"30/05/2021";"07:45:00";"39";"Acidente c";"281.8";"BR-393/RJ";"Crescente";"Colisão com veículos (frontal)";1;0;0;0;0;0;0;0;0;1;0;2;0;0;0
"30/05/2021";"09:03:00";"41";"Acidente s";"136.3";"BR-393/RJ";"Decrescente";"Colisão c/ obstáculos";1;0;0;0;0;0;0;0;0;0;2;0;0;0;0
"31/05/2021";"09:10:00";"22";"Acidente c";"263.8";"BR-393/RJ";"Decrescente";"Capotamento";1;0;0;0;0;0;0;0;0;0;1;2;0;0;0
"31/05/2021";"09:57:00";"27";"Acidente s";"257.8";"BR-393/RJ";"Decrescente";"Colisão c/ obstáculos";1;0;0;0;0;0;0;0;0;0;1;0;0;0;0
"31/05/2021";"09:57:00";"29";"Acidente c";"257.899";"BR-393/RJ";"Crescente";"Saídas de pista";1;0;0;0;0;0;0;0;0;0;0;2;0;0;0
"31/05/2021";"11:05:00";"30";"Acidente s";"114.2";"BR-393/RJ";"Decrescente";"Colisão c/ obstáculos";1;0;0;0;0;0;0;0;0;0;1;0;0;0;0
"31/05/2021";"11:23:00";"32";"Acidente s";"129.9";"BR-393/RJ";"Decrescente";"Saídas de pista";1;0;0;0;0;0;0;0;0;0;2;0;0;0;0
"31/05/2021";"01:08:00";"39";"Acidente s";"157.4";"BR-393/RJ";"Decrescente";"Saídas de pista";1;0;0;0;0;0;0;0;0;0;1;0;0;0;0
"31/05/2021";"03:45:00";"47";"Acidente c";"283.699";"BR-393/RJ";"Crescente";"Acidentes de outra natureza";2;0;0;0;0;0;0;0;0;0;1;1;0;0;0
"31/05/2021";"07:20:00";"55";"Acidente c";"105.5";"BR-393/RJ";"Decrescente";"Colisão lateral no sentido contrário";1;0;1;0;0;0;0;0;0;0;1;2;0;0;0
"01/06/2021";"06:01:00";"63";"Acidente c";"282";"BR-393/RJ";"Decrescente";"Acidentes de outra natureza";0;1;0;0;0;0;0;0;0;0;0;1;0;0;0
"02/06/2021";"09:20:00";"21";"Acidente c";"281";"BR-393/RJ";"Decrescente";"Acidentes de outra natureza";2;0;0;1;0;0;0;0;0;0;2;2;0;0;0
"02/06/2021";"03:48:00";"47";"Acidente s";"265";"BR-393/RJ";"Crescente";"Colisão com veículos (traseira)";0;0;2;0;0;0;0;0;0;0;4;0;0;0;0
"04/06/2021";"08:55:00";"19";"Acidente s";"137";"BR-393/RJ";"Crescente";"Colisão c/ obstáculos";0;0;1;0;0;0;0;0;0;0;1;0;0;0;0
"04/06/2021";"12:55:00";"37";"Acidente s";"255";"BR-393/RJ";"Crescente";"Acidentes de outra natureza";2;0;0;0;0;0;0;0;0;0;3;0;0;0;0
"04/06/2021";"09:14:00";"56";"Acidente c";"285.3";"BR-393/RJ";"Decrescente";"Acidentes de outra natureza";1;0;0;1;0;0;0;0;0;0;2;1;0;0;0
"05/06/2021";"01:13:00";"36";"Acidente c";"103.599";"BR-393/RJ";"Crescente";"Saídas de pista";1;0;0;0;0;0;0;0;0;0;0;2;0;0;0
"05/06/2021";"01:14:00";"37";"Acidente c";"185.099";"BR-393/RJ";"Crescente";"Capotamento";1;0;0;0;0;0;0;0;0;0;0;2;0;0;0
"05/06/2021";"01:19:00";"38";"Acidente s";"266.6";"BR-393/RJ";"Crescente";"Saídas de pista";1;0;0;0;0;0;0;0;0;0;2;0;0;0;0
"05/06/2021";"03:56:00";"43";"Acidente s";"282";"BR-393/RJ";"Crescente";"Colisão com veículos (traseira)";2;0;0;0;0;0;0;0;0;0;2;0;0;0;0
"05/06/2021";"04:11:00";"44";"Acidente c";"234.9";"BR-393/RJ";"Crescente";"Acidentes de outra natureza";1;0;0;1;0;0;0;0;0;0;4;1;0;0;0
"05/06/2021";"08:36:00";"50";"Acidente c";"283.3";"BR-393/RJ";"Crescente";"Colisão lateral no sentido contrário";3;0;0;0;0;0;0;0;0;0;8;1;0;0;0
"06/06/2021";"01:58:00";"31";"Acidente c";"114";"BR-393/RJ";"Decrescente";"Tombamento";1;0;1;0;0;0;0;0;0;0;0;2;0;0;0
"06/06/2021";"05:44:00";"38";"Acidente c";"283.6";"BR-393/RJ";"Decrescente";"Colisão com veículos (frontal)";1;0;0;1;0;0;0;0;0;0;1;0;1;0;0
"06/06/2021";"06:59:00";"41";"Acidente s";"187.199";"BR-393/RJ";"Crescente";"Acidentes de outra natureza";1;0;2;0;0;0;0;0;0;0;7;0;0;0;0
"06/06/2021";"07:00:00";"46";"Acidente s";"187.199";"BR-393/RJ";"Decrescente";"Colisão com veículos (traseira)";2;0;0;0;0;0;0;0;0;0;8;0;0;0;0
"08/06/2021";"06:23:00";"13";"Acidente c";"102.799";"BR-393/RJ";"Decrescente";"Colisão lateral no mesmo sentido";0;0;1;1;0;0;0;0;0;0;1;1;0;0;0
"09/06/2021";"10:56:00";"34";"Acidente s";"238.5";"BR-393/RJ";"Decrescente";"Colisão com veículos (traseira)";0;0;2;0;0;0;0;0;0;0;2;0;0;0;0
"10/06/2021";"05:32:00";"49";"Acidente c";"171.5";"BR-393/RJ";"Crescente";"Acidentes de outra natureza";1;0;0;1;0;0;0;0;0;0;0;2;0;0;0
"11/06/2021";"08:35:00";"24";"Acidente c";"229.8";"BR-393/RJ";"Crescente";"Capotamento";1;0;0;0;0;0;0;0;0;0;0;1;0;0;0
"12/06/2021";"12:38:00";"2";"Acidente c";"172.3";"BR-393/RJ";"Decrescente";"Capotamento";1;0;0;0;0;0;0;0;0;0;1;1;0;0;0
"12/06/2021";"02:38:00";"36";"Acidente c";"206.9";"BR-393/RJ";"Decrescente";"Colisão lateral no mesmo sentido";1;0;1;0;0;0;0;0;0;0;0;3;0;0;0
"12/06/2021";"03:02:00";"37";"Acidente s";"278.8";"BR-393/RJ";"Crescente";"Acidentes de outra natureza";2;0;0;0;0;0;0;0;0;0;3;0;0;0;0
"12/06/2021";"08:51:00";"49";"Atropelame";"235.199";"BR-393/RJ";"Decrescente";"Atropelamento de pedestre";1;0;0;0;0;0;0;0;0;0;2;0;1;0;0
"13/06/2021";"03:38:00";"13";"Acidente c";"180";"BR-393/RJ";"Decrescente";"Atropelamento de animais";1;0;0;0;0;0;0;0;0;0;0;1;0;0;0
"13/06/2021";"10:58:00";"27";"Acidente c";"273.8";"BR-393/RJ";"Decrescente";"Saídas de pista";1;0;0;0;0;0;0;0;0;0;0;1;0;0;0
"16/06/2021";"07:21:00";"15";"Acidente s";"203.9";"BR-393/RJ";"Decrescente";"Colisão c/ obstáculos";0;0;1;0;0;0;0;0;0;0;1;0;0;0;0
"17/06/2021";"07:30:00";"17";"Acidente s";"175.599";"BR-393/RJ";"Crescente";"Colisão com veículos (traseira)";0;0;2;0;0;0;0;0;0;0;2;0;0;0;0
"17/06/2021";"11:59:00";"34";"Acidente s";"167.9";"BR-393/RJ";"Crescente";"Engavetamento";1;0;2;0;0;0;0;0;0;0;4;0;0;0;0
"17/06/2021";"10:51:00";"61";"Acidente s";"172";"BR-393/RJ";"Decrescente";"Atropelamento de animais";2;0;2;0;0;0;0;0;0;0;4;0;0;0;0
"18/06/2021";"07:30:00";"24";"Acidente c";"114.3";"BR-393/RJ";"Decrescente";"Tombamento";0;0;1;0;0;0;0;0;0;0;0;1;0;0;0
"18/06/2021";"12:28:00";"45";"Acidente s";"281";"BR-393/RJ";"Crescente";"Colisão com veículos (traseira)";2;0;0;0;0;0;0;0;0;0;2;0;0;0;0
"18/06/2021";"01:30:00";"48";"Acidente s";"133";"BR-393/RJ";"Decrescente";"Colisão com veículos (traseira)";0;0;1;1;0;0;0;0;0;0;3;0;0;0;0
"19/06/2021";"04:30:00";"36";"Acidente s";"275";"BR-393/RJ";"Decrescente";"Colisão com veículos (traseira)";1;0;1;0;0;0;0;0;0;0;3;0;0;0;0
"20/06/2021";"03:45:00";"11";"Acidente s";"130.4";"BR-393/RJ";"Crescente";"Acidentes de outra natureza";0;0;0;1;0;0;0;0;0;0;2;0;0;0;0
"20/06/2021";"01:30:00";"25";"Acidente s";"182";"BR-393/RJ";"Decrescente";"Colisão lateral no mesmo sentido";1;0;1;0;0;0;0;0;0;0;3;0;0;0;0
"21/06/2021";"04:05:00";"39";"Acidente s";"232.8";"BR-393/RJ";"Crescente";"Saídas de pista";1;0;0;0;0;0;0;0;0;0;1;0;0;0;0
"22/06/2021";"07:36:00";"15";"Acidente c";"246";"BR-393/RJ";"Crescente";"Colisão c/ obstáculos";0;0;1;0;0;0;0;0;0;0;0;1;0;0;0