data;horario;n_da_ocorrencia;tipo_de_ocorrencia;km;trecho;sentido;tipo_de_acidente;automovel;bicicleta;caminhao;moto;onibus;outros;tracao_animal;transporte_de_cargas_especiais;trator_maquinas;utilitarios;ilesos;levemente_feridos;moderadamente_feridos;gravemente_feridos;mortos
"22/06/2021";"09:30:00";"24";"Acidente c";"161";"BR-393/RJ";"Decrescente";"Acidentes de outra natureza";1;0;0;0;0;0;0;0;0;0;0;1;0;0;0
"22/06/2021";"09:48:00";"27";"Acidente s";"239.002";"BR-393/RJ";"Crescente";"Saídas de pista";1;0;0;0;0;0;0;0;0;0;2;0;0;0;0
"22/06/2021";"04:38:00";"43";"Acidente s";"280";"BR-393/RJ";"Crescente";"Colisão com veículos (traseira)";2;0;0;0;0;0;0;0;0;0;2;0;0;0;0
"22/06/2021";"08:56:00";"54";"Acidente c";"129.5";"BR-393/RJ";"Decrescente";"Saídas de pista";0;0;1;0;0;0;0;0;0;0;0;1;0;0;0
"22/06/2021";"10:53:00";"61";"Acidente s";"278.8";"BR-393/RJ";"Crescente";"Colisão com veículos (traseira)";0;0;2;0;0;0;0;0;0;0;2;0;0;0;0
"23/06/2021";"12:21:00";"53";"Acidente s";"161.9";"BR-393/RJ";"Decrescente";"Tombamento";0;0;1;0;0;0;0;0;0;0;1;0;0;0;0
"24/06/2021";"06:44:00";"17";"Acidente c";"214.599";"BR-393/RJ";"Crescente";"Colisão lateral no mesmo sentido";0;0;1;1;0;0;0;0;0;0;1;1;0;0;0
"25/06/2021";"10:20:00";"34";"Acidente c";"181.4";"BR-393/RJ";"Crescente";"Colisão c/ obstáculos";0;0;1;0;0;0;0;0;0;0;0;3;0;0;0
"25/06/2021";"12:02:00";"40";"Acidente s";"281.199";"BR-393/RJ";"Crescente";"Acidentes de outra natureza";2;0;0;0;0;0;0;0;0;0;4;0;0;0;0
"26/06/2021";"09:22:00";"24";"Acidente c";"114.2";"BR-393/RJ";"Decrescente";"Tombamento";0;0;1;0;0;0;0;0;0;0;1;1;1;0;0
"26/06/2021";"01:02:00";"36";"Acidente c";"178.1";"BR-393/RJ";"Decrescente";"Atropelamento de pedestre";0;1;0;1;0;0;0;0;0;0;1;1;0;0;0
"26/06/2021";"04:08:00";"42";"Acidente s";"182";"BR-393/RJ";"Crescente";"Colisão com veículos (traseira)";1;0;1;0;0;0;0;0;0;0;6;0;0;0;0
"26/06/2021";"07:00:00";"49";"Acidente s";"271.05";"BR-393/RJ";"Decrescente";"Colisão com veículos (traseira)";1;0;1;0;0;0;0;0;0;0;2;0;0;0;0
"27/06/2021";"04:58:00";"19";"Acidente s";"279.6";"BR-393/RJ";"Decrescente";"Colisão com veículos (traseira)";1;0;1;0;0;0;0;0;0;0;3;0;0;0;0
"27/06/2021";"12:29:00";"37";"Acidente c";"112.9";"BR-393/RJ";"Crescente";"Colisão lateral no mesmo sentido";2;0;0;0;0;0;0;0;0;0;0;7;0;0;0
"28/06/2021";"03:34:00";"14";"Acidente c";"284.1";"BR-393/RJ";"Decrescente";"Colisão c/ obstáculos";1;0;0;0;0;0;0;0;0;0;0;1;0;0;0
"28/06/2021";"06:58:00";"20";"Acidente c";"154.2";"BR-393/RJ";"Decrescente";"Colisão c/ obstáculos";0;0;1;0;0;0;0;0;0;0;0;0;1;0;0
"28/06/2021";"06:22:00";"69";"Acidente c";"176";"BR-393/RJ";"Crescente";"Colisão com veículos (traseira)";2;0;0;0;0;0;0;0;0;0;1;2;0;0;0
"29/06/2021";"06:32:00";"14";"Acidente c";"281";"BR-393/RJ";"Decrescente";"Acidentes de outra natureza";2;0;0;0;0;0;0;0;0;0;5;1;0;0;0
"29/06/2021";"07:32:00";"47";"Acidente c";"151.8";"BR-393/RJ";"Decrescente";"Capotamento";1;0;0;0;0;0;0;0;0;0;2;1;0;0;0
"29/06/2021";"07:47:00";"48";"Acidente c";"3";"BR-393/RJ";"Crescente";"Atropelamento de animais";1;0;0;0;0;0;0;0;0;0;0;1;0;0;0
"29/06/2021";"11:21:00";"56";"Acidente c";"151.8";"BR-393/RJ";"Crescente";"Tombamento";0;0;1;0;0;0;0;0;0;0;0;0;1;0;1
"02/07/2021";"08:45:00";"24";"Acidente c";"164.8";"BR-393/RJ";"Decrescente";"Tombamento";0;0;1;0;0;0;0;0;0;0;0;1;0;0;0
"02/07/2021";"03:40:00";"41";"Acidente c";"281.691";"BR-393/RJ";"Decrescente";"Colisão lateral no sentido contrário";2;0;0;1;0;0;0;0;0;0;2;0;1;0;0
"02/07/2021";"04:34:00";"45";"Acidente c";"176.5";"BR-393/RJ";"Crescente";"Colisão com veículos (traseira)";1;0;0;0;1;0;0;0;0;0;2;1;0;0;0
"02/07/2021";"05:01:00";"47";"Acidente s";"280.199";"BR-393/RJ";"Crescente";"Colisão com veículos (traseira)";2;0;0;0;0;0;0;0;0;0;3;0;0;0;0
"02/07/2021";"07:11:00";"57";"Acidente c";"267";"BR-393/RJ";"Crescente";"Colisão c/ obstáculos";1;0;0;0;0;0;0;0;0;0;0;0;1;0;0
"03/07/2021";"12:06:00";"1";"Acidente c";"200.799";"BR-393/RJ";"Decrescente";"Colisão c/ obstáculos";1;0;1;0;0;0;0;0;0;0;1;1;0;0;0
"03/07/2021";"07:54:00";"22";"Acidente c";"168.199";"BR-393/RJ";"Crescente";"Acidentes de outra natureza";1;0;0;1;0;0;0;0;0;0;0;2;0;0;0
"04/07/2021";"12:20:00";"18";"Acidente c";"108";"BR-393/RJ";"Crescente";"Colisão lateral no mesmo sentido";0;0;0;2;0;0;0;0;0;0;0;1;1;0;0
"04/07/2021";"03:45:00";"31";"Acidente s";"195";"BR-393/RJ";"Decrescente";"Colisão com veículos (traseira)";2;0;0;0;0;0;0;0;0;0;4;0;0;0;0
"04/07/2021";"05:33:00";"39";"Acidente c";"191.699";"BR-393/RJ";"Decrescente";"Colisão com veículos (frontal)";0;0;1;1;0;0;0;0;0;0;0;2;0;0;1
"04/07/2021";"07:15:00";"43";"Acidente c";"285.699";"BR-393/RJ";"Decrescente";"Colisão com veículos (frontal)";2;0;0;0;0;0;0;0;0;0;0;1;3;0;0
"05/07/2021";"05:57:00";"16";"Acidente c";"195.4";"BR-393/RJ";"Crescente";"Tombamento";0;0;1;0;0;0;0;0;0;0;0;1;0;0;0
"06/07/2021";"01:52:00";"43";"Acidente s";"285.899";"BR-393/RJ";"Crescente";"Colisão com veículos (traseira)";2;0;0;0;0;0;0;0;0;0;2;0;0;0;0
"06/07/2021";"07:32:00";"60";"Acidente c";"180";"BR-393/RJ";"Decrescente";"Colisão lateral no mesmo sentido";1;0;1;0;0;0;0;0;0;0;1;1;0;0;0
"07/07/2021";"01:48:00";"40";"Acidente s";"282";"BR-393/RJ";"Crescente";"Engavetamento";4;0;0;0;0;0;0;0;0;0;5;0;0;0;0
"07/07/2021";"02:28:00";"41";"Acidente c";"271.699";"BR-393/RJ";"Crescente";"Engavetamento";1;0;2;0;0;0;0;0;0;0;2;1;0;0;0
"07/07/2021";"02:29:00";"42";"Acidente c";"146.599";"BR-393/RJ";"Decrescente";"Saídas de pista";1;0;0;0;0;0;0;0;0;0;0;3;0;0;0
"08/07/2021";"10:01:00";"26";"Acidente c";"230";"BR-393/RJ";"Decrescente";"Colisão lateral no mesmo sentido";1;0;1;0;0;0;0;0;0;0;3;1;0;0;0
"08/07/2021";"01:51:00";"38";"Acidente s";"283";"BR-393/RJ";"Crescente";"Acidentes de outra natureza";2;0;0;0;0;0;0;0;0;0;2;0;0;0;0
"09/07/2021";"04:20:00";"13";"Acidente s";"281.301";"BR-393/RJ";"Decrescente";"Colisão com veículos (traseira)";0;0;2;0;0;0;0;0;0;0;2;0;0;0;0
"09/07/2021";"09:14:00";"59";"Acidente s";"103.7";"BR-393/RJ";"Decrescente";"Saídas de pista";1;0;0;0;0;0;0;0;0;0;3;0;0;0;0
"10/07/2021";"04:47:00";"42";"Acidente c";"154.3";"BR-393/RJ";"Decrescente";"Colisão c/ obstáculos";0;0;1;0;0;0;0;0;0;0;0;1;0;0;0
"11/07/2021";"01:34:00";"38";"Acidente c";"200";"BR-393/RJ";"Decrescente";"Colisão lateral no mesmo sentido";1;0;1;0;0;0;0;0;0;0;2;1;0;0;0
"11/07/2021";"11:50:00";"58";"Acidente s";"159";"BR-393/RJ";"Crescente";"Saídas de pista";1;0;0;0;0;0;0;0;0;0;1;0;0;0;0
"12/07/2021";"06:39:00";"44";"Acidente c";"102.9";"BR-393/RJ";"Crescente";"Saídas de pista";1;0;1;0;0;0;0;0;0;0;1;1;0;0;0
"14/07/2021";"07:08:00";"14";"Acidente c";"175.699";"BR-393/RJ";"Decrescente";"Engavetamento";2;0;2;0;0;0;0;0;0;0;4;2;0;0;0
"14/07/2021";"10:30:00";"26";"Acidente c";"164.9";"BR-393/RJ";"Decrescente";"Colisão com veículos (frontal)";1;0;2;0;0;0;0;0;0;0;0;3;0;0;2
"14/07/2021";"06:58:00";"46";"Acidente c";"284.1";"BR-393/RJ";"Decrescente";"Acidentes de outra natureza";2;0;0;0;0;0;0;0;0;0;3;1;0;0;0
"14/07/2021";"10:52:00";"49";"Acidente s";"153";"BR-393/RJ";"Decrescente";"Atropelamento de Animal";1;0;0;0;0;0;0;0;0;0;4;0;0;0;0
"15/07/2021";"05:55:00";"16";"Acidente s";"151.8";"BR-393/RJ";"Crescente";"Tombamento";0;0;1;0;0;0;0;0;0;0;2;0;0;0;0
"15/07/2021";"06:42:00";"17";"Acidente s";"172.3";"BR-393/RJ";"Crescente";"Capotamento";1;0;0;0;0;0;0;0;0;0;1;0;0;0;0
"15/07/2021";"06:41:00";"57";"Acidente c";"240.3";"BR-393/RJ";"Crescente";"Colisão com veículos (frontal)";2;0;1;0;0;0;0;0;0;0;1;2;1;0;1
"16/07/2021";"07:25:00";"15";"Acidente c";"282";"BR-393/RJ";"Decrescente";"Acidentes de outra natureza";0;0;1;1;0;0;0;0;0;0;1;0;1;0;0
"16/07/2021";"02:00:00";"38";"Acidente c";"238.6";"BR-393/RJ";"Decrescente";"Acidentes de outra natureza";1;0;0;1;0;0;0;0;0;0;0;1;1;0;0
"16/07/2021";"06:02:00";"45";"Acidente s";"282.199";"BR-393/RJ";"Decrescente";"Acidentes de outra natureza";1;0;0;1;0;0;0;0;0;0;2;0;0;0;0
"17/07/2021";"05:46:00";"23";"Acidente c";"276.9";"BR-393/RJ";"Crescente";"Colisão lateral no sentido contrário";3;0;1;0;0;0;0;0;0;0;6;0;1;0;0
"17/07/2021";"05:31:00";"45";"Acidente s";"273.899";"BR-393/RJ";"Decrescente";"Tombamento";0;0;1;0;0;0;0;0;0;0;1;0;0;0;0
"18/07/2021";"04:54:00";"13";"Acidente s";"155.599";"BR-393/RJ";"Decrescente";"Saídas de pista";0;0;1;0;0;0;0;0;0;0;1;0;0;0;0
"18/07/2021";"06:47:00";"48";"Acidente c";"125";"BR-393/RJ";"Crescente";"Acidentes de outra natureza";1;0;1;0;0;0;0;0;0;0;2;1;0;0;0
"20/07/2021";"11:22:00";"31";"Acidente c";"102.001";"BR-393/RJ";"Decrescente";"Acidentes de outra natureza";2;0;0;0;0;0;0;0;0;0;1;2;0;0;0
"20/07/2021";"07:15:00";"56";"Acidente c";"185.3";"BR-393/RJ";"Crescente";"Colisão com veículos (traseira)";1;0;0;0;0;0;0;0;0;1;0;2;0;0;0
"21/07/2021";"02:08:00";"2";"Atropelame";"200.3";"BR-393/RJ";"Decrescente";"Atropelamento de Animal";0;0;1;0;0;0;0;0;0;0;1;0;0;0;0
"21/07/2021";"09:32:00";"24";"Acidente c";"282";"BR-393/RJ";"Crescente";"Colisão lateral no mesmo sentido";1;0;1;0;0;0;0;0;0;0;1;1;0;0;0
"22/07/2021";"05:01:00";"58";"Acidente s";"285.199";"BR-393/RJ";"Decrescente";"Colisão com veículos (traseira)";2;0;0;0;0;0;0;0;0;0;3;0;0;0;0
"24/07/2021";"11:25:00";"20";"Acidente c";"182";"BR-393/RJ";"Decrescente";"Engavetamento";2;0;1;0;0;0;0;0;0;0;2;2;0;0;0
"25/07/2021";"03:12:00";"32";"Acidente c";"171.8";"BR-393/RJ";"Decrescente";"Colisão c/ obstáculos";0;0;1;0;0;0;0;0;0;0;0;2;0;0;0
"26/07/2021";"09:49:00";"28";"Acidente c";"182.199";"BR-393/RJ";"Crescente";"Colisão lateral no mesmo sentido";1;0;0;1;0;0;0;0;0;0;0;5;0;0;0
"26/07/2021";"06:59:00";"50";"Acidente c";"200";"BR-393/RJ";"Crescente";"Acidentes de outra natureza";1;0;1;0;0;0;0;0;0;0;0;2;0;0;0
"28/07/2021";"10:17:00";"32";"Acidente c";"236";"BR-393/RJ";"Decrescente";"Acidentes de outra natureza";0;0;1;1;0;0;0;0;0;0;2;1;0;0;0
"28/07/2021";"11:52:00";"36";"Acidente s";"258";"BR-393/RJ";"Crescente";"Colisão c/ obstáculos";1;0;0;0;0;0;0;0;0;0;1;0;0;0;0
"29/07/2021";"03:26:00";"14";"Acidente c";"102.299";"BR-393/RJ";"Crescente";"Colisão c/ obstáculos";1;0;0;0;0;0;0;0;0;0;0;0;1;0;0
"29/07/2021";"04:50:00";"48";"Acidente c";"144.3";"BR-393/RJ";"Crescente";"Colisão com veículos (traseira)";1;0;1;0;0;0;0;0;0;0;1;2;0;0;0
"30/07/2021";"11:18:00";"33";"Acidente s";"148.4";"BR-393/RJ";"Crescente";"Colisão c/ obstáculos";1;0;0;0;0;0;0;0;0;0;1;0;0;0;0
"30/07/2021";"06:16:00";"55";"Atropelame";"284";"BR-393/RJ";"Decrescente";"Atropelamento de pedestre";1;1;0;0;0;0;0;0;0;0;4;0;0;0;0
"30/07/2021";"08:21:00";"61";"Acidente c";"106";"BR-393/RJ";"Crescente";"Colisão com veículos (frontal)";1;0;0;1;0;0;0;0;0;0;1;0;1;0;0
"31/07/2021";"04:17:00";"12";"Acidente c";"196.7";"BR-393/RJ";"Decrescente";"Saídas de pista";1;0;0;0;0;0;0;0;0;0;0;1;0;0;0
"31/07/2021";"12:14:00";"25";"Acidente c";"110.4";"BR-393/RJ";"Crescente";"Acidentes de outra natureza";0;0;0;1;0;0;0;0;0;0;0;1;0;0;0
"31/07/2021";"03:31:00";"37";"Acidente s";"124.4";"BR-393/RJ";"Decrescente";"Tombamento";0;0;1;0;0;0;0;0;0;0;1;0;0;0;0
"31/07/2021";"05:14:00";"41";"Acidente s";"280";"BR-393/RJ";"Crescente";"Colisão com veículos (traseira)";2;0;0;0;0;0;0;0;0;0;2;0;0;0;0
"01/08/2021";"01:08:00";"5";"Acidente s";"154";"BR-393/RJ";"Crescente";"Saídas de pista";1;0;0;0;0;0;0;0;0;0;3;0;0;0;0
"02/08/2021";"12:04:00";"28";"Acidente c";"164.75";"BR-393/RJ";"Crescente";"Colisão lateral no sentido contrário";0;0;1;1;0;0;0;0;0;0;0;1;0;0;1
"05/08/2021";"09:08:00";"63";"Acidente s";"131.5";"BR-393/RJ";"Decrescente";"Colisão c/ obstáculos";0;0;1;0;0;0;0;0;0;0;1;0;0;0;0
"07/08/2021";"12:49:00";"8";"Acidente c";"281.1";"BR-393/RJ";"Crescente";"Colisão lateral no sentido contrário";2;0;0;0;0;0;0;0;0;0;1;2;0;0;0
"07/08/2021";"09:06:00";"19";"Acidente c";"167.8";"BR-393/RJ";"Decrescente";"Colisão com veículos (traseira)";2;0;0;0;0;0;0;0;0;0;3;1;0;0;0
"07/08/2021";"10:57:00";"22";"Acidente c";"217.5";"BR-393/RJ";"Decrescente";"Acidentes de outra natureza";0;0;1;1;0;0;0;0;0;0;2;0;0;1;0
"07/08/2021";"05:23:00";"38";"Acidente s";"252.199";"BR-393/RJ";"Crescente";"Colisão com veículos (traseira)";2;0;0;0;0;0;0;0;0;0;4;0;0;0;0
"07/08/2021";"11:39:00";"51";"Acidente c";"103";"BR-393/RJ";"Crescente";"Saídas de pista";1;0;0;0;0;0;0;0;0;0;0;1;0;0;0
"08/08/2021";"04:35:00";"15";"Acidente c";"182.4";"BR-393/RJ";"Crescente";"Saídas de pista";1;0;0;0;0;0;0;0;0;0;0;1;0;0;0
"08/08/2021";"09:14:00";"49";"Acidente c";"105.9";"BR-393/RJ";"Crescente";"Colisão com veículos (frontal)";0;0;0;2;0;0;0;0;0;0;0;0;2;1;0
"09/08/2021";"12:22:00";"32";"Acidente c";"2.1";"BR-393/RJ";"Decrescente";"Acidentes de outra natureza";1;0;0;1;0;0;0;0;0;0;0;2;0;0;0
"10/08/2021";"01:48:00";"43";"Acidente c";"161.899";"BR-393/RJ";"Decrescente";"Tombamento";0;0;1;0;0;0;0;0;0;0;0;1;0;0;0
"10/08/2021";"07:28:00";"64";"Acidente s";"279.699";"BR-393/RJ";"Crescente";"Colisão com veículos (traseira)";2;0;0;0;0;0;0;0;0;0;2;0;0;0;0
"11/08/2021";"03:41:00";"36";"Acidente c";"279.8";"BR-393/RJ";"Decrescente";"Colisão com veículos (traseira)";0;0;0;2;0;0;0;0;0;0;1;0;2;0;0
"11/08/2021";"11:08:00";"59";"Acidente s";"105.9";"BR-393/RJ";"Crescente";"Colisão com veículos (frontal)";1;0;0;1;0;0;0;0;0;0;3;0;0;0;0
"12/08/2021";"08:44:00";"17";"Acidente s";"268.199";"BR-393/RJ";"Crescente";"Acidentes de outra natureza";2;0;0;0;0;0;0;0;0;0;2;0;0;0;0
"12/08/2021";"04:15:00";"50";"Acidente s";"258.5";"BR-393/RJ";"Crescente";"Acidentes de outra natureza";2;0;0;0;0;0;0;0;0;0;2;0;0;0;0
"12/08/2021";"06:26:00";"57";"Acidente c";"283.399";"BR-393/RJ";"Crescente";"Colisão com veículos (traseira)";2;0;0;0;0;0;0;0;0;0;6;2;0;0;0
"12/08/2021";"11:40:00";"65";"Acidente c";"106.7";"BR-393/RJ";"Crescente";"Atropelamento de animais";0;0;0;1;0;0;0;0;0;0;0;0;1;0;0
"13/08/2021";"10:36:00";"34";"Acidente c";"283";"BR-393/RJ";"Decrescente";"Acidentes de outra natureza";1;0;0;1;0;0;0;0;0;0;1;1;0;0;0
"13/08/2021";"11:11:00";"37";"Acidente c";"176";"BR-393/RJ";"Decrescente";"Colisão com veículos (traseira)";0;0;1;1;0;0;0;0;0;0;0;2;0;0;0
"13/08/2021";"01:37:00";"52";"Acidente c";"182";"BR-393/RJ";"Crescente";"Engavetamento";3;0;0;0;0;0;0;0;0;0;6;1;0;0;0
"13/08/2021";"06:15:00";"64";"Acidente s";"210";"BR-393/RJ";"Decrescente";"Colisão com veículos (traseira)";3;0;0;0;0;0;0;0;0;0;4;0;0;0;0
"13/08/2021";"07:23:00";"68";"Acidente c";"225.9";"BR-393/RJ";"Crescente";"Saídas de pista";1;0;0;0;0;0;0;0;0;0;0;0;2;0;0
"14/08/2021";"03:08:00";"40";"Acidente s";"125.7";"BR-393/RJ";"Decrescente";"Colisão com veículos (traseira)";0;0;2;0;0;0;0;0;0;0;2;0;0;0;0
"14/08/2021";"08:05:00";"49";"Acidente c";"106.1";"BR-393/RJ";"Crescente";"Acidentes de outra natureza";0;0;0;1;0;0;0;0;0;1;1;0;1;1;0
"15/08/2021";"05:01:00";"14";"Acidente c";"131.2";"BR-393/RJ";"Decrescente";"Saídas de pista";0;0;0;1;0;0;0;0;0;0;0;0;1;1;0
"15/08/2021";"07:00:00";"15";"Acidente c";"285.199";"BR-393/RJ";"Decrescente";"Acidentes de outra natureza";1;0;0;1;0;0;0;0;0;0;2;2;0;0;0
"15/08/2021";"09:30:00";"19";"Acidente s";"239.9";"BR-393/RJ";"Decrescente";"Saídas de pista";1;0;0;0;0;0;0;0;0;0;1;0;0;0;0
"15/08/2021";"09:08:00";"41";"Acidente c";"279";"BR-393/RJ";"Decrescente";"Acidentes de outra natureza";2;0;0;0;0;0;0;0;0;0;2;0;1;0;0
"16/08/2021";"02:19:00";"44";"Acidente s";"273.9";"BR-393/RJ";"Crescente";"Tombamento";0;0;1;0;0;0;0;0;0;0;0;1;0;0;0
"16/08/2021";"09:34:00";"66";"Acidente s";"123";"BR-393/RJ";"Crescente";"Tombamento";0;0;1;0;0;0;0;0;0;0;1;0;0;0;0
"17/08/2021";"08:51:00";"18";"Acidente c";"251";"BR-393/RJ";"Crescente";"Acidentes de outra natureza";1;0;0;1;0;0;0;0;0;0;0;1;1;0;0
"17/08/2021";"11:54:00";"35";"Acidente s";"191.099";"BR-393/RJ";"Crescente";"Colisão lateral no mesmo sentido";2;0;0;0;0;0;0;0;0;0;3;0;0;0;0
"18/08/2021";"11:19:00";"32";"Acidente c";"106";"BR-393/RJ";"Crescente";"Colisão com veículos (traseira)";2;0;0;0;0;0;0;0;0;0;1;1;0;0;0
"19/08/2021";"07:08:00";"17";"Acidente c";"266";"BR-393/RJ";"Decrescente";"Tombamento";0;0;1;0;0;0;0;0;0;0;0;1;0;0;0
"20/08/2021";"02:48:00";"39";"Acidente c";"102.799";"BR-393/RJ";"Decrescente";"Acidentes de outra natureza";1;0;0;1;0;0;0;0;0;0;1;0;1;0;0
"21/08/2021";"02:42:00";"2";"Acidente c";"172.3";"BR-393/RJ";"Decrescente";"Capotamento";1;0;0;0;0;0;0;0;0;0;0;2;0;0;0
"21/08/2021";"04:38:00";"39";"Acidente c";"249";"BR-393/RJ";"Crescente";"Acidentes de outra natureza";2;0;0;0;0;0;0;0;0;0;1;1;0;0;0
"23/08/2021";"12:46:00";"34";"Acidente s";"162";"BR-393/RJ";"Crescente";"Tombamento";0;0;1;0;0;0;0;0;0;0;1;0;0;0;0
"23/08/2021";"03:55:00";"42";"Acidente s";"218";"BR-393/RJ";"Crescente";"Saídas de pista";1;0;0;0;0;0;0;0;0;0;1;0;0;0;0
"24/08/2021";"07:08:00";"21";"Acidente s";"155.599";"BR-393/RJ";"Crescente";"Engavetamento";3;0;0;0;0;0;0;0;0;0;6;0;0;0;0
"24/08/2021";"07:42:00";"23";"Acidente s";"169.3";"BR-393/RJ";"Decrescente";"Colisão com veículos (traseira)";2;0;0;0;0;0;0;0;0;0;2;0;0;0;0
"25/08/2021";"04:39:00";"13";"Acidente c";"231.199";"BR-393/RJ";"Crescente";"Tombamento";0;0;1;0;0;0;0;0;0;0;0;1;0;0;0
"25/08/2021";"02:01:00";"43";"Acidente s";"266";"BR-393/RJ";"Decrescente";"Colisão lateral no mesmo sentido";2;0;0;0;0;0;0;0;0;0;4;0;0;0;0
"27/08/2021";"12:28:00";"1";"Acidente c";"213";"BR-393/RJ";"Crescente";"Saídas de pista";0;0;1;0;0;0;0;0;0;0;0;0;1;0;0
"27/08/2021";"04:50:00";"15";"Acidente s";"212.1";"BR-393/RJ";"Crescente";"Colisão com veículos (traseira)";0;0;2;0;0;0;0;0;0;0;2;0;0;0;0
"27/08/2021";"04:35:00";"53";"Acidente c";"267.1";"BR-393/RJ";"Crescente";"Saídas de pista";1;0;0;0;0;0;0;0;0;0;0;1;0;0;0
"27/08/2021";"04:40:00";"54";"Acidente s";"222";"BR-393/RJ";"Crescente";"Colisão lateral no mesmo sentido";1;0;1;0;0;0;0;0;0;0;3;0;0;0;0
"28/08/2021";"11:02:00";"25";"Acidente c";"280.5";"BR-393/RJ";"Decrescente";"Atropelamento de pedestre";0;1;0;1;0;0;0;0;0;0;0;0;2;0;0
"30/08/2021";"12:31:00";"2";"Acidente c";"175.699";"BR-393/RJ";"Crescente";"Saídas de pista";1;0;0;0;0;0;0;0;0;0;0;2;0;0;0
"30/08/2021";"05:04:00";"46";"Acidente c";"257.8";"BR-393/RJ";"Crescente";"Colisão c/ obstáculos";1;0;0;0;0;0;0;0;0;0;0;1;0;0;0
"31/08/2021";"02:12:00";"32";"Acidente s";"151.6";"BR-393/RJ";"Crescente";"Colisão lateral no sentido contrário";0;0;2;0;0;0;0;0;0;0;2;0;0;0;0
"01/09/2021";"05:24:00";"14";"Acidente c";"201.5";"BR-393/RJ";"Crescente";"Tombamento";0;0;1;0;0;0;0;0;0;0;0;0;0;0;1
"01/09/2021";"09:51:00";"27";"Acidente c";"236.5";"BR-393/RJ";"Decrescente";"Acidentes de outra natureza";2;0;0;0;0;0;0;0;0;0;0;3;1;0;0
"01/09/2021";"05:01:00";"48";"Acidente c";"280.8";"BR-393/RJ";"Decrescente";"Acidentes de outra natureza";1;0;0;1;0;0;0;0;0;0;1;1;0;0;0
"02/09/2021";"12:23:00";"1";"Acidente s";"130.199";"BR-393/RJ";"Crescente";"Acidentes de outra natureza";1;0;1;0;0;0;0;0;0;1;5;0;0;0;0
"02/09/2021";"07:33:00";"19";"Acidente s";"267.5";"BR-393/RJ";"Decrescente";"Colisão c/ obstáculos";1;0;0;0;0;0;0;0;0;0;4;0;0;0;0
"03/09/2021";"01:12:00";"41";"Acidente s";"172";"BR-393/RJ";"Crescente";"Capotamento";1;0;0;0;0;0;0;0;0;0;1;0;0;0;0
"03/09/2021";"08:29:00";"67";"Acidente c";"266";"BR-393/RJ";"Crescente";"Colisão lateral no mesmo sentido";1;0;1;0;0;0;0;0;0;0;1;1;0;0;0
"05/09/2021";"12:55:00";"1";"Acidente c";"285.6";"BR-393/RJ";"Decrescente";"Colisão lateral no mesmo sentido";2;0;0;0;0;0;0;0;0;0;2;0;1;0;0
"05/09/2021";"02:02:00";"30";"Acidente c";"286";"BR-393/RJ";"Decrescente";"Acidentes de outra natureza";1;0;0;1;0;0;0;0;0;0;0;2;0;0;0
"05/09/2021";"05:13:00";"38";"Acidente c";"285.899";"BR-393/RJ";"Decrescente";"Colisão com veículos (traseira)";2;0;0;0;0;0;0;0;0;0;3;1;0;0;0
"06/09/2021";"09:51:00";"21";"Acidente c";"236";"BR-393/RJ";"Decrescente";"Colisão lateral no mesmo sentido";1;0;1;0;0;0;0;0;0;0;0;4;0;0;0
"06/09/2021";"04:03:00";"36";"Acidente s";"125";"BR-393/RJ";"Decrescente";"Colisão com veículos (traseira)";2;0;0;0;0;0;0;0;0;0;3;0;0;0;0
"06/09/2021";"10:03:00";"51";"Acidente c";"273.899";"BR-393/RJ";"Crescente";"Colisão com veículos (frontal)";2;0;0;0;0;0;0;0;0;0;1;2;0;1;0
"06/09/2021";"10:38:00";"53";"Acidente s";"255.7";"BR-393/RJ";"Crescente";"Acidentes de outra natureza";2;0;0;0;0;0;0;0;0;0;1;1;0;0;0
"06/09/2021";"10:55:00";"54";"Acidente s";"284";"BR-393/RJ";"Decrescente";"Tombamento";1;0;0;0;0;0;0;0;0;0;2;0;0;0;0
"07/09/2021";"09:55:00";"65";"Acidente c";"169.599";"BR-393/RJ";"Crescente";"Capotamento";1;0;0;0;0;0;0;0;0;0;0;2;0;0;0
"08/09/2021";"10:42:00";"36";"Acidente c";"286.1";"BR-393/RJ";"Crescente";"Colisão c/ obstáculos";1;0;0;0;0;0;0;0;0;0;0;1;0;0;0