data;horario;n_da_ocorrencia;tipo_de_ocorrencia;km;trecho;sentido;tipo_de_acidente;automovel;bicicleta;caminhao;moto;onibus;outros;tracao_animal;transporte_de_cargas_especiais;trator_maquinas;utilitarios;ilesos;levemente_feridos;moderadamente_feridos;gravemente_feridos;mortos
"29/11/2021";"08:00:00";"23";"Acidente c";"168.3";"BR-393/RJ";"Crescente";"Colisão com veículos (traseira)";2;0;0;0;0;0;0;0;0;0;1;2;0;0;0
"29/11/2021";"11:38:00";"38";"Acidente c";"131";"BR-393/RJ";"Decrescente";"Colisão c/ obstáculos";1;0;0;0;0;0;0;0;0;0;0;1;0;0;0
"29/11/2021";"07:13:00";"69";"Atropelame";"176.6";"BR-393/RJ";"Crescente";"Atropelamento de pedestre";0;1;0;1;0;0;0;0;0;0;0;1;1;0;0
"30/11/2021";"07:03:00";"25";"Acidente c";"249.099";"BR-393/RJ";"Crescente";"Acidentes de outra natureza";2;0;0;0;0;0;0;0;0;0;1;2;1;0;0
"30/11/2021";"04:48:00";"66";"Acidente s";"133";"BR-393/RJ";"Decrescente";"Colisão com veículos (frontal)";0;0;1;0;0;0;0;0;0;1;4;0;0;0;0
"30/11/2021";"07:16:00";"76";"Acidente c";"266.699";"BR-393/RJ";"Decrescente";"Acidentes de outra natureza";0;0;0;1;0;0;0;0;0;0;0;1;0;0;0
"30/11/2021";"08:02:00";"79";"Acidente s";"254";"BR-393/RJ";"Decrescente";"Colisão lateral no sentido contrário";1;0;1;0;0;0;0;0;0;0;4;0;0;0;0
"01/12/2021";"11:01:00";"50";"Acidente c";"121.7";"BR-393/RJ";"Crescente";"Tombamento";0;0;1;0;0;0;0;0;0;0;0;1;0;0;0
"02/12/2021";"07:20:00";"61";"Acidente c";"167.6";"BR-393/RJ";"Crescente";"Colisão com veículos (traseira)";1;0;1;0;0;0;0;0;0;0;2;1;0;0;0
"03/12/2021";"02:39:00";"11";"Acidente c";"281.3";"BR-393/RJ";"Decrescente";"Acidentes de outra natureza";1;0;0;1;0;0;0;0;0;0;1;0;0;1;0
"03/12/2021";"01:42:00";"58";"Acidente c";"140.9";"BR-393/RJ";"Crescente";"Acidentes de outra natureza";0;0;1;1;0;0;0;0;0;0;1;0;0;1;0
"03/12/2021";"04:42:00";"63";"Acidente c";"182.299";"BR-393/RJ";"Crescente";"Acidentes de outra natureza";0;0;0;1;0;0;0;0;0;0;0;0;1;0;0
"03/12/2021";"05:32:00";"68";"Acidente c";"268.1";"BR-393/RJ";"Crescente";"Acidentes de outra natureza";2;0;0;0;0;0;0;0;0;0;1;0;2;0;0
"04/12/2021";"07:47:00";"15";"Acidente c";"131.4";"BR-393/RJ";"Decrescente";"Tombamento";0;0;1;0;0;0;0;0;0;0;0;0;1;0;0
"05/12/2021";"03:18:00";"6";"Acidente s";"243.5";"BR-393/RJ";"Decrescente";"Saídas de pista";1;0;0;0;0;0;0;0;0;0;4;0;0;0;0
"06/12/2021";"11:50:00";"33";"Acidente c";"226.9";"BR-393/RJ";"Crescente";"Colisão c/ obstáculos";1;0;1;0;0;0;0;0;0;0;0;2;0;0;0
"06/12/2021";"12:35:00";"34";"Acidente c";"258.1";"BR-393/RJ";"Crescente";"Colisão lateral no mesmo sentido";2;0;0;0;0;0;0;0;0;0;2;2;0;0;0
"08/12/2021";"12:29:00";"1";"Acidente s";"238.4";"BR-393/RJ";"Decrescente";"Colisão c/ obstáculos";1;0;0;0;0;0;0;0;0;0;1;0;0;0;0
"08/12/2021";"03:40:00";"63";"Acidente s";"277";"BR-393/RJ";"Decrescente";"Colisão lateral no mesmo sentido";0;0;1;0;0;0;0;0;0;1;2;0;0;0;0
"09/12/2021";"03:29:00";"9";"Acidente c";"174.9";"BR-393/RJ";"Crescente";"Atropelamento de animais";0;0;0;0;0;0;0;0;0;1;0;1;0;0;0
"09/12/2021";"10:45:00";"46";"Acidente c";"262.3";"BR-393/RJ";"Crescente";"Colisão lateral no mesmo sentido";0;0;2;0;0;0;0;0;0;0;1;1;0;0;0
"10/12/2021";"08:33:00";"16";"Acidente c";"240.099";"BR-393/RJ";"Crescente";"Colisão lateral no mesmo sentido";1;0;1;0;0;0;0;0;0;0;1;1;0;0;0
"10/12/2021";"09:37:00";"20";"Acidente c";"233.8";"BR-393/RJ";"Crescente";"Saídas de pista";0;0;1;0;0;0;0;0;0;0;0;1;0;0;0
"11/12/2021";"08:12:00";"26";"Acidente c";"124.001";"BR-393/RJ";"Decrescente";"Tombamento";0;0;1;0;0;0;0;0;0;0;0;0;1;0;0
"11/12/2021";"07:26:00";"60";"Acidente s";"238.8";"BR-393/RJ";"Decrescente";"Saídas de pista";1;0;0;0;0;0;0;0;0;0;2;0;0;0;0
"11/12/2021";"10:23:00";"66";"Atropelame";"253.199";"BR-393/RJ";"Crescente";"Atropelamento de pedestre";0;1;0;0;1;0;0;0;0;0;1;1;0;0;0
"12/12/2021";"01:46:00";"40";"Acidente s";"261.8";"BR-393/RJ";"Decrescente";"Saídas de pista";1;0;0;0;0;0;0;0;0;0;1;0;0;0;0
"12/12/2021";"02:14:00";"43";"Acidente s";"246.099";"BR-393/RJ";"Crescente";"Saídas de pista";1;0;0;0;0;0;0;0;0;0;1;0;0;0;0
"12/12/2021";"10:05:00";"61";"Acidente c";"244";"BR-393/RJ";"Decrescente";"Saídas de pista";0;0;0;1;0;0;0;0;0;0;0;0;1;0;0
"13/12/2021";"08:17:00";"28";"Acidente s";"131.4";"BR-393/RJ";"Crescente";"Tombamento";0;0;1;0;0;0;0;0;0;0;1;0;0;0;0
"13/12/2021";"07:07:00";"82";"Acidente s";"265";"BR-393/RJ";"Crescente";"Colisão com veículos (traseira)";1;0;1;0;0;0;0;0;0;0;2;0;0;0;0
"15/12/2021";"02:01:00";"14";"Acidente c";"236.9";"BR-393/RJ";"Decrescente";"Colisão com veículos (traseira)";2;0;0;0;0;0;0;0;0;0;2;2;0;0;0
"15/12/2021";"09:39:00";"48";"Acidente c";"209";"BR-393/RJ";"Decrescente";"Colisão lateral no sentido contrário";1;0;3;0;0;0;0;0;0;0;0;4;0;0;1
"16/12/2021";"04:39:00";"9";"Acidente c";"117.3";"BR-393/RJ";"Decrescente";"Colisão c/ obstáculos";0;0;1;0;0;0;0;0;0;0;0;1;0;0;0
"16/12/2021";"09:27:00";"107";"Acidente c";"133";"BR-393/RJ";"Crescente";"Acidentes de outra natureza";0;0;0;1;0;0;0;0;0;0;0;0;1;0;0
"17/12/2021";"05:37:00";"90";"Acidente s";"235.099";"BR-393/RJ";"Crescente";"Colisão lateral no mesmo sentido";1;0;1;0;0;0;0;0;0;0;2;0;0;0;0
"17/12/2021";"06:52:00";"96";"Acidente c";"129.3";"BR-393/RJ";"Crescente";"Colisão com veículos (frontal)";0;0;1;1;0;0;0;0;0;0;1;0;0;0;1
"17/12/2021";"07:26:00";"98";"Acidente c";"200";"BR-393/RJ";"Crescente";"Colisão com veículos (frontal)";0;0;1;1;0;0;0;0;0;0;1;0;0;0;1
"17/12/2021";"08:08:00";"102";"Acidente s";"231.9";"BR-393/RJ";"Crescente";"Acidentes de outra natureza";2;0;0;0;0;0;0;0;0;0;2;0;0;0;0
"18/12/2021";"09:26:00";"56";"Acidente s";"102.4";"BR-393/RJ";"Decrescente";"Colisão com veículos (traseira)";2;0;0;0;0;0;0;0;0;0;5;0;0;0;0
"18/12/2021";"11:25:00";"75";"Acidente c";"228.5";"BR-393/RJ";"Crescente";"Acidentes de outra natureza";2;0;0;0;0;0;0;0;0;0;0;0;1;1;1
"20/12/2021";"04:48:00";"24";"Acidente c";"103.7";"BR-393/RJ";"Decrescente";"Saídas de pista";0;0;1;0;0;0;0;0;0;0;0;1;0;0;0
"20/12/2021";"05:02:00";"25";"Acidente c";"170.699";"BR-393/RJ";"Crescente";"Saídas de pista";1;0;0;0;0;0;0;0;0;0;0;1;0;0;0
"20/12/2021";"05:40:00";"67";"Acidente s";"135.699";"BR-393/RJ";"Crescente";"Colisão com veículos (traseira)";2;0;0;0;0;0;0;0;0;0;1;2;0;0;0
"21/12/2021";"03:17:00";"62";"Acidente c";"178.5";"BR-393/RJ";"Decrescente";"Colisão com veículos (traseira)";2;0;0;0;0;0;0;0;0;0;1;1;0;0;0
"21/12/2021";"07:14:00";"76";"Acidente c";"285.699";"BR-393/RJ";"Decrescente";"Acidentes de outra natureza";1;0;0;1;0;0;0;0;0;0;2;0;0;1;0
"21/12/2021";"08:05:00";"77";"Acidente c";"236.5";"BR-393/RJ";"Decrescente";"Acidentes de outra natureza";2;0;0;0;0;0;0;0;0;0;3;1;0;0;0
"22/12/2021";"09:17:00";"25";"Acidente c";"237.199";"BR-393/RJ";"Decrescente";"Colisão com veículos (frontal)";1;0;2;0;0;0;0;0;0;0;3;0;0;2;1
"22/12/2021";"03:52:00";"51";"Acidente c";"281.199";"BR-393/RJ";"Crescente";"Acidentes de outra natureza";1;0;0;1;0;0;0;0;0;0;1;0;1;0;0
"22/12/2021";"06:03:00";"64";"Acidente s";"286";"BR-393/RJ";"Decrescente";"Colisão com veículos (traseira)";2;0;0;0;0;0;0;0;0;0;2;0;0;0;0
"22/12/2021";"10:35:00";"94";"Acidente c";"238.6";"BR-393/RJ";"Crescente";"Colisão c/ obstáculos";1;0;0;0;0;0;0;0;0;0;0;1;0;0;0
"23/12/2021";"09:29:00";"29";"Acidente s";"258";"BR-393/RJ";"Crescente";"Colisão c/ obstáculos";1;0;0;0;0;0;0;0;0;0;2;0;0;0;0
"23/12/2021";"08:58:00";"89";"Acidente s";"217.85";"BR-393/RJ";"Decrescente";"Colisão com veículos (traseira)";2;0;0;0;0;0;0;0;0;0;3;0;0;0;0
"24/12/2021";"02:55:00";"8";"Acidente s";"132.099";"BR-393/RJ";"Decrescente";"Colisão c/ obstáculos";0;0;1;0;0;0;0;0;0;0;1;0;0;0;0
"24/12/2021";"02:58:00";"64";"Acidente c";"276.4";"BR-393/RJ";"Decrescente";"Colisão lateral no mesmo sentido";2;0;0;0;0;0;0;0;0;0;0;4;2;0;0
"25/12/2021";"11:28:00";"28";"Acidente s";"255.8";"BR-393/RJ";"Decrescente";"Colisão com veículos (traseira)";1;0;0;0;0;0;0;0;0;1;4;0;0;0;0
"26/12/2021";"02:49:00";"29";"Acidente c";"239.3";"BR-393/RJ";"Crescente";"Colisão com veículos (frontal)";2;0;0;0;0;0;0;0;0;0;2;4;0;0;0
"26/12/2021";"08:06:00";"43";"Atropelame";"236.8";"BR-393/RJ";"Crescente";"Atropelamento de pedestre";1;0;0;0;0;0;0;0;0;0;1;0;1;0;0
"27/12/2021";"09:46:00";"32";"Acidente c";"280.1";"BR-393/RJ";"Decrescente";"Colisão com veículos (traseira)";2;0;0;0;0;0;0;0;0;0;4;2;0;0;0
"28/12/2021";"11:48:00";"103";"Acidente s";"2.9";"Alça Sul";"Crescente";"Atropelamento de animais";1;0;0;0;0;0;0;0;0;0;1;0;0;0;0
"29/12/2021";"06:22:00";"22";"Atropelame";"239.599";"BR-393/RJ";"Decrescente";"Atropelamento de pedestre";1;0;0;0;0;0;0;0;0;0;1;0;1;0;0
"30/12/2021";"03:12:00";"60";"Acidente s";"182.3";"BR-393/RJ";"Crescente";"Colisão com veículos (traseira)";2;0;0;0;0;0;0;0;0;0;7;0;0;0;0
"30/12/2021";"06:48:00";"70";"Acidente s";"285.899";"BR-393/RJ";"Decrescente";"Engavetamento";3;0;0;0;0;0;0;0;0;0;6;0;0;0;0
"31/12/2021";"08:49:00";"24";"Acidente s";"274";"BR-393/RJ";"Decrescente";"Colisão c/ obstáculos";0;0;1;0;0;0;0;0;0;0;2;0;0;0;0
"31/12/2021";"11:30:00";"28";"Acidente s";"256.8";"BR-393/RJ";"Decrescente";"Saídas de pista";0;0;1;0;0;0;0;0;0;0;1;0;0;0;0
"31/12/2021";"09:29:00";"59";"Acidente c";"255.7";"BR-393/RJ";"Decrescente";"Acidentes de outra natureza";2;0;0;0;0;0;0;0;0;0;3;1;0;0;0
"03/01/2022";"11:59:00";"59";"Acidente s";"132.5";"BR-393/RJ";"Decrescente";"Colisão com veículos (traseira)";2;0;0;0;0;0;0;0;0;0;2;0;0;0;0
"03/01/2022";"05:58:00";"86";"Acidente c";"168";"BR-393/RJ";"Decrescente";"Colisão com veículos (frontal)";2;0;0;0;0;0;0;0;0;0;1;0;1;0;0
"05/01/2022";"09:09:00";"77";"Acidente s";"201";"BR-393/RJ";"Decrescente";"Saídas de pista";1;0;0;0;0;0;0;0;0;0;1;0;0;0;0
"06/01/2022";"09:21:00";"28";"Acidente s";"279.6";"BR-393/RJ";"Decrescente";"Colisão com veículos (traseira)";2;0;0;0;0;0;0;0;0;0;3;0;0;0;0
"07/01/2022";"06:19:00";"37";"Acidente s";"242.099";"BR-393/RJ";"Decrescente";"Saídas de pista";1;0;0;0;0;0;0;0;0;0;1;0;0;0;0
"07/01/2022";"12:05:00";"59";"Acidente c";"229.4";"BR-393/RJ";"Crescente";"Colisão lateral no mesmo sentido";1;0;1;0;0;0;0;0;0;0;0;4;0;0;0
"07/01/2022";"06:17:00";"75";"Acidente s";"265.3";"BR-393/RJ";"Crescente";"Saídas de pista";1;0;0;0;0;0;0;0;0;0;4;0;0;0;0
"08/01/2022";"08:03:00";"91";"Acidente s";"284.2";"BR-393/RJ";"Decrescente";"Engavetamento";4;0;0;0;0;0;0;0;0;0;4;0;0;0;0
"09/01/2022";"06:57:00";"32";"Acidente c";"272";"BR-393/RJ";"Crescente";"Saídas de pista";0;0;1;0;0;0;0;0;0;0;0;2;0;0;0
"09/01/2022";"08:45:00";"39";"Acidente s";"155";"BR-393/RJ";"Crescente";"Colisão com veículos (traseira)";1;0;1;0;0;0;0;0;0;0;2;0;0;0;0
"09/01/2022";"01:19:00";"54";"Acidente c";"263";"BR-393/RJ";"Crescente";"Saídas de pista";1;0;0;0;0;0;0;0;0;0;0;1;0;0;0
"09/01/2022";"04:14:00";"61";"Acidente c";"178.5";"BR-393/RJ";"Decrescente";"Colisão com veículos (traseira)";1;0;0;0;0;0;0;0;0;1;2;5;0;0;0
"10/01/2022";"06:20:00";"24";"Acidente c";"265";"BR-393/RJ";"Decrescente";"Colisão com veículos (traseira)";1;0;1;0;0;0;0;0;0;0;0;2;0;0;0
"10/01/2022";"06:45:00";"26";"Acidente c";"168.099";"BR-393/RJ";"Crescente";"Acidentes de outra natureza";0;0;0;1;0;0;0;0;0;0;0;1;0;0;0
"10/01/2022";"04:53:00";"74";"Acidente s";"242.3";"BR-393/RJ";"Crescente";"Saídas de pista";0;0;0;0;0;0;0;0;0;1;1;0;0;0;0
"10/01/2022";"08:13:00";"85";"Acidente c";"2.5";"Alça Sul";"Decrescente";"Colisão lateral no sentido contrário";1;0;0;1;0;0;0;0;0;0;1;1;0;0;0
"10/01/2022";"09:14:00";"91";"Acidente c";"206.8";"BR-393/RJ";"Crescente";"Saídas de pista";1;0;0;0;0;0;0;0;0;0;0;2;0;0;0
"15/01/2022";"02:09:00";"4";"Acidente c";"258.5";"BR-393/RJ";"Crescente";"Colisão com veículos (traseira)";1;0;0;0;1;0;0;0;0;0;64;2;0;0;0
"15/01/2022";"06:19:00";"15";"Acidente c";"273.9";"BR-393/RJ";"Crescente";"Tombamento";0;0;1;0;0;0;0;0;0;0;0;0;1;0;0
"16/01/2022";"11:18:00";"40";"Atropelame";"280.1";"BR-393/RJ";"Decrescente";"Atropelamento de pedestre";1;1;0;0;0;0;0;0;0;0;1;0;1;0;0
"16/01/2022";"11:21:00";"80";"Acidente c";"251";"BR-393/RJ";"Crescente";"Colisão com veículos (traseira)";1;0;1;0;0;0;0;0;0;0;1;2;0;0;0
"17/01/2022";"05:33:00";"67";"Acidente c";"128";"BR-393/RJ";"Crescente";"Colisão lateral no mesmo sentido";1;0;0;1;0;0;0;0;0;0;2;2;0;0;0
"18/01/2022";"07:49:00";"16";"Acidente c";"175.7";"BR-393/RJ";"Decrescente";"Colisão com veículos (traseira)";1;0;1;0;0;0;0;0;0;0;2;2;0;0;0
"18/01/2022";"11:12:00";"27";"Acidente c";"238.5";"BR-393/RJ";"Crescente";"Acidentes de outra natureza";2;0;0;0;0;0;0;0;0;0;2;2;0;0;0
"19/01/2022";"07:06:00";"45";"Acidente c";"281.199";"BR-393/RJ";"Decrescente";"Acidentes de outra natureza";1;0;0;1;0;0;0;0;0;0;0;2;0;0;0
"19/01/2022";"07:26:00";"46";"Acidente c";"283.5";"BR-393/RJ";"Crescente";"Colisão com veículos (frontal)";2;0;0;0;0;0;0;0;0;0;1;1;1;0;0
"21/01/2022";"03:24:00";"8";"Acidente s";"246.199";"BR-393/RJ";"Crescente";"Saídas de pista";0;0;1;0;0;0;0;0;0;0;1;0;0;0;0
"21/01/2022";"12:20:00";"58";"Acidente s";"236.501";"BR-393/RJ";"Crescente";"Colisão com veículos (traseira)";2;0;0;0;0;0;0;0;0;0;3;0;0;0;0
"21/01/2022";"11:34:00";"86";"Acidente c";"280.1";"BR-393/RJ";"Crescente";"Acidentes de outra natureza";0;0;0;1;0;0;0;0;0;0;0;1;0;0;0
"22/01/2022";"03:53:00";"51";"Acidente c";"140.9";"BR-393/RJ";"Crescente";"Colisão com veículos (frontal)";2;0;0;0;0;0;0;0;0;0;1;0;3;1;0
"23/01/2022";"07:06:00";"24";"Acidente c";"252.8";"BR-393/RJ";"Decrescente";"Colisão lateral no sentido contrário";2;0;0;0;0;0;0;0;0;0;0;2;0;0;0
"23/01/2022";"10:33:00";"74";"Acidente s";"257.6";"BR-393/RJ";"Crescente";"Colisão c/ obstáculos";1;0;0;0;0;0;0;0;0;0;1;0;0;0;0
"25/01/2022";"07:47:00";"17";"Acidente s";"105";"BR-393/RJ";"Decrescente";"Colisão lateral no mesmo sentido";2;0;0;0;0;0;0;0;0;0;2;0;0;0;0
"25/01/2022";"02:51:00";"45";"Acidente c";"138.699";"BR-393/RJ";"Decrescente";"Colisão c/ obstáculos";1;0;1;0;0;0;0;0;0;0;2;1;4;0;0
"25/01/2022";"05:39:00";"57";"Acidente s";"135";"BR-393/RJ";"Crescente";"Colisão com veículos (traseira)";0;0;1;0;0;0;0;0;0;1;2;0;0;0;0
"26/01/2022";"10:53:00";"27";"Acidente c";"245.4";"BR-393/RJ";"Crescente";"Acidentes de outra natureza";0;0;0;1;0;0;0;0;0;0;0;1;0;0;0
"27/01/2022";"09:15:00";"75";"Acidente s";"238.5";"BR-393/RJ";"Decrescente";"Acidentes de outra natureza";1;0;1;0;0;0;0;0;0;0;2;0;0;0;0
"27/01/2022";"11:08:00";"78";"Acidente s";"265";"BR-393/RJ";"Decrescente";"Colisão com veículos (traseira)";0;0;2;0;0;0;0;0;0;0;6;0;0;0;0
"28/01/2022";"01:07:00";"34";"Acidente c";"119";"BR-393/RJ";"Decrescente";"Saídas de pista";1;0;0;0;0;0;0;0;0;0;0;0;2;0;0
"28/01/2022";"02:28:00";"37";"Acidente c";"224.3";"BR-393/RJ";"Decrescente";"Colisão com veículos (frontal)";1;0;1;0;0;0;0;0;0;0;0;1;0;0;1
"28/01/2022";"06:59:00";"49";"Acidente s";"262.95";"BR-393/RJ";"Crescente";"Saídas de pista";1;0;0;0;0;0;0;0;0;0;1;0;0;0;0
"29/01/2022";"01:46:00";"58";"Acidente s";"284.9";"BR-393/RJ";"Decrescente";"Colisão lateral no mesmo sentido";1;0;1;0;0;0;0;0;0;0;3;0;0;0;0
"30/01/2022";"12:45:00";"3";"Acidente c";"284.1";"BR-393/RJ";"Decrescente";"Acidentes de outra natureza";2;0;0;0;0;0;0;0;0;0;1;4;0;0;0
"30/01/2022";"03:58:00";"15";"Acidente s";"217.85";"BR-393/RJ";"Crescente";"Colisão c/ obstáculos";1;0;0;0;0;0;0;0;0;0;2;0;0;0;0
"30/01/2022";"01:18:00";"35";"Acidente s";"169.4";"BR-393/RJ";"Crescente";"Colisão c/ obstáculos";1;0;0;0;0;0;0;0;0;0;1;0;0;0;0
"30/01/2022";"04:15:00";"44";"Acidente c";"285.199";"BR-393/RJ";"Decrescente";"Acidentes de outra natureza";2;0;0;0;0;0;0;0;0;0;4;2;0;0;0
"30/01/2022";"05:46:00";"47";"Acidente c";"119";"BR-393/RJ";"Decrescente";"Saídas de pista";1;0;0;0;0;0;0;0;0;0;0;1;0;0;0
"30/01/2022";"10:29:00";"61";"Acidente c";"166.099";"BR-393/RJ";"Decrescente";"Acidentes de outra natureza";1;0;0;0;1;0;0;0;0;0;6;0;0;1;0
"31/01/2022";"06:59:00";"76";"Acidente s";"280";"BR-393/RJ";"Decrescente";"Colisão com veículos (traseira)";1;0;0;0;1;0;0;0;0;0;3;0;0;0;0
"01/02/2022";"09:53:00";"39";"Acidente s";"286";"BR-393/RJ";"Crescente";"Colisão com veículos (traseira)";2;0;0;0;0;0;0;0;0;0;2;0;0;0;0
"01/02/2022";"10:36:00";"82";"Acidente c";"286.3";"BR-393/RJ";"Crescente";"Acidentes de outra natureza";1;0;0;1;0;0;0;0;0;0;1;1;0;0;0
"02/02/2022";"08:12:00";"30";"Acidente c";"151.8";"BR-393/RJ";"Crescente";"Tombamento";0;0;1;0;0;0;0;0;0;0;0;1;0;0;0
"03/02/2022";"08:31:00";"37";"Acidente s";"285.4";"BR-393/RJ";"Crescente";"Engavetamento";1;0;1;0;1;0;0;0;0;0;3;0;0;0;0
"03/02/2022";"09:34:00";"43";"Acidente s";"282.6";"BR-393/RJ";"Decrescente";"Colisão com veículos (traseira)";1;0;1;0;0;0;0;0;0;0;3;0;0;0;0
"03/02/2022";"10:06:00";"45";"Acidente c";"155.6";"BR-393/RJ";"Decrescente";"Tombamento";0;0;1;0;0;0;0;0;0;0;0;1;0;0;0
"03/02/2022";"10:10:00";"44";"Acidente s";"255.099";"BR-393/RJ";"Decrescente";"Colisão com veículos (traseira)";1;0;0;0;0;0;0;0;0;1;6;0;0;0;0
"03/02/2022";"03:50:00";"69";"Acidente c";"157.5";"BR-393/RJ";"Crescente";"Colisão com veículos (frontal)";1;0;1;0;0;0;0;0;0;0;0;1;0;0;1
"05/02/2022";"03:20:00";"12";"Acidente s";"285.1";"BR-393/RJ";"Decrescente";"Colisão c/ obstáculos";1;0;0;0;0;0;0;0;0;0;2;0;0;0;0
"05/02/2022";"06:08:00";"14";"Acidente s";"211";"BR-393/RJ";"Crescente";"Saídas de pista";0;0;1;0;0;0;0;0;0;0;0;1;0;0;0
"05/02/2022";"12:52:00";"51";"Acidente c";"285.2";"BR-393/RJ";"Crescente";"Acidentes de outra natureza";0;0;0;1;0;0;0;0;0;0;0;0;2;0;0
"05/02/2022";"10:10:00";"92";"Acidente s";"274.399";"BR-393/RJ";"Crescente";"Saídas de pista";1;0;0;0;0;0;0;0;0;0;1;0;0;0;0
"06/02/2022";"02:30:00";"6";"Acidente s";"281.1";"BR-393/RJ";"Decrescente";"Colisão com veículos (traseira)";1;0;1;0;0;0;0;0;0;0;2;0;0;0;0
"07/02/2022";"02:48:00";"46";"Acidente s";"274.7";"BR-393/RJ";"Crescente";"Colisão com veículos (traseira)";1;0;1;0;0;0;0;0;0;0;3;0;0;0;0
"07/02/2022";"10:12:00";"71";"Acidente s";"182";"BR-393/RJ";"Crescente";"Colisão com veículos (traseira)";2;0;0;0;0;0;0;0;0;0;2;0;0;0;0
"08/02/2022";"07:03:00";"18";"Acidente c";"177.7";"BR-393/RJ";"Decrescente";"Acidentes de outra natureza";0;0;0;1;0;0;0;0;0;0;0;1;0;0;0
"09/02/2022";"11:04:00";"39";"Acidente c";"273.2";"BR-393/RJ";"Crescente";"Colisão lateral no sentido contrário";1;0;1;0;0;0;0;0;0;0;2;0;1;0;0
"10/02/2022";"06:54:00";"17";"Acidente c";"282.5";"BR-393/RJ";"Crescente";"Colisão com veículos (traseira)";1;0;0;1;0;0;0;0;0;0;2;1;0;0;0
"10/02/2022";"05:27:00";"56";"Acidente s";"279.7";"BR-393/RJ";"Crescente";"Acidentes de outra natureza";2;0;0;0;0;0;0;0;0;0;2;0;0;0;0
"10/02/2022";"08:13:00";"64";"Acidente c";"155.699";"BR-393/RJ";"Decrescente";"Acidentes de outra natureza";0;0;0;1;0;0;0;0;0;0;0;1;0;0;0
"10/02/2022";"10:21:00";"74";"Acidente c";"139.599";"BR-393/RJ";"Crescente";"Acidentes de outra natureza";0;0;0;1;0;0;0;0;0;0;0;0;1;0;0
"12/02/2022";"03:53:00";"10";"Acidente c";"281.199";"BR-393/RJ";"Decrescente";"Colisão com veículos (frontal)";0;0;1;1;0;0;0;0;0;0;1;0;0;0;1
"13/02/2022";"10:52:00";"28";"Acidente s";"278.4";"BR-393/RJ";"Crescente";"Colisão com veículos (traseira)";1;0;0;0;0;0;0;0;0;1;2;0;0;0;0
"13/02/2022";"09:48:00";"55";"Acidente c";"128";"BR-393/RJ";"Crescente";"Acidentes de outra natureza";0;0;0;1;0;0;0;0;0;0;0;0;1;0;0
"14/02/2022";"03:40:00";"47";"Acidente c";"186.8";"BR-393/RJ";"Crescente";"Colisão c/ obstáculos";1;0;0;0;0;0;0;0;0;0;0;1;0;0;0
"15/02/2022";"02:48:00";"3";"Acidente c";"121.2";"BR-393/RJ";"Crescente";"Saídas de pista";0;0;1;0;0;0;0;0;0;0;0;1;0;0;0
"15/02/2022";"07:32:00";"18";"Acidente s";"284.7";"BR-393/RJ";"Decrescente";"Colisão lateral no mesmo sentido";1;0;0;0;1;0;0;0;0;0;2;0;0;0;0
"15/02/2022";"08:54:00";"23";"Acidente s";"265.1";"BR-393/RJ";"Crescente";"Colisão lateral no mesmo sentido";1;0;1;0;0;0;0;0;0;0;2;0;0;0;0
"15/02/2022";"12:23:00";"34";"Acidente s";"284.2";"BR-393/RJ";"Crescente";"Colisão lateral no mesmo sentido";1;0;1;0;0;0;0;0;0;0;2;0;0;0;0
"15/02/2022";"02:51:00";"42";"Acidente c";"284.9";"BR-393/RJ";"Crescente";"Colisão lateral no mesmo sentido";2;0;0;1;0;0;0;0;0;0;2;1;0;0;0
"17/02/2022";"07:20:00";"15";"Acidente s";"280.6";"BR-393/RJ";"Crescente";"Colisão com veículos (traseira)";2;0;0;0;0;0;0;0;0;0;2;0;0;0;0
"17/02/2022";"08:25:00";"16";"Atropelame";"251.9";"BR-393/RJ";"Crescente";"Atropelamento de pedestre";0;1;0;1;0;0;0;0;0;0;2;0;0;0;0
"17/02/2022";"08:58:00";"17";"Acidente c";"155.599";"BR-393/RJ";"Decrescente";"Tombamento";0;0;1;0;0;0;0;0;0;0;0;1;0;0;0
"18/02/2022";"06:40:00";"11";"Acidente c";"241.3";"BR-393/RJ";"Decrescente";"Colisão c/ obstáculos";1;0;0;0;0;0;0;0;0;0;0;2;0;0;0