data;horario;n_da_ocorrencia;tipo_de_ocorrencia;km;trecho;sentido;tipo_de_acidente;automovel;bicicleta;caminhao;moto;onibus;outros;tracao_animal;transporte_de_cargas_especiais;trator_maquinas;utilitarios;ilesos;levemente_feridos;moderadamente_feridos;gravemente_feridos;mortos
"18/02/2022";"07:31:00";"13";"Acidente c";"182.4";"BR-393/RJ";"Crescente";"Acidentes de outra natureza";1;0;0;1;0;0;0;0;0;0;3;1;0;1;0
"19/02/2022";"03:40:00";"6";"Acidente c";"245.9";"BR-393/RJ";"Decrescente";"Acidentes de outra natureza";0;0;0;1;0;0;0;0;0;0;0;2;0;0;0
"19/02/2022";"09:44:00";"52";"Acidente c";"117";"BR-393/RJ";"Decrescente";"Capotamento";1;0;0;0;0;0;0;0;0;0;0;1;0;0;0
"19/02/2022";"10:16:00";"56";"Acidente s";"109.4";"BR-393/RJ";"Crescente";"Saídas de pista";1;0;0;0;0;0;0;0;0;0;2;0;0;0;0
"20/02/2022";"06:49:00";"42";"Acidente c";"284.699";"BR-393/RJ";"Crescente";"Acidentes de outra natureza";1;0;0;1;0;0;0;0;0;0;2;2;0;0;0
"20/02/2022";"11:45:00";"56";"Acidente c";"284";"BR-393/RJ";"Crescente";"Colisão com veículos (traseira)";2;0;0;0;0;0;0;0;0;0;2;1;0;0;0
"21/02/2022";"08:15:00";"24";"Acidente c";"285.2";"BR-393/RJ";"Crescente";"Acidentes de outra natureza";0;0;0;1;0;0;0;0;0;0;0;2;0;0;0
"22/02/2022";"09:58:00";"32";"Acidente c";"184.92";"BR-393/RJ";"Crescente";"Colisão lateral no sentido contrário";1;0;1;0;0;0;0;0;0;0;1;1;0;0;0
"22/02/2022";"01:38:00";"49";"Acidente c";"168.6";"BR-393/RJ";"Crescente";"Acidentes de outra natureza";0;0;0;1;0;0;0;0;0;0;0;1;0;0;0
"22/02/2022";"03:58:00";"60";"Acidente s";"256";"BR-393/RJ";"Crescente";"Colisão com veículos (traseira)";1;0;1;0;0;0;0;0;0;0;1;2;0;0;0
"23/02/2022";"03:08:00";"58";"Acidente c";"237.099";"BR-393/RJ";"Decrescente";"Colisão lateral no sentido contrário";1;0;1;0;0;0;0;0;0;0;1;1;0;0;0
"24/02/2022";"07:36:00";"17";"Acidente s";"282";"BR-393/RJ";"Crescente";"Colisão com veículos (traseira)";1;0;0;0;0;0;0;0;0;1;2;0;0;0;0
"25/02/2022";"12:57:00";"41";"Acidente c";"280";"BR-393/RJ";"Crescente";"Atropelamento de pedestre";1;1;0;0;0;0;0;0;0;0;1;0;1;0;0
"25/02/2022";"06:51:00";"73";"Acidente s";"248.8";"BR-393/RJ";"Crescente";"Colisão lateral no mesmo sentido";0;0;1;0;0;0;0;0;0;1;2;0;0;0;0
"28/02/2022";"02:01:00";"19";"Acidente c";"201.8";"BR-393/RJ";"Crescente";"Atropelamento de animais";1;0;0;0;0;0;0;0;0;0;0;3;0;0;0
"01/03/2022";"10:33:00";"23";"Acidente s";"270";"BR-393/RJ";"Crescente";"Colisão lateral no mesmo sentido";2;0;0;0;0;0;0;0;0;0;4;0;0;0;0
"01/03/2022";"11:05:00";"56";"Acidente s";"216.199";"BR-393/RJ";"Crescente";"Saídas de pista";1;0;0;0;0;0;0;0;0;0;1;0;0;0;0
"02/03/2022";"10:43:00";"34";"Acidente c";"218.199";"BR-393/RJ";"Decrescente";"Colisão com veículos (traseira)";2;0;0;0;0;0;0;0;0;0;0;6;0;0;0
"03/03/2022";"07:41:00";"15";"Acidente c";"106.9";"BR-393/RJ";"Decrescente";"Acidentes de outra natureza";1;0;0;1;0;0;0;0;0;0;0;1;0;1;0
"03/03/2022";"07:36:00";"51";"Acidente s";"267.8";"BR-393/RJ";"Crescente";"Atropelamento de animais";1;0;0;0;0;0;0;0;0;0;2;0;0;0;0
"04/03/2022";"01:28:00";"42";"Acidente c";"249.099";"BR-393/RJ";"Crescente";"Colisão lateral no sentido contrário";4;0;3;0;0;0;0;0;0;0;7;3;0;0;1
"04/03/2022";"06:16:00";"60";"Acidente c";"137";"BR-393/RJ";"Crescente";"Atropelamento de pedestre";0;1;0;1;0;0;0;0;0;0;0;0;2;0;0
"04/03/2022";"09:47:00";"71";"Acidente s";"102";"BR-393/RJ";"Decrescente";"Colisão lateral no mesmo sentido";1;0;1;0;0;0;0;0;0;0;2;0;0;0;0
"05/03/2022";"02:04:00";"42";"Acidente c";"124.599";"BR-393/RJ";"Decrescente";"Tombamento";0;0;1;0;0;0;0;0;0;0;0;1;0;0;0
"05/03/2022";"04:40:00";"53";"Acidente c";"250.3";"BR-393/RJ";"Crescente";"Acidentes de outra natureza";1;0;0;0;0;0;0;0;0;1;2;0;4;0;0
"05/03/2022";"08:46:00";"65";"Acidente c";"285.699";"BR-393/RJ";"Decrescente";"Acidentes de outra natureza";1;0;0;1;0;0;0;0;0;0;2;0;1;0;0
"07/03/2022";"02:58:00";"11";"Acidente c";"185.2";"BR-393/RJ";"Crescente";"Colisão lateral no sentido contrário";1;0;0;0;0;0;0;0;0;1;0;3;1;0;0
"07/03/2022";"04:44:00";"37";"Atropelame";"281.399";"BR-393/RJ";"Decrescente";"Atropelamento de pedestre";0;0;0;1;0;0;0;0;0;0;0;0;2;0;0
"08/03/2022";"01:24:00";"36";"Acidente c";"167.4";"BR-393/RJ";"Crescente";"Acidentes de outra natureza";0;0;0;1;0;0;0;0;0;0;0;1;0;0;0
"08/03/2022";"09:26:00";"53";"Acidente c";"285.8";"BR-393/RJ";"Crescente";"Colisão com veículos (traseira)";1;0;0;1;0;0;0;0;0;0;1;1;0;0;0
"11/03/2022";"07:26:00";"17";"Acidente c";"178.599";"BR-393/RJ";"Decrescente";"Colisão lateral no mesmo sentido";1;0;1;0;0;0;0;0;0;0;1;1;2;0;0
"11/03/2022";"10:36:00";"28";"Acidente s";"108.2";"BR-393/RJ";"Crescente";"Colisão c/ obstáculos";1;0;0;0;0;0;0;0;0;0;4;0;0;0;0
"12/03/2022";"02:39:00";"48";"Acidente s";"131.199";"BR-393/RJ";"Crescente";"Saídas de pista";1;0;0;0;0;0;0;0;0;0;2;0;0;0;0
"16/03/2022";"11:41:00";"31";"Acidente s";"283.699";"BR-393/RJ";"Decrescente";"Acidentes de outra natureza";2;0;0;0;0;0;0;0;0;0;2;0;0;0;0
"17/03/2022";"06:53:00";"14";"Acidente c";"168";"BR-393/RJ";"Decrescente";"Colisão com veículos (traseira)";2;0;0;0;0;0;0;0;0;0;0;2;0;0;0
"17/03/2022";"08:53:00";"48";"Acidente c";"258";"BR-393/RJ";"Decrescente";"Colisão lateral no sentido contrário";0;0;1;1;0;0;0;0;0;0;1;0;1;0;0
"18/03/2022";"08:05:00";"21";"Acidente s";"258";"BR-393/RJ";"Decrescente";"Colisão lateral no mesmo sentido";1;0;1;0;0;0;0;0;0;0;2;0;0;0;0
"18/03/2022";"12:23:00";"34";"Acidente c";"206.199";"BR-393/RJ";"Crescente";"Colisão lateral no mesmo sentido";1;0;1;0;0;0;0;0;0;0;0;1;1;0;0
"18/03/2022";"03:27:00";"43";"Acidente c";"182";"BR-393/RJ";"Crescente";"Acidentes de outra natureza";1;0;0;1;0;0;0;0;0;0;0;2;1;0;0
"19/03/2022";"03:21:00";"39";"Acidente s";"122";"BR-393/RJ";"Crescente";"Colisão com veículos (traseira)";0;0;2;0;0;0;0;0;0;0;2;0;0;0;0
"19/03/2022";"08:21:00";"50";"Acidente s";"103.299";"BR-393/RJ";"Crescente";"Saídas de pista";1;0;0;0;0;0;0;0;0;0;2;0;0;0;0
"24/03/2022";"05:40:00";"12";"Acidente c";"243.599";"BR-393/RJ";"Decrescente";"Saídas de pista";1;0;0;0;0;0;0;0;0;0;0;1;0;0;0
"25/03/2022";"11:44:00";"46";"Acidente c";"119.9";"BR-393/RJ";"Decrescente";"Capotamento";1;0;0;0;0;0;0;0;0;0;0;1;0;0;0
"25/03/2022";"08:30:00";"65";"Acidente c";"257.5";"BR-393/RJ";"Decrescente";"Colisão com veículos (frontal)";2;0;0;0;0;0;0;0;0;0;1;0;0;1;0
"26/03/2022";"09:08:00";"19";"Acidente c";"132.9";"BR-393/RJ";"Decrescente";"Colisão com veículos (traseira)";1;0;1;0;0;0;0;0;0;0;2;0;1;0;0
"26/03/2022";"06:53:00";"39";"Acidente s";"187.6";"BR-393/RJ";"Crescente";"Saídas de pista";0;0;1;0;0;0;0;0;0;0;1;0;0;0;0
"30/03/2022";"10:10:00";"29";"Acidente c";"256";"BR-393/RJ";"Decrescente";"Capotamento";2;0;0;0;0;0;0;0;0;0;3;2;0;0;0
"30/03/2022";"06:40:00";"51";"Acidente s";"285.5";"BR-393/RJ";"Crescente";"Colisão com veículos (traseira)";2;0;0;0;0;0;0;0;0;0;3;0;0;0;0
"01/04/2022";"05:52:00";"15";"Acidente c";"254.699";"BR-393/RJ";"Crescente";"Colisão c/ obstáculos";1;0;1;0;0;0;0;0;0;0;1;0;1;0;0
"02/04/2022";"11:23:00";"23";"Acidente c";"259.6";"BR-393/RJ";"Decrescente";"Acidentes de outra natureza";3;0;0;0;0;0;0;0;0;0;2;0;1;0;0
"03/04/2022";"02:25:00";"3";"Acidente s";"242.4";"BR-393/RJ";"Crescente";"Colisão c/ obstáculos";1;0;0;0;0;0;0;0;0;0;4;0;0;0;0
"03/04/2022";"02:50:00";"31";"Acidente s";"181.8";"BR-393/RJ";"Crescente";"Colisão c/ obstáculos";1;0;0;0;0;0;0;0;0;0;1;0;0;0;0
"04/04/2022";"08:44:00";"18";"Acidente s";"168.4";"BR-393/RJ";"Crescente";"Colisão com veículos (traseira)";2;0;0;0;0;0;0;0;0;0;2;0;0;0;0
"05/04/2022";"06:10:00";"53";"Acidente c";"106.799";"BR-393/RJ";"Decrescente";"Colisão lateral no mesmo sentido";1;0;0;1;0;0;0;0;0;0;1;2;0;0;0
"06/04/2022";"08:34:00";"20";"Acidente c";"114";"BR-393/RJ";"Decrescente";"Tombamento";0;0;1;0;0;0;0;0;0;0;0;0;1;0;0
"06/04/2022";"08:46:00";"22";"Atropelame";"133.199";"BR-393/RJ";"Crescente";"Atropelamento de pedestre";1;0;0;0;0;0;0;0;0;0;0;2;0;0;0
"06/04/2022";"10:31:00";"27";"Acidente s";"282";"BR-393/RJ";"Decrescente";"Engavetamento";0;0;3;0;0;0;0;0;0;0;3;0;0;0;0
"08/04/2022";"08:11:00";"58";"Acidente s";"238";"BR-393/RJ";"Crescente";"Acidentes de outra natureza";1;0;1;0;0;0;0;0;0;0;5;0;0;0;0
"09/04/2022";"01:19:00";"10";"Acidente s";"247";"BR-393/RJ";"Decrescente";"Saídas de pista";1;0;0;0;0;0;0;0;0;0;1;0;0;0;0
"09/04/2022";"05:38:00";"16";"Acidente s";"160";"BR-393/RJ";"Crescente";"Colisão c/ obstáculos";1;0;0;0;0;0;0;0;0;0;1;0;0;0;0
"09/04/2022";"06:00:00";"19";"Acidente s";"213.6";"BR-393/RJ";"Decrescente";"Acidentes de outra natureza";0;0;0;1;0;0;0;0;0;0;1;0;0;0;0
"09/04/2022";"08:35:00";"22";"Acidente c";"144";"BR-393/RJ";"Decrescente";"Acidentes de outra natureza";0;0;0;1;0;0;0;0;0;0;0;1;0;0;0
"09/04/2022";"10:34:00";"32";"Acidente c";"114.099";"BR-393/RJ";"Crescente";"Acidentes de outra natureza";0;0;0;1;0;0;0;0;0;0;0;1;0;0;0
"09/04/2022";"02:30:00";"42";"Acidente s";"152.099";"BR-393/RJ";"Crescente";"Saídas de pista";1;0;0;0;0;0;0;0;0;0;1;0;0;0;0
"10/04/2022";"11:47:00";"21";"Acidente c";"114";"BR-393/RJ";"Decrescente";"Tombamento";0;0;1;0;0;0;0;0;0;0;0;1;0;0;0
"11/04/2022";"12:57:00";"3";"Acidente s";"162.099";"BR-393/RJ";"Decrescente";"Tombamento";0;0;1;0;0;0;0;0;0;0;2;0;0;0;0
"11/04/2022";"08:42:00";"25";"Acidente c";"133.8";"BR-393/RJ";"Crescente";"Engavetamento";2;0;1;0;0;0;0;0;0;0;8;1;0;0;0
"11/04/2022";"08:40:00";"62";"Acidente c";"252.5";"BR-393/RJ";"Crescente";"Acidentes de outra natureza";2;0;0;0;0;0;0;0;0;0;1;0;2;0;0
"13/04/2022";"12:19:00";"32";"Acidente s";"255.599";"BR-393/RJ";"Crescente";"Engavetamento";3;0;0;0;0;0;0;0;0;0;6;0;0;0;0
"14/04/2022";"08:12:00";"18";"Acidente s";"239.199";"BR-393/RJ";"Crescente";"Colisão c/ obstáculos";1;0;0;0;0;0;0;0;0;0;1;0;0;0;0
"14/04/2022";"10:05:00";"25";"Acidente s";"264";"BR-393/RJ";"Decrescente";"Colisão lateral no sentido contrário";2;0;0;0;0;0;0;0;0;0;2;0;0;0;0
"16/04/2022";"04:47:00";"43";"Acidente c";"146.6";"BR-393/RJ";"Crescente";"Capotamento";1;0;0;0;0;0;0;0;0;0;0;2;0;0;0
"17/04/2022";"04:54:00";"15";"Acidente c";"286";"BR-393/RJ";"Crescente";"Colisão c/ obstáculos";1;0;0;0;0;0;0;0;0;0;1;0;1;0;0
"17/04/2022";"01:29:00";"33";"Acidente c";"281.2";"BR-393/RJ";"Crescente";"Acidentes de outra natureza";1;0;0;1;0;0;0;0;0;0;1;0;1;0;0
"17/04/2022";"02:48:00";"38";"Acidente c";"252.2";"BR-393/RJ";"Decrescente";"Acidentes de outra natureza";2;0;0;0;0;0;0;0;0;0;4;5;0;0;0
"17/04/2022";"04:57:00";"46";"Acidente c";"219.6";"BR-393/RJ";"Decrescente";"Capotamento";1;0;0;0;0;0;0;0;0;0;0;3;0;0;0
"17/04/2022";"06:34:00";"50";"Acidente c";"220.8";"BR-393/RJ";"Decrescente";"Acidentes de outra natureza";0;0;0;1;0;0;0;0;0;0;0;1;0;1;0
"19/04/2022";"09:25:00";"48";"Acidente c";"175.599";"BR-393/RJ";"Decrescente";"Saídas de pista";1;0;0;0;0;0;0;0;0;0;0;1;0;0;0
"20/04/2022";"12:32:00";"1";"Acidente s";"129.199";"BR-393/RJ";"Crescente";"Colisão c/ obstáculos";1;0;0;0;0;0;0;0;0;0;1;0;0;0;0
"20/04/2022";"07:48:00";"58";"Acidente s";"169.4";"BR-393/RJ";"Crescente";"Atropelamento de animais";1;0;0;0;0;0;0;0;0;0;2;0;0;0;0
"22/04/2022";"06:31:00";"38";"Acidente c";"279.599";"BR-393/RJ";"Decrescente";"Acidentes de outra natureza";1;0;0;1;0;0;0;0;0;0;1;0;2;0;0
"23/04/2022";"02:16:00";"42";"Acidente c";"140.8";"BR-393/RJ";"Crescente";"Acidentes de outra natureza";0;0;1;1;0;0;0;0;0;0;1;0;0;1;0
"24/04/2022";"06:18:00";"17";"Acidente c";"120.2";"BR-393/RJ";"Crescente";"Saídas de pista";1;0;0;0;0;0;0;0;0;0;0;1;0;0;0
"24/04/2022";"06:39:00";"18";"Acidente c";"122.2";"BR-393/RJ";"Decrescente";"Saídas de pista";0;0;1;0;0;0;0;0;0;0;0;0;0;0;1
"24/04/2022";"10:37:00";"24";"Acidente s";"118.4";"BR-393/RJ";"Crescente";"Capotamento";1;0;0;0;0;0;0;0;0;0;1;0;0;0;0
"24/04/2022";"06:51:00";"44";"Acidente c";"171.5";"BR-393/RJ";"Decrescente";"Acidentes de outra natureza";2;0;0;0;0;0;0;0;0;0;1;1;0;3;1
"26/04/2022";"10:03:00";"22";"Acidente c";"286";"BR-393/RJ";"Crescente";"Colisão com veículos (traseira)";2;0;0;0;0;0;0;0;0;0;0;2;0;0;0
"27/04/2022";"01:49:00";"2";"Acidente c";"176.4";"BR-393/RJ";"Crescente";"Atropelamento de animais";0;0;0;0;0;0;0;0;0;1;0;0;1;0;0
"29/04/2022";"09:38:00";"34";"Acidente s";"284.899";"BR-393/RJ";"Crescente";"Engavetamento";3;0;0;0;0;0;0;0;0;0;4;0;0;0;0
"29/04/2022";"02:40:00";"51";"Acidente s";"153.7";"BR-393/RJ";"Crescente";"Engavetamento";4;0;0;0;0;0;0;0;0;0;3;1;0;0;0
"29/04/2022";"06:34:00";"65";"Acidente c";"285.3";"BR-393/RJ";"Decrescente";"Colisão com veículos (traseira)";0;0;1;0;1;0;0;0;0;0;2;1;0;0;0
"30/04/2022";"02:23:00";"30";"Acidente c";"276.4";"BR-393/RJ";"Crescente";"Acidentes de outra natureza";1;0;1;0;0;0;0;0;0;0;4;1;0;0;0
"30/04/2022";"03:28:00";"32";"Acidente c";"238.5";"BR-393/RJ";"Crescente";"Acidentes de outra natureza";1;0;0;1;0;0;0;0;0;0;5;1;0;0;0
"02/05/2022";"07:56:00";"17";"Acidente c";"239.3";"BR-393/RJ";"Crescente";"Colisão com veículos (frontal)";1;0;1;0;0;0;0;0;0;0;1;0;1;0;0
"02/05/2022";"12:31:00";"38";"Acidente c";"121";"BR-393/RJ";"Crescente";"Colisão c/ obstáculos";1;0;0;0;0;0;0;0;0;0;0;2;2;0;0
"03/05/2022";"07:37:00";"17";"Acidente c";"171.599";"BR-393/RJ";"Decrescente";"Acidentes de outra natureza";2;0;0;0;0;0;0;0;0;0;1;1;0;0;0
"03/05/2022";"08:49:00";"58";"Acidente c";"281.199";"BR-393/RJ";"Decrescente";"Acidentes de outra natureza";1;0;0;1;0;0;0;0;0;0;1;0;1;0;0
"04/05/2022";"05:25:00";"57";"Acidente c";"279";"BR-393/RJ";"Crescente";"Colisão com veículos (traseira)";1;0;1;0;0;0;0;0;0;0;1;2;0;0;0
"06/05/2022";"10:14:00";"52";"Acidente s";"279.699";"BR-393/RJ";"Decrescente";"Colisão com veículos (traseira)";0;0;0;1;0;0;0;0;0;1;3;0;0;0;0
"07/05/2022";"04:53:00";"13";"Acidente c";"285.1";"BR-393/RJ";"Decrescente";"Colisão c/ obstáculos";1;0;0;0;0;0;0;0;0;0;0;0;1;0;0
"08/05/2022";"09:35:00";"15";"Acidente s";"254.4";"BR-393/RJ";"Decrescente";"Saídas de pista";1;0;0;0;0;0;0;0;0;0;3;0;0;0;0
"08/05/2022";"03:44:00";"31";"Acidente c";"232";"BR-393/RJ";"Crescente";"Acidentes de outra natureza";1;0;0;1;0;0;0;0;0;0;0;2;0;0;0
"08/05/2022";"05:39:00";"40";"Acidente s";"139.199";"BR-393/RJ";"Decrescente";"Saídas de pista";1;0;0;0;0;0;0;0;0;0;0;1;0;0;0
"09/05/2022";"06:52:00";"16";"Acidente c";"238.4";"BR-393/RJ";"Decrescente";"Acidentes de outra natureza";1;0;1;0;0;0;0;0;0;0;2;2;1;0;0
"09/05/2022";"11:42:00";"36";"Acidente s";"122.599";"BR-393/RJ";"Crescente";"Tombamento";0;0;1;0;0;0;0;0;0;0;1;0;0;0;0
"09/05/2022";"05:03:00";"48";"Acidente c";"155";"BR-393/RJ";"Decrescente";"Acidentes de outra natureza";0;0;0;1;0;0;0;0;0;0;0;2;0;0;0
"09/05/2022";"05:52:00";"54";"Acidente c";"182.4";"BR-393/RJ";"Decrescente";"Colisão lateral no mesmo sentido";1;0;0;1;0;0;0;0;0;0;5;1;0;0;0
"10/05/2022";"10:47:00";"32";"Acidente s";"196.6";"BR-393/RJ";"Crescente";"Colisão lateral no sentido contrário";2;0;0;0;0;0;0;0;0;0;2;1;0;0;0
"11/05/2022";"04:03:00";"43";"Acidente c";"151.8";"BR-393/RJ";"Crescente";"Tombamento";0;0;1;0;0;0;0;0;0;0;0;1;0;0;0
"11/05/2022";"05:55:00";"48";"Acidente s";"282.399";"BR-393/RJ";"Decrescente";"Colisão com veículos (traseira)";1;0;1;0;0;0;0;0;0;0;3;0;0;0;0
"12/05/2022";"12:31:00";"39";"Acidente s";"170.199";"BR-393/RJ";"Decrescente";"Engavetamento";3;0;0;0;0;0;0;0;0;0;6;0;0;0;0
"12/05/2022";"12:41:00";"43";"Acidente c";"168.599";"BR-393/RJ";"Decrescente";"Colisão com veículos (traseira)";1;0;1;0;0;0;0;0;0;0;0;4;0;0;0
"13/05/2022";"09:57:00";"29";"Acidente s";"185.199";"BR-393/RJ";"Decrescente";"Colisão c/ obstáculos";1;0;0;0;0;0;0;0;0;0;1;0;0;0;0
"13/05/2022";"05:12:00";"55";"Acidente c";"187";"BR-393/RJ";"Decrescente";"Atropelamento de animais";0;0;0;1;0;0;0;0;0;0;0;1;1;0;0
"13/05/2022";"05:46:00";"56";"Acidente c";"178.3";"BR-393/RJ";"Crescente";"Atropelamento de animais";0;0;0;1;0;0;0;0;0;1;1;2;0;0;0
"14/05/2022";"06:57:00";"14";"Acidente c";"284.7";"BR-393/RJ";"Crescente";"Colisão c/ obstáculos";1;0;0;0;0;0;0;0;0;0;0;1;0;0;0
"14/05/2022";"08:45:00";"16";"Acidente c";"251";"BR-393/RJ";"Crescente";"Colisão lateral no mesmo sentido";2;0;0;0;0;0;0;0;0;0;1;1;1;0;0
"14/05/2022";"04:30:00";"35";"Acidente c";"109.7";"BR-393/RJ";"Decrescente";"Acidentes de outra natureza";0;0;0;1;0;0;0;0;0;0;0;0;1;0;0
"14/05/2022";"07:46:00";"43";"Acidente c";"182.4";"BR-393/RJ";"Crescente";"Colisão c/ obstáculos";1;0;0;0;0;0;0;0;0;1;1;0;1;0;0
"15/05/2022";"10:37:00";"44";"Acidente c";"280.1";"BR-393/RJ";"Decrescente";"Colisão com veículos (traseira)";0;0;0;2;0;0;0;0;0;0;0;2;1;0;0
"16/05/2022";"09:23:00";"52";"Acidente s";"284.199";"BR-393/RJ";"Decrescente";"Colisão lateral no mesmo sentido";1;0;0;0;0;0;0;0;0;1;2;0;0;0;0
"16/05/2022";"10:57:00";"55";"Acidente c";"0.399";"BR-393/RJ";"Crescente";"Colisão com veículos (frontal)";0;0;0;2;0;0;0;0;0;0;0;0;0;0;2
"18/05/2022";"08:43:00";"19";"Acidente s";"124.4";"BR-393/RJ";"Decrescente";"Tombamento";0;0;1;0;0;0;0;0;0;0;1;0;0;0;0
"18/05/2022";"09:48:00";"24";"Acidente c";"286";"BR-393/RJ";"Decrescente";"Colisão c/ obstáculos";0;0;1;1;0;0;0;0;0;0;2;0;1;0;0
"18/05/2022";"12:25:00";"30";"Acidente s";"178.4";"BR-393/RJ";"Decrescente";"Engavetamento";3;0;0;0;0;0;0;0;0;0;3;0;0;0;0
"19/05/2022";"09:49:00";"30";"Acidente c";"238.4";"BR-393/RJ";"Decrescente";"Acidentes de outra natureza";1;0;0;1;0;0;0;0;0;0;2;1;0;0;0
"20/05/2022";"07:35:00";"15";"Acidente c";"133";"BR-393/RJ";"Decrescente";"Acidentes de outra natureza";2;0;1;0;0;0;0;0;0;0;3;1;0;0;0
"20/05/2022";"12:38:00";"30";"Acidente s";"238.501";"BR-393/RJ";"Decrescente";"Acidentes de outra natureza";1;0;1;0;0;0;0;0;0;0;6;0;0;0;0
"20/05/2022";"05:50:00";"48";"Acidente c";"103";"BR-393/RJ";"Decrescente";"Acidentes de outra natureza";1;0;0;0;1;0;0;0;0;0;0;5;0;1;0
"21/05/2022";"07:31:00";"33";"Acidente s";"280.1";"BR-393/RJ";"Crescente";"Colisão com veículos (traseira)";1;0;0;0;0;0;0;0;0;1;8;0;0;0;0
"22/05/2022";"07:52:00";"37";"Acidente s";"284";"BR-393/RJ";"Crescente";"Colisão com veículos (frontal)";2;0;0;0;0;0;0;0;0;0;5;0;0;0;0
"23/05/2022";"08:08:00";"21";"Acidente c";"209.9";"BR-393/RJ";"Decrescente";"Colisão com veículos (traseira)";0;0;2;0;0;0;0;0;0;0;1;2;0;0;0
"24/05/2022";"02:53:00";"37";"Atropelame";"235.9";"BR-393/RJ";"Crescente";"Atropelamento de pedestre";0;1;0;1;0;0;0;0;0;0;0;0;1;1;0
"25/05/2022";"08:16:00";"18";"Acidente s";"155";"BR-393/RJ";"Crescente";"Colisão c/ obstáculos";1;0;0;0;0;0;0;0;0;0;1;0;0;0;0
"25/05/2022";"02:48:00";"31";"Acidente c";"114";"BR-393/RJ";"Decrescente";"Tombamento";0;0;1;0;0;0;0;0;0;0;0;1;0;0;0
"25/05/2022";"06:40:00";"44";"Acidente s";"282.199";"BR-393/RJ";"Crescente";"Acidentes de outra natureza";1;0;0;1;0;0;0;0;0;0;4;0;0;0;0
"26/05/2022";"04:12:00";"11";"Acidente c";"218.4";"BR-393/RJ";"Decrescente";"Colisão com veículos (frontal)";1;0;1;0;0;0;0;0;0;0;0;1;0;2;0
"26/05/2022";"06:54:00";"13";"Acidente s";"280.899";"BR-393/RJ";"Crescente";"Colisão lateral no mesmo sentido";2;0;0;0;0;0;0;0;0;0;2;0;0;0;0
"26/05/2022";"09:06:00";"15";"Acidente c";"240.4";"BR-393/RJ";"Crescente";"Acidentes de outra natureza";0;0;0;1;0;0;0;0;0;0;0;1;0;0;0
"27/05/2022";"10:46:00";"28";"Acidente s";"243.4";"BR-393/RJ";"Crescente";"Colisão com veículos (traseira)";0;0;3;0;0;0;0;0;0;0;3;0;0;0;0
"27/05/2022";"08:14:00";"62";"Acidente c";"147.57";"BR-393/RJ";"Crescente";"Capotamento";1;0;0;0;0;0;0;0;0;0;0;2;0;0;0
"28/05/2022";"07:06:00";"18";"Acidente c";"121.5";"BR-393/RJ";"Decrescente";"Tombamento";0;0;1;0;0;0;0;0;0;0;0;0;1;0;0
"28/05/2022";"11:10:00";"31";"Acidente c";"238.4";"BR-393/RJ";"Decrescente";"Capotamento";1;0;0;0;0;0;0;0;0;0;3;0;0;1;0
"30/05/2022";"07:44:00";"15";"Acidente s";"283";"BR-393/RJ";"Crescente";"Colisão com veículos (traseira)";2;0;0;0;0;0;0;0;0;0;3;0;0;0;0
"30/05/2022";"08:00:00";"16";"Acidente s";"281";"BR-393/RJ";"Crescente";"Colisão com veículos (traseira)";2;0;0;0;0;0;0;0;0;0;2;0;0;0;0
"30/05/2022";"07:46:00";"46";"Acidente c";"283.399";"BR-393/RJ";"Decrescente";"Colisão lateral no mesmo sentido";1;0;0;1;0;0;0;0;0;0;2;1;0;0;0
"01/06/2022";"03:58:00";"13";"Acidente s";"170.9";"BR-393/RJ";"Decrescente";"Saídas de pista";0;0;1;0;0;0;0;0;0;0;1;0;0;0;0
"01/06/2022";"08:25:00";"21";"Acidente c";"234.5";"BR-393/RJ";"Decrescente";"Acidentes de outra natureza";1;0;0;1;0;0;0;0;0;0;1;1;0;0;0
"01/06/2022";"11:49:00";"39";"Acidente c";"121.5";"BR-393/RJ";"Crescente";"Colisão c/ obstáculos";1;0;0;0;0;0;0;0;0;0;0;2;0;0;0