data;horario;n_da_ocorrencia;tipo_de_ocorrencia;km;trecho;sentido;tipo_de_acidente;automovel;bicicleta;caminhao;moto;onibus;outros;tracao_animal;transporte_de_cargas_especiais;trator_maquinas;utilitarios;ilesos;levemente_feridos;moderadamente_feridos;gravemente_feridos;mortos
"14/05/2023";"11:50:00";"23";"Acidente s";"108";"BR-393/RJ";"Decrescente";"Colisão com veículos (traseira)";2;0;0;0;0;0;0;0;0;0;2;0;0;0;0
"14/05/2023";"05:32:00";"35";"Acidente s";"265";"BR-393/RJ";"Decrescente";"Colisão lateral no mesmo sentido";0;0;2;0;0;0;0;0;0;0;2;0;0;0;0
"15/05/2023";"12:00:00";"34";"Acidente c";"103.099";"BR-393/RJ";"Decrescente";"Engavetamento";2;0;1;0;0;0;0;0;0;0;1;4;0;0;0
"17/05/2023";"01:36:00";"50";"Acidente c";"267.8";"BR-393/RJ";"Decrescente";"Acidentes de outra natureza";0;0;0;2;0;0;0;0;0;0;0;0;2;0;0
"17/05/2023";"03:55:00";"53";"Acidente s";"252";"BR-393/RJ";"Decrescente";"Colisão lateral no mesmo sentido";1;0;1;0;0;0;0;0;0;0;2;0;0;0;0
"17/05/2023";"06:43:00";"59";"Acidente s";"245";"BR-393/RJ";"Crescente";"Colisão lateral no mesmo sentido";1;0;1;0;0;0;0;0;0;0;2;0;0;0;0
"18/05/2023";"02:29:00";"42";"Acidente c";"171.699";"BR-393/RJ";"Decrescente";"Acidentes de outra natureza";1;0;1;0;0;0;0;0;0;0;0;2;0;0;0
"18/05/2023";"06:08:00";"53";"Acidente s";"194";"BR-393/RJ";"Crescente";"Colisão com veículos (traseira)";0;0;2;0;0;0;0;0;0;0;3;0;0;0;0
"20/05/2023";"05:30:00";"15";"Acidente s";"125";"BR-393/RJ";"Crescente";"Colisão com veículos (traseira)";2;0;0;0;0;0;0;0;0;0;4;0;0;0;0
"20/05/2023";"07:46:00";"18";"Acidente c";"130.199";"BR-393/RJ";"Decrescente";"Acidentes de outra natureza";0;0;0;1;0;0;0;0;0;0;0;1;0;0;0
"21/05/2023";"10:52:00";"49";"Acidente s";"284";"BR-393/RJ";"Decrescente";"Engavetamento";3;0;0;0;0;0;0;0;0;0;3;0;0;0;0
"22/05/2023";"02:12:00";"7";"Acidente s";"264";"BR-393/RJ";"Crescente";"Colisão c/ obstáculos";1;0;0;0;0;0;0;0;0;0;5;0;0;0;0
"22/05/2023";"08:54:00";"20";"Acidente s";"235.699";"BR-393/RJ";"Crescente";"Acidentes de outra natureza";2;0;0;0;0;0;0;0;0;0;4;0;0;0;0
"23/05/2023";"12:34:00";"4";"Acidente s";"160";"BR-393/RJ";"Crescente";"Saídas de pista";0;0;1;0;0;0;0;0;0;0;1;0;0;0;0
"23/05/2023";"12:55:00";"5";"Acidente c";"235.8";"BR-393/RJ";"Crescente";"Colisão com veículos (frontal)";1;0;1;0;0;0;0;0;0;0;1;0;0;0;1
"23/05/2023";"01:21:00";"41";"Acidente s";"177.699";"BR-393/RJ";"Crescente";"Engavetamento";3;0;0;0;0;0;0;0;0;0;5;0;0;0;0
"24/05/2023";"05:55:00";"49";"Acidente c";"267.3";"BR-393/RJ";"Crescente";"Acidentes de outra natureza";0;0;0;1;0;0;0;0;0;0;0;1;0;0;0
"25/05/2023";"12:39:00";"35";"Acidente s";"230";"BR-393/RJ";"Crescente";"Colisão com veículos (traseira)";1;0;1;0;0;0;0;0;0;0;2;0;0;0;0
"25/05/2023";"02:07:00";"40";"Acidente c";"143.4";"BR-393/RJ";"Decrescente";"Colisão com veículos (traseira)";2;0;0;0;0;0;0;0;0;0;2;2;0;0;0
"26/05/2023";"07:37:00";"14";"Acidente s";"106";"BR-393/RJ";"Crescente";"Colisão com veículos (traseira)";0;0;2;0;0;0;0;0;0;0;2;0;0;0;0
"26/05/2023";"02:18:00";"35";"Acidente c";"228.699";"BR-393/RJ";"Crescente";"Colisão com veículos (traseira)";2;0;0;0;0;0;0;0;0;0;3;1;0;0;0
"27/05/2023";"11:22:00";"50";"Acidente c";"164.8";"BR-393/RJ";"Decrescente";"Tombamento";0;0;1;0;0;0;0;0;0;0;0;1;1;0;0
"29/05/2023";"12:06:00";"32";"Acidente c";"197.7";"BR-393/RJ";"Crescente";"Tombamento";1;0;0;0;0;0;0;0;0;0;0;1;1;0;0
"29/05/2023";"07:38:00";"50";"Atropelame";"103.5";"BR-393/RJ";"Crescente";"Atropelamento de pedestre";1;0;0;0;0;0;0;0;0;0;1;0;0;0;1
"30/05/2023";"07:32:00";"16";"Acidente s";"161.199";"BR-393/RJ";"Decrescente";"Colisão c/ obstáculos";1;0;0;0;0;0;0;0;0;0;1;0;0;0;0
"30/05/2023";"08:33:00";"19";"Acidente s";"206.9";"BR-393/RJ";"Crescente";"Saídas de pista";0;0;1;0;0;0;0;0;0;0;2;0;0;0;0
"31/05/2023";"11:04:00";"25";"Acidente c";"137.8";"BR-393/RJ";"Decrescente";"Colisão com veículos (traseira)";0;0;2;0;0;0;0;0;0;0;1;1;0;0;0
"31/05/2023";"04:31:00";"43";"Acidente c";"139.401";"BR-393/RJ";"Crescente";"Colisão c/ obstáculos";1;0;0;0;0;0;0;0;0;0;1;1;0;0;0
"01/06/2023";"06:53:00";"43";"Acidente c";"178";"BR-393/RJ";"Decrescente";"Colisão com veículos (traseira)";1;0;0;1;0;0;0;0;0;0;2;0;1;0;0
"02/06/2023";"09:18:00";"20";"Acidente c";"283.4";"BR-393/RJ";"Crescente";"Acidentes de outra natureza";1;0;0;1;0;0;0;0;0;0;2;0;2;0;0
"02/06/2023";"02:32:00";"39";"Acidente c";"255.699";"BR-393/RJ";"Crescente";"Colisão com veículos (frontal)";1;0;1;0;0;0;0;0;0;0;1;0;1;0;0
"04/06/2023";"01:11:00";"22";"Acidente c";"284.199";"BR-393/RJ";"Decrescente";"Colisão com veículos (traseira)";0;0;2;0;0;0;0;0;0;0;1;0;1;0;0
"04/06/2023";"01:48:00";"25";"Acidente s";"285";"BR-393/RJ";"Decrescente";"Acidentes de outra natureza";0;0;0;1;0;0;0;0;0;0;1;0;0;0;0
"04/06/2023";"03:54:00";"28";"Acidente s";"235.699";"BR-393/RJ";"Crescente";"Colisão lateral no mesmo sentido";2;0;0;0;0;0;0;0;0;0;2;0;0;0;0
"05/06/2023";"07:03:00";"15";"Acidente s";"282.1";"BR-393/RJ";"Decrescente";"Colisão com veículos (frontal)";2;0;0;0;0;0;0;0;0;0;3;0;0;0;0
"05/06/2023";"08:03:00";"18";"Acidente s";"243.4";"BR-393/RJ";"Crescente";"Colisão com veículos (traseira)";2;0;0;0;0;0;0;0;0;0;7;0;0;0;0
"06/06/2023";"08:37:00";"17";"Acidente s";"265";"BR-393/RJ";"Decrescente";"Colisão com veículos (traseira)";1;0;1;0;0;0;0;0;0;0;2;0;0;0;0
"06/06/2023";"01:30:00";"39";"Acidente c";"282";"BR-393/RJ";"Decrescente";"Colisão lateral no mesmo sentido";1;0;0;1;0;0;0;0;0;0;1;2;0;0;0
"07/06/2023";"02:22:00";"39";"Acidente s";"286.399";"BR-393/RJ";"Decrescente";"Colisão com veículos (traseira)";2;0;0;0;0;0;0;0;0;0;4;0;0;0;0
"07/06/2023";"02:37:00";"41";"Acidente s";"286.3";"BR-393/RJ";"Crescente";"Engavetamento";3;0;0;0;0;0;0;0;0;0;4;0;0;0;0
"07/06/2023";"03:31:00";"44";"Atropelame";"262.5";"BR-393/RJ";"Crescente";"Acidentes de outra natureza";1;1;0;0;0;0;0;0;0;0;2;0;1;0;0
"07/06/2023";"05:29:00";"52";"Acidente s";"103";"BR-393/RJ";"Decrescente";"Engavetamento";2;0;1;0;0;0;0;0;0;0;3;0;0;0;0
"08/06/2023";"08:53:00";"19";"Acidente c";"189.599";"BR-393/RJ";"Crescente";"Colisão lateral no sentido contrário";0;0;2;0;0;0;0;0;0;0;0;2;0;0;0
"08/06/2023";"12:21:00";"26";"Acidente c";"114.002";"BR-393/RJ";"Decrescente";"Tombamento";0;0;1;0;0;0;0;0;0;0;0;1;0;0;0
"09/06/2023";"06:42:00";"16";"Acidente c";"244.5";"BR-393/RJ";"Crescente";"Saídas de pista";1;0;0;0;0;0;0;0;0;0;0;1;0;0;0
"10/06/2023";"02:47:00";"38";"Acidente c";"182.3";"BR-393/RJ";"Decrescente";"Atropelamento de pedestre";0;0;1;0;0;0;0;0;0;0;1;0;0;1;0
"11/06/2023";"05:40:00";"47";"Acidente s";"233";"BR-393/RJ";"Crescente";"Acidentes de outra natureza";2;0;0;0;0;0;0;0;0;0;2;0;0;0;0
"12/06/2023";"09:03:00";"21";"Acidente c";"283.301";"BR-393/RJ";"Crescente";"Acidentes de outra natureza";0;1;0;1;0;0;0;0;0;0;1;0;1;0;0
"13/06/2023";"06:56:00";"50";"Acidente s";"279";"BR-393/RJ";"Decrescente";"Colisão com veículos (traseira)";1;0;1;0;0;0;0;0;0;0;4;0;0;0;0
"14/06/2023";"02:26:00";"2";"Acidente s";"284";"BR-393/RJ";"Decrescente";"Colisão com veículos (traseira)";1;0;0;0;0;0;0;0;0;0;1;0;0;0;0
"15/06/2023";"09:28:00";"20";"Acidente c";"209";"BR-393/RJ";"Crescente";"Colisão c/ obstáculos";1;0;0;0;0;0;0;0;0;0;0;1;0;0;0
"15/06/2023";"09:31:00";"21";"Acidente s";"105.099";"BR-393/RJ";"Decrescente";"Colisão c/ obstáculos";1;0;0;0;0;0;0;0;0;0;1;0;0;0;0
"18/06/2023";"05:02:00";"12";"Acidente s";"1.7";"Alça Sul";"Crescente";"Capotamento";1;0;0;0;0;0;0;0;0;0;1;0;0;0;0
"18/06/2023";"07:10:00";"43";"Acidente c";"281";"BR-393/RJ";"Decrescente";"Colisão com veículos (traseira)";1;0;0;0;0;0;0;0;0;0;2;1;0;0;0
"18/06/2023";"11:51:00";"49";"Acidente s";"217.699";"BR-393/RJ";"Crescente";"Colisão c/ obstáculos";1;0;0;0;0;0;0;0;0;0;4;0;0;0;0
"19/06/2023";"08:01:00";"52";"Acidente c";"217";"BR-393/RJ";"Decrescente";"Colisão com veículos (traseira)";1;0;1;0;0;0;0;0;0;0;1;1;0;0;0
"20/06/2023";"02:17:00";"42";"Acidente s";"195";"BR-393/RJ";"Decrescente";"Colisão com veículos (traseira)";1;0;1;0;0;0;0;0;0;0;2;0;0;0;0
"20/06/2023";"04:46:00";"47";"Acidente s";"240";"BR-393/RJ";"Decrescente";"Colisão lateral no mesmo sentido";1;0;1;0;0;0;0;0;0;0;2;0;0;0;0
"20/06/2023";"08:32:00";"59";"Acidente s";"281";"BR-393/RJ";"Crescente";"Colisão lateral no mesmo sentido";1;0;1;0;0;0;0;0;0;0;2;0;0;0;0
"21/06/2023";"01:41:00";"3";"Acidente c";"110.401";"BR-393/RJ";"Decrescente";"Tombamento";0;0;1;0;0;0;0;0;0;0;0;1;0;0;0
"22/06/2023";"09:26:00";"27";"Acidente c";"279.6";"BR-393/RJ";"Crescente";"Colisão lateral no sentido contrário";1;0;0;1;0;0;0;0;0;0;2;0;1;0;0
"22/06/2023";"05:52:00";"50";"Acidente c";"143.2";"BR-393/RJ";"Decrescente";"Acidentes de outra natureza";0;0;1;1;0;0;0;0;0;0;1;0;0;0;1
"23/06/2023";"07:03:00";"16";"Acidente s";"168";"BR-393/RJ";"Decrescente";"Colisão com veículos (traseira)";2;0;0;0;0;0;0;0;0;0;2;0;0;0;0
"24/06/2023";"08:03:00";"42";"Acidente s";"282";"BR-393/RJ";"Crescente";"Engavetamento";2;0;0;0;0;0;0;0;0;1;3;0;0;0;0
"25/06/2023";"04:53:00";"14";"Acidente s";"104";"BR-393/RJ";"Decrescente";"Saídas de pista";1;0;0;0;0;0;0;0;0;0;1;0;0;0;0
"25/06/2023";"11:18:00";"24";"Acidente c";"168.3";"BR-393/RJ";"Decrescente";"Colisão lateral no mesmo sentido";1;0;0;1;0;0;0;0;0;0;1;0;1;0;0
"26/06/2023";"01:41:00";"33";"Acidente c";"280.4";"BR-393/RJ";"Crescente";"Acidentes de outra natureza";0;0;1;1;0;0;0;0;0;0;1;0;1;0;0
"26/06/2023";"09:57:00";"48";"Acidente s";"276";"BR-393/RJ";"Crescente";"Colisão lateral no sentido contrário";2;0;0;0;0;0;0;0;0;0;8;0;0;0;0
"27/06/2023";"07:37:00";"17";"Acidente c";"238.5";"BR-393/RJ";"Decrescente";"Acidentes de outra natureza";2;0;0;0;0;0;0;0;0;0;2;1;0;0;0
"27/06/2023";"03:25:00";"41";"Acidente c";"281.1";"BR-393/RJ";"Crescente";"Acidentes de outra natureza";2;0;0;0;0;0;0;0;0;0;1;1;1;0;0
"27/06/2023";"03:50:00";"43";"Acidente c";"104.4";"BR-393/RJ";"Crescente";"Colisão lateral no sentido contrário";1;0;0;1;0;0;0;0;0;0;1;0;1;0;0
"28/06/2023";"02:26:00";"40";"Acidente c";"139";"BR-393/RJ";"Decrescente";"Tombamento";1;0;1;0;0;0;0;0;0;0;1;1;0;0;0
"30/06/2023";"05:59:00";"48";"Acidente s";"283";"BR-393/RJ";"Crescente";"Acidentes de outra natureza";1;0;0;1;0;0;0;0;0;0;2;0;0;0;0
"01/07/2023";"11:27:00";"27";"Acidente s";"281.3";"BR-393/RJ";"Crescente";"Acidentes de outra natureza";1;0;0;1;0;0;0;0;0;0;3;0;0;0;0
"03/07/2023";"10:00:00";"27";"Acidente s";"268.199";"BR-393/RJ";"Crescente";"Saídas de pista";1;0;0;0;0;0;0;0;0;0;0;1;0;0;0
"04/07/2023";"06:50:00";"16";"Acidente c";"266.4";"BR-393/RJ";"Crescente";"Colisão c/ obstáculos";1;0;0;0;0;0;0;0;0;0;1;2;2;0;0
"04/07/2023";"09:04:00";"46";"Acidente s";"252";"BR-393/RJ";"Crescente";"Saídas de pista";1;0;0;0;0;0;0;0;0;0;2;0;0;0;0
"05/07/2023";"07:59:00";"14";"Acidente s";"175.699";"BR-393/RJ";"Crescente";"Colisão com veículos (traseira)";2;0;0;0;0;0;0;0;0;0;0;2;0;0;0
"05/07/2023";"04:44:00";"37";"Acidente c";"167.5";"BR-393/RJ";"Crescente";"Engavetamento";2;0;1;0;0;0;0;0;0;0;0;5;0;0;0
"06/07/2023";"07:01:00";"55";"Acidente c";"252";"BR-393/RJ";"Crescente";"Colisão com veículos (traseira)";1;0;0;1;0;0;0;0;0;0;2;0;1;0;0
"07/07/2023";"07:28:00";"18";"Acidente c";"240.699";"BR-393/RJ";"Crescente";"Colisão com veículos (traseira)";1;0;1;0;0;0;0;0;0;0;1;0;1;0;0
"07/07/2023";"09:02:00";"23";"Acidente c";"238.4";"BR-393/RJ";"Decrescente";"Engavetamento";2;0;0;1;0;0;0;0;0;0;5;1;0;0;0
"07/07/2023";"01:59:00";"43";"Acidente c";"252.199";"BR-393/RJ";"Crescente";"Acidentes de outra natureza";2;0;0;0;0;0;0;0;0;0;0;2;0;0;0
"07/07/2023";"05:01:00";"55";"Acidente s";"172.599";"BR-393/RJ";"Crescente";"Capotamento";1;0;0;0;0;0;0;0;0;0;0;0;1;0;0
"07/07/2023";"07:48:00";"62";"Acidente s";"282";"BR-393/RJ";"Decrescente";"Engavetamento";3;0;0;0;0;0;0;0;0;0;4;0;0;0;0
"08/07/2023";"06:46:00";"14";"Acidente s";"168.8";"BR-393/RJ";"Crescente";"Acidentes de outra natureza";2;0;0;0;0;0;0;0;0;0;6;0;0;0;0
"08/07/2023";"06:55:00";"15";"Acidente s";"283.699";"BR-393/RJ";"Crescente";"Colisão lateral no mesmo sentido";2;0;0;0;0;0;0;0;0;0;2;0;0;0;0
"08/07/2023";"07:00:00";"16";"Acidente c";"105.4";"BR-393/RJ";"Decrescente";"Saídas de pista";1;0;0;0;0;0;0;0;0;0;0;1;0;0;0
"08/07/2023";"10:51:00";"57";"Acidente c";"169";"BR-393/RJ";"Crescente";"Saídas de pista";1;0;0;0;0;0;0;0;0;0;0;0;2;0;0
"09/07/2023";"11:07:00";"24";"Acidente c";"136.2";"BR-393/RJ";"Decrescente";"Capotamento";1;0;0;0;0;0;0;0;0;0;0;1;0;0;0
"09/07/2023";"12:44:00";"26";"Acidente c";"263.9";"BR-393/RJ";"Decrescente";"Saídas de pista";1;0;0;0;0;0;0;0;0;0;0;0;1;0;0
"09/07/2023";"06:25:00";"38";"Acidente c";"181";"BR-393/RJ";"Crescente";"Acidentes de outra natureza";0;1;0;0;0;0;0;0;0;0;0;1;0;0;0
"10/07/2023";"11:32:00";"32";"Acidente c";"280";"BR-393/RJ";"Decrescente";"Engavetamento";1;0;2;0;0;0;0;0;0;0;3;4;0;0;0
"10/07/2023";"07:03:00";"58";"Acidente s";"281.5";"BR-393/RJ";"Decrescente";"Colisão com veículos (traseira)";2;0;0;0;0;0;0;0;0;0;2;0;0;0;0
"10/07/2023";"10:07:00";"63";"Acidente c";"285";"BR-393/RJ";"Crescente";"Acidentes de outra natureza";0;0;1;1;0;0;0;0;0;0;1;0;1;0;0
"11/07/2023";"07:27:00";"13";"Acidente s";"284";"BR-393/RJ";"Decrescente";"Engavetamento";3;0;0;0;0;0;0;0;0;0;3;0;0;0;0
"11/07/2023";"06:49:00";"66";"Acidente c";"218";"BR-393/RJ";"Crescente";"Acidentes de outra natureza";1;0;0;1;0;0;0;0;0;0;1;1;0;0;0
"12/07/2023";"11:00:00";"40";"Acidente c";"281.9";"BR-393/RJ";"Crescente";"Colisão lateral no sentido contrário";1;0;0;1;0;0;0;0;0;0;1;0;1;0;0
"13/07/2023";"04:43:00";"56";"Acidente c";"258";"BR-393/RJ";"Crescente";"Colisão com veículos (traseira)";0;0;0;1;0;0;0;0;0;1;1;0;0;1;0
"14/07/2023";"05:11:00";"13";"Acidente s";"237.4";"BR-393/RJ";"Decrescente";"Atropelamento de animais";0;0;1;0;0;0;0;0;0;0;1;0;0;0;0
"14/07/2023";"06:34:00";"18";"Acidente c";"102.5";"BR-393/RJ";"Decrescente";"Colisão com veículos (frontal)";1;0;1;0;0;0;0;0;0;0;1;1;1;0;0
"15/07/2023";"01:45:00";"12";"Acidente c";"246.5";"BR-393/RJ";"Crescente";"Tombamento";0;0;1;0;0;0;0;0;0;0;0;1;3;0;0
"15/07/2023";"06:10:00";"15";"Acidente s";"285.8";"BR-393/RJ";"Crescente";"Acidentes de outra natureza";1;0;0;0;1;0;0;0;0;0;2;0;0;0;0
"16/07/2023";"04:01:00";"39";"Acidente c";"282.399";"BR-393/RJ";"Crescente";"Acidentes de outra natureza";0;0;0;1;0;0;0;0;0;0;0;1;0;0;0
"17/07/2023";"02:40:00";"43";"Acidente c";"238.5";"BR-393/RJ";"Decrescente";"Acidentes de outra natureza";2;0;0;0;0;0;0;0;0;0;1;3;0;0;0
"17/07/2023";"04:47:00";"46";"Acidente s";"242.3";"BR-393/RJ";"Crescente";"Saídas de pista";1;0;0;0;0;0;0;0;0;0;1;0;0;0;0
"18/07/2023";"04:55:00";"51";"Acidente c";"122";"BR-393/RJ";"Decrescente";"Colisão lateral no sentido contrário";1;0;1;0;0;0;0;0;0;0;3;2;0;0;0
"18/07/2023";"10:50:00";"66";"Acidente c";"168.9";"BR-393/RJ";"Crescente";"Colisão com veículos (traseira)";1;0;0;1;0;0;0;0;0;0;1;1;0;0;0
"19/07/2023";"02:57:00";"14";"Acidente s";"265";"BR-393/RJ";"Decrescente";"Colisão com veículos (traseira)";0;0;2;0;0;0;0;0;0;0;2;0;0;0;0
"21/07/2023";"12:40:00";"1";"Acidente c";"224.199";"BR-393/RJ";"Crescente";"Colisão com veículos (traseira)";1;0;0;0;0;0;0;0;0;1;3;0;1;0;0
"21/07/2023";"02:13:00";"45";"Acidente c";"283.3";"BR-393/RJ";"Decrescente";"Atropelamento de pedestre";0;0;0;0;1;0;0;0;0;0;0;0;1;0;1
"21/07/2023";"02:47:00";"46";"Acidente c";"146.199";"BR-393/RJ";"Crescente";"Colisão lateral no mesmo sentido";1;0;1;0;0;0;0;0;0;0;1;3;0;0;0
"21/07/2023";"02:56:00";"48";"Acidente c";"103.099";"BR-393/RJ";"Decrescente";"Colisão com veículos (traseira)";0;0;2;0;0;0;0;0;0;0;1;1;0;0;0
"21/07/2023";"07:17:00";"54";"Acidente c";"105.599";"BR-393/RJ";"Decrescente";"Colisão com veículos (traseira)";2;0;0;0;0;0;0;0;0;0;4;2;0;0;0
"21/07/2023";"08:33:00";"57";"Acidente c";"268";"BR-393/RJ";"Crescente";"Acidentes de outra natureza";1;0;0;1;0;0;0;0;0;0;2;0;1;0;0
"22/07/2023";"10:27:00";"28";"Acidente c";"243.5";"BR-393/RJ";"Decrescente";"Capotamento";1;0;0;0;0;0;0;0;0;0;0;2;0;1;0
"22/07/2023";"12:47:00";"36";"Acidente c";"167.8";"BR-393/RJ";"Decrescente";"Colisão com veículos (traseira)";1;0;0;1;0;0;0;0;0;0;1;0;1;0;0
"22/07/2023";"03:44:00";"45";"Acidente s";"161.8";"BR-393/RJ";"Decrescente";"Tombamento";0;0;1;0;0;0;0;0;0;0;1;0;0;0;0
"23/07/2023";"07:18:00";"17";"Acidente c";"102.5";"BR-393/RJ";"Decrescente";"Colisão com veículos (frontal)";2;0;0;0;0;0;0;0;0;0;0;4;1;0;0
"23/07/2023";"09:32:00";"24";"Acidente c";"252.5";"BR-393/RJ";"Crescente";"Tombamento";0;0;1;0;0;0;0;0;0;0;0;0;1;0;0
"23/07/2023";"06:49:00";"49";"Acidente c";"178";"BR-393/RJ";"Decrescente";"Acidentes de outra natureza";1;0;0;1;0;0;0;0;0;0;0;2;1;0;0
"24/07/2023";"09:17:00";"26";"Acidente s";"175.4";"BR-393/RJ";"Decrescente";"Saídas de pista";1;0;0;0;0;0;0;0;0;0;1;0;0;0;0
"24/07/2023";"10:34:00";"35";"Acidente s";"284.199";"BR-393/RJ";"Decrescente";"Colisão com veículos (traseira)";2;0;0;0;0;0;0;0;0;0;3;0;0;0;0
"24/07/2023";"05:34:00";"55";"Acidente s";"279.699";"BR-393/RJ";"Decrescente";"Colisão com veículos (traseira)";2;0;0;0;0;0;0;0;0;0;3;0;0;0;0
"25/07/2023";"01:40:00";"40";"Acidente s";"285.3";"BR-393/RJ";"Decrescente";"Colisão lateral no mesmo sentido";2;0;0;0;0;0;0;0;0;0;3;0;0;0;0
"26/07/2023";"06:42:00";"12";"Acidente c";"139";"BR-393/RJ";"Crescente";"Saídas de pista";1;0;0;0;0;0;0;0;0;0;0;0;1;0;0
"26/07/2023";"09:38:00";"29";"Acidente c";"114";"BR-393/RJ";"Decrescente";"Saídas de pista";1;0;0;0;0;0;0;0;0;0;0;4;0;0;0
"26/07/2023";"09:38:00";"31";"Acidente c";"114";"BR-393/RJ";"Decrescente";"Saídas de pista";1;0;0;0;0;0;0;0;0;0;0;4;0;0;0
"27/07/2023";"06:48:00";"12";"Acidente c";"204.9";"BR-393/RJ";"Crescente";"Colisão com veículos (frontal)";1;0;1;0;0;0;0;0;0;0;0;1;0;0;1
"27/07/2023";"09:33:00";"26";"Acidente s";"252.3";"BR-393/RJ";"Decrescente";"Colisão c/ obstáculos";1;0;0;0;0;0;0;0;0;0;1;0;0;0;0
"27/07/2023";"07:20:00";"63";"Acidente s";"3.25";"Alça Sul";"Crescente";"Colisão com veículos (frontal)";2;0;0;0;0;0;0;0;0;0;2;0;0;0;0
"28/07/2023";"11:02:00";"38";"Acidente c";"195.9";"BR-393/RJ";"Crescente";"Colisão lateral no sentido contrário";0;0;2;0;0;0;0;0;0;0;0;0;1;1;0
"29/07/2023";"12:08:00";"1";"Acidente s";"169";"BR-393/RJ";"Crescente";"Saídas de pista";1;0;0;0;0;0;0;0;0;0;4;0;0;0;0
"29/07/2023";"01:50:00";"3";"Acidente c";"249";"BR-393/RJ";"Crescente";"Capotamento";1;0;0;0;0;0;0;0;0;0;0;0;1;0;0
"29/07/2023";"11:35:00";"23";"Acidente c";"163.599";"BR-393/RJ";"Crescente";"Acidentes de outra natureza";0;0;0;1;0;0;0;0;0;0;0;0;1;0;0
"29/07/2023";"01:32:00";"31";"Acidente s";"257.8";"BR-393/RJ";"Decrescente";"Colisão lateral no mesmo sentido";2;0;0;0;0;0;0;0;0;0;2;0;0;0;0
"30/07/2023";"12:00:00";"23";"Acidente c";"242.4";"BR-393/RJ";"Crescente";"Colisão c/ obstáculos";1;0;0;0;0;0;0;0;0;0;0;1;0;0;0
"31/07/2023";"08:58:00";"16";"Acidente c";"279.199";"BR-393/RJ";"Decrescente";"Acidentes de outra natureza";1;0;0;1;0;0;0;0;0;0;1;0;1;0;0
"01/08/2023";"06:20:00";"60";"Acidente c";"180";"BR-393/RJ";"Crescente";"Colisão com veículos (frontal)";0;1;0;1;0;0;0;0;0;0;0;0;2;0;0
"02/08/2023";"07:09:00";"53";"Acidente s";"285";"BR-393/RJ";"Decrescente";"Colisão com veículos (traseira)";2;0;0;0;0;0;0;0;0;0;2;0;0;0;0
"02/08/2023";"08:03:00";"58";"Acidente s";"173.099";"BR-393/RJ";"Crescente";"Atropelamento de animais";0;0;1;0;0;0;0;0;0;0;1;0;0;0;0
"03/08/2023";"12:54:00";"2";"Acidente c";"144.4";"BR-393/RJ";"Decrescente";"Colisão com veículos (frontal)";1;0;1;0;0;0;0;0;0;0;1;0;1;1;0
"03/08/2023";"06:08:00";"21";"Acidente s";"101.9";"BR-393/RJ";"Decrescente";"Colisão c/ obstáculos";0;0;0;0;0;0;0;0;0;1;0;1;0;0;0
"03/08/2023";"08:17:00";"33";"Acidente s";"278";"BR-393/RJ";"Decrescente";"Colisão lateral no mesmo sentido";1;0;1;0;0;0;0;0;0;0;2;0;0;0;0
"03/08/2023";"05:01:00";"65";"Atropelame";"280";"BR-393/RJ";"Crescente";"Atropelamento de pedestre";1;0;0;0;0;0;0;0;0;0;1;0;1;0;0
"04/08/2023";"07:02:00";"14";"Acidente s";"282.1";"BR-393/RJ";"Decrescente";"Acidentes de outra natureza";1;0;0;1;0;0;0;0;0;0;2;0;0;0;0
"04/08/2023";"07:41:00";"61";"Acidente s";"282";"BR-393/RJ";"Crescente";"Engavetamento";2;0;1;0;0;0;0;0;0;0;4;0;0;0;0
"04/08/2023";"08:57:00";"65";"Acidente s";"157.3";"BR-393/RJ";"Decrescente";"Colisão lateral no mesmo sentido";1;0;1;0;0;0;0;0;0;0;5;0;0;0;0
"05/08/2023";"07:51:00";"18";"Acidente s";"165.9";"BR-393/RJ";"Crescente";"Colisão lateral no mesmo sentido";1;0;0;1;0;0;0;0;0;0;2;0;0;0;0