data;horario;n_da_ocorrencia;tipo_de_ocorrencia;km;trecho;sentido;tipo_de_acidente;automovel;bicicleta;caminhao;moto;onibus;outros;tracao_animal;transporte_de_cargas_especiais;trator_maquinas;utilitarios;ilesos;levemente_feridos;moderadamente_feridos;gravemente_feridos;mortos
"05/08/2023";"10:50:00";"25";"Acidente c";"104.599";"BR-393/RJ";"Decrescente";"Colisão com veículos (traseira)";3;0;0;0;0;0;0;0;0;0;3;0;1;0;0
"07/08/2023";"10:56:00";"27";"Acidente s";"108.9";"BR-393/RJ";"Decrescente";"Colisão lateral no mesmo sentido";0;0;1;0;0;0;0;0;0;1;3;0;0;0;0
"07/08/2023";"04:33:00";"42";"Acidente s";"261.6";"BR-393/RJ";"Crescente";"Colisão lateral no sentido contrário";1;0;1;0;0;0;0;0;0;0;2;0;0;0;0
"07/08/2023";"08:24:00";"48";"Acidente c";"193";"BR-393/RJ";"Crescente";"Acidentes de outra natureza";0;0;0;1;0;0;0;0;0;0;0;0;1;0;0
"09/08/2023";"07:15:00";"15";"Acidente c";"263.899";"BR-393/RJ";"Decrescente";"Colisão lateral no sentido contrário";1;0;1;0;0;0;0;0;0;0;3;0;1;0;0
"09/08/2023";"07:37:00";"55";"Acidente c";"283.399";"BR-393/RJ";"Crescente";"Colisão com veículos (traseira)";2;0;0;0;0;0;0;0;0;0;2;1;0;0;0
"10/08/2023";"04:57:00";"16";"Acidente c";"172.3";"BR-393/RJ";"Decrescente";"Capotamento";1;0;0;0;0;0;0;0;0;0;0;2;0;0;0
"11/08/2023";"06:53:00";"16";"Acidente c";"131";"BR-393/RJ";"Decrescente";"Tombamento";0;0;1;0;0;0;0;0;0;0;0;1;0;0;0
"12/08/2023";"01:54:00";"40";"Acidente c";"128.5";"BR-393/RJ";"Crescente";"Colisão lateral no sentido contrário";1;0;1;0;0;0;0;0;0;0;0;1;1;0;0
"13/08/2023";"04:41:00";"17";"Acidente c";"160.5";"BR-393/RJ";"Crescente";"Colisão c/ obstáculos";1;0;0;0;0;0;0;0;0;0;0;1;0;0;0
"13/08/2023";"06:33:00";"18";"Acidente c";"104.5";"BR-393/RJ";"Crescente";"Colisão c/ obstáculos";1;0;0;0;0;0;0;0;0;0;0;1;0;0;0
"13/08/2023";"11:29:00";"28";"Acidente c";"107.95";"BR-393/RJ";"Crescente";"Acidentes de outra natureza";1;0;0;1;0;0;0;0;0;0;0;2;0;0;0
"13/08/2023";"07:05:00";"45";"Acidente c";"112.5";"BR-393/RJ";"Decrescente";"Atropelamento de animais";0;0;1;0;0;0;0;0;0;0;0;0;1;0;0
"14/08/2023";"07:33:00";"18";"Acidente s";"257.8";"BR-393/RJ";"Decrescente";"Colisão c/ obstáculos";1;0;0;0;0;0;0;0;0;0;2;0;0;0;0
"14/08/2023";"11:20:00";"32";"Acidente c";"161.9";"BR-393/RJ";"Decrescente";"Tombamento";0;0;1;0;0;0;0;0;0;0;0;0;1;0;0
"14/08/2023";"11:37:00";"33";"Acidente c";"177.8";"BR-393/RJ";"Crescente";"Acidentes de outra natureza";0;0;0;1;0;0;0;0;0;0;0;1;0;0;0
"14/08/2023";"06:27:00";"52";"Acidente s";"217.3";"BR-393/RJ";"Crescente";"Saídas de pista";0;0;1;0;0;0;0;0;0;0;1;0;0;0;0
"18/08/2023";"10:39:00";"27";"Acidente s";"280";"BR-393/RJ";"Decrescente";"Colisão com veículos (traseira)";2;0;0;0;0;0;0;0;0;0;3;0;0;0;0
"18/08/2023";"11:24:00";"32";"Acidente c";"284.199";"BR-393/RJ";"Decrescente";"Colisão com veículos (traseira)";2;0;0;0;0;0;0;0;0;0;1;1;0;0;0
"18/08/2023";"07:11:00";"61";"Acidente s";"117";"BR-393/RJ";"Decrescente";"Colisão c/ obstáculos";1;0;0;0;0;0;0;0;0;0;3;0;0;0;0
"19/08/2023";"08:26:00";"14";"Acidente c";"284.5";"BR-393/RJ";"Crescente";"Colisão com veículos (traseira)";1;0;0;1;0;0;0;0;0;0;2;0;1;0;0
"19/08/2023";"01:34:00";"30";"Acidente c";"176.199";"BR-393/RJ";"Decrescente";"Colisão com veículos (traseira)";1;0;1;0;0;0;0;0;0;0;0;2;1;0;0
"19/08/2023";"09:31:00";"51";"Acidente c";"134.599";"BR-393/RJ";"Crescente";"Capotamento";1;0;0;0;0;0;0;0;0;0;0;0;0;1;0
"20/08/2023";"01:31:00";"24";"Acidente s";"242.3";"BR-393/RJ";"Crescente";"Saídas de pista";1;0;0;0;0;0;0;0;0;0;7;0;0;0;0
"20/08/2023";"03:40:00";"35";"Acidente c";"220.699";"BR-393/RJ";"Decrescente";"Saídas de pista";1;0;0;0;0;0;0;0;0;0;0;0;1;0;0
"20/08/2023";"04:46:00";"38";"Acidente c";"174";"BR-393/RJ";"Crescente";"Saídas de pista";1;0;0;0;0;0;0;0;0;0;0;1;2;0;0
"20/08/2023";"07:24:00";"47";"Acidente s";"239";"BR-393/RJ";"Decrescente";"Saídas de pista";1;0;0;0;0;0;0;0;0;0;2;0;0;0;0
"20/08/2023";"11:07:00";"56";"Acidente c";"263.3";"BR-393/RJ";"Crescente";"Tombamento";0;0;1;0;0;0;0;0;0;0;0;1;0;0;0
"21/08/2023";"01:27:00";"1";"Acidente s";"122";"BR-393/RJ";"Crescente";"Saídas de pista";1;0;0;0;0;0;0;0;0;0;2;0;0;0;0
"21/08/2023";"06:52:00";"18";"Acidente c";"248.4";"BR-393/RJ";"Crescente";"Atropelamento de pedestre";1;0;0;0;0;0;0;0;0;0;0;0;2;0;1
"21/08/2023";"01:23:00";"36";"Acidente s";"175.699";"BR-393/RJ";"Crescente";"Colisão com veículos (traseira)";1;0;0;0;1;0;0;0;0;0;37;1;0;0;0
"22/08/2023";"04:42:00";"12";"Acidente s";"169.099";"BR-393/RJ";"Crescente";"Atropelamento de animais";0;0;1;0;0;0;0;0;0;0;1;0;0;0;0
"22/08/2023";"08:24:00";"55";"Acidente c";"286";"BR-393/RJ";"Crescente";"Colisão com veículos (traseira)";1;0;0;1;0;0;0;0;0;0;1;1;0;0;0
"23/08/2023";"07:23:00";"57";"Acidente s";"170.9";"BR-393/RJ";"Decrescente";"Saídas de pista";1;0;0;0;0;0;0;0;0;0;1;0;0;0;0
"24/08/2023";"05:17:00";"45";"Acidente c";"238";"BR-393/RJ";"Crescente";"Acidentes de outra natureza";1;0;0;1;0;0;0;0;0;0;1;1;0;0;0
"24/08/2023";"07:08:00";"52";"Atropelame";"283";"BR-393/RJ";"Decrescente";"Atropelamento de pedestre";1;0;0;0;0;0;0;0;0;0;2;0;0;0;0
"25/08/2023";"03:41:00";"3";"Acidente c";"178";"BR-393/RJ";"Crescente";"Acidentes de outra natureza";0;0;0;1;0;0;0;0;0;0;0;1;0;0;0
"25/08/2023";"11:02:00";"36";"Acidente s";"178";"BR-393/RJ";"Decrescente";"Engavetamento";3;0;0;0;0;0;0;0;0;0;3;0;0;0;0
"26/08/2023";"12:32:00";"2";"Acidente c";"240";"BR-393/RJ";"Crescente";"Colisão lateral no mesmo sentido";1;0;1;0;0;0;0;0;0;0;1;2;0;0;0
"26/08/2023";"09:48:00";"24";"Acidente c";"258";"BR-393/RJ";"Crescente";"Colisão c/ obstáculos";1;0;0;0;0;0;0;0;0;0;1;1;0;0;0
"26/08/2023";"12:21:00";"29";"Acidente c";"3.05";"Alça Sul";"Crescente";"Colisão lateral no mesmo sentido";1;0;0;1;0;0;0;0;0;0;1;1;1;0;0
"26/08/2023";"03:34:00";"35";"Acidente c";"175.9";"BR-393/RJ";"Decrescente";"Colisão c/ obstáculos";1;0;0;0;0;0;0;0;0;0;0;1;0;0;0
"27/08/2023";"03:21:00";"3";"Acidente c";"284.8";"BR-393/RJ";"Crescente";"Colisão com veículos (frontal)";3;0;0;0;0;0;0;0;0;0;2;0;1;0;0
"27/08/2023";"02:22:00";"31";"Acidente s";"172";"BR-393/RJ";"Crescente";"Saídas de pista";1;0;0;0;0;0;0;0;0;0;0;2;0;0;0
"27/08/2023";"10:50:00";"57";"Acidente s";"285";"BR-393/RJ";"Decrescente";"Saídas de pista";1;0;0;0;0;0;0;0;0;0;1;0;0;0;0
"28/08/2023";"06:48:00";"16";"Acidente s";"172";"BR-393/RJ";"Decrescente";"Capotamento";1;0;0;0;0;0;0;0;0;0;0;2;0;0;0
"28/08/2023";"10:34:00";"27";"Acidente s";"123";"BR-393/RJ";"Decrescente";"Colisão c/ obstáculos";1;0;0;0;0;0;0;0;0;0;3;2;0;0;0
"28/08/2023";"02:34:00";"35";"Acidente c";"229";"BR-393/RJ";"Decrescente";"Saídas de pista";0;0;1;0;0;0;0;0;0;0;0;0;1;0;0
"29/08/2023";"06:15:00";"63";"Acidente s";"284";"BR-393/RJ";"Crescente";"Colisão com veículos (traseira)";2;0;0;0;0;0;0;0;0;0;3;0;0;0;0
"29/08/2023";"08:49:00";"70";"Acidente c";"147.699";"BR-393/RJ";"Crescente";"Atropelamento de pedestre";1;0;2;0;0;0;0;0;0;0;3;0;0;0;2
"30/08/2023";"05:49:00";"12";"Acidente s";"229.599";"BR-393/RJ";"Crescente";"Colisão c/ obstáculos";0;0;1;0;0;0;0;0;0;0;0;1;0;0;0
"30/08/2023";"09:49:00";"27";"Acidente c";"102.9";"BR-393/RJ";"Decrescente";"Acidentes de outra natureza";1;0;0;1;0;0;0;0;0;0;1;0;1;1;0
"30/08/2023";"02:40:00";"41";"Acidente c";"274.8";"BR-393/RJ";"Decrescente";"Engavetamento";2;0;1;0;0;0;0;0;0;0;2;0;3;0;0
"31/08/2023";"06:33:00";"69";"Acidente c";"286";"BR-393/RJ";"Decrescente";"Colisão lateral no mesmo sentido";1;0;0;1;0;0;0;0;0;0;2;1;0;0;0
"01/09/2023";"12:42:00";"2";"Acidente s";"236";"BR-393/RJ";"Decrescente";"Acidentes de outra natureza";0;0;0;1;0;0;0;0;0;0;1;0;0;0;0
"01/09/2023";"08:13:00";"71";"Acidente s";"279.8";"BR-393/RJ";"Crescente";"Acidentes de outra natureza";1;0;0;0;0;0;0;0;0;1;4;0;0;0;0
"02/09/2023";"02:26:00";"16";"Acidente s";"181";"BR-393/RJ";"Decrescente";"Colisão c/ obstáculos";1;0;0;0;0;0;0;0;0;0;3;0;0;0;0
"02/09/2023";"10:35:00";"33";"Acidente s";"281.3";"BR-393/RJ";"Crescente";"Colisão com veículos (traseira)";1;0;1;0;0;0;0;0;0;0;3;0;0;0;0
"03/09/2023";"03:05:00";"34";"Acidente s";"183";"BR-393/RJ";"Decrescente";"Colisão com veículos (traseira)";2;0;0;0;0;0;0;0;0;0;0;2;3;0;0
"03/09/2023";"03:23:00";"35";"Acidente c";"250";"BR-393/RJ";"Decrescente";"Acidentes de outra natureza";2;0;0;0;0;0;0;0;0;0;1;0;1;0;0
"03/09/2023";"09:33:00";"58";"Acidente s";"246";"BR-393/RJ";"Decrescente";"Colisão c/ obstáculos";1;0;0;0;0;0;0;0;0;0;1;0;0;0;0
"04/09/2023";"07:49:00";"23";"Acidente s";"282";"BR-393/RJ";"Crescente";"Colisão com veículos (traseira)";1;0;1;0;0;0;0;0;0;0;2;0;0;0;0
"05/09/2023";"03:44:00";"14";"Acidente s";"247.599";"BR-393/RJ";"Decrescente";"Atropelamento de animais";1;0;1;0;0;0;0;0;0;0;6;0;0;0;0
"05/09/2023";"04:16:00";"49";"Acidente s";"283";"BR-393/RJ";"Crescente";"Colisão com veículos (traseira)";1;0;0;1;0;0;0;0;0;0;2;1;0;0;0
"06/09/2023";"09:42:00";"31";"Acidente s";"283.699";"BR-393/RJ";"Crescente";"Colisão com veículos (traseira)";2;0;0;0;0;0;0;0;0;0;3;0;0;0;0
"06/09/2023";"10:25:00";"34";"Acidente s";"167.5";"BR-393/RJ";"Decrescente";"Colisão com veículos (traseira)";2;0;0;0;0;0;0;0;0;0;5;0;0;0;0
"06/09/2023";"11:13:00";"37";"Acidente s";"102.8";"BR-393/RJ";"Decrescente";"Engavetamento";3;0;0;0;0;0;0;0;0;0;4;0;0;0;0
"08/09/2023";"07:14:00";"11";"Acidente s";"234.699";"BR-393/RJ";"Crescente";"Saídas de pista";0;0;1;0;0;0;0;0;0;0;0;0;1;0;0
"08/09/2023";"10:54:00";"24";"Acidente c";"146.4";"BR-393/RJ";"Decrescente";"Tombamento";0;0;1;0;0;0;0;0;0;0;0;1;0;0;0
"08/09/2023";"11:40:00";"27";"Acidente s";"102";"BR-393/RJ";"Decrescente";"Colisão com veículos (traseira)";2;0;0;0;0;0;0;0;0;0;2;0;0;0;0
"09/09/2023";"06:08:00";"14";"Acidente c";"154.3";"BR-393/RJ";"Crescente";"Capotamento";1;0;0;0;0;0;0;0;0;0;0;0;1;0;0
"09/09/2023";"06:11:00";"58";"Acidente c";"268";"BR-393/RJ";"Crescente";"Acidentes de outra natureza";0;0;0;1;0;0;0;0;0;0;0;0;1;0;0
"10/09/2023";"09:38:00";"20";"Acidente c";"236.7";"BR-393/RJ";"Crescente";"Acidentes de outra natureza";1;0;0;1;0;0;0;0;0;0;1;0;0;1;0
"10/09/2023";"11:11:00";"27";"Acidente s";"286.3";"BR-393/RJ";"Crescente";"Engavetamento";3;0;0;0;0;0;0;0;0;0;7;0;0;0;0
"10/09/2023";"01:33:00";"36";"Acidente s";"236.5";"BR-393/RJ";"Decrescente";"Colisão lateral no sentido contrário";2;0;0;0;0;0;0;0;0;0;3;0;0;0;0
"10/09/2023";"03:23:00";"39";"Acidente s";"195";"BR-393/RJ";"Crescente";"Colisão com veículos (traseira)";1;0;1;0;0;0;0;0;0;0;6;0;0;0;0
"10/09/2023";"07:10:00";"60";"Acidente s";"123";"BR-393/RJ";"Decrescente";"Saídas de pista";1;0;0;0;0;0;0;0;0;0;2;0;0;0;0
"10/09/2023";"09:54:00";"66";"Acidente s";"253";"BR-393/RJ";"Crescente";"Colisão lateral no mesmo sentido";1;0;1;0;0;0;0;0;0;0;2;0;0;0;0
"11/09/2023";"07:47:00";"26";"Acidente c";"280.7";"BR-393/RJ";"Crescente";"Colisão lateral no mesmo sentido";2;0;0;0;0;0;0;0;0;0;2;1;0;0;0
"12/09/2023";"07:43:00";"59";"Acidente c";"3";"Alça Sul";"Crescente";"Acidentes de outra natureza";1;0;0;1;0;0;0;0;0;0;1;0;1;0;0
"13/09/2023";"04:45:00";"14";"Acidente c";"177.8";"BR-393/RJ";"Crescente";"Colisão com veículos (traseira)";0;0;2;0;0;0;0;0;0;0;1;0;1;0;0
"13/09/2023";"09:08:00";"26";"Acidente s";"238.9";"BR-393/RJ";"Crescente";"Colisão lateral no mesmo sentido";0;0;2;0;0;0;0;0;0;0;2;0;0;0;0
"13/09/2023";"07:11:00";"72";"Acidente c";"181";"BR-393/RJ";"Crescente";"Acidentes de outra natureza";0;0;0;1;0;0;0;0;0;0;0;0;1;0;0
"14/09/2023";"02:22:00";"49";"Acidente c";"286.3";"BR-393/RJ";"Crescente";"Colisão lateral no mesmo sentido";1;0;0;1;0;0;0;0;0;0;1;1;0;0;0
"14/09/2023";"05:16:00";"55";"Acidente s";"139";"BR-393/RJ";"Crescente";"Colisão c/ obstáculos";0;0;1;0;0;0;0;0;0;0;1;0;0;0;0
"14/09/2023";"07:03:00";"62";"Acidente c";"106.099";"BR-393/RJ";"Decrescente";"Acidentes de outra natureza";1;0;0;1;0;0;0;0;0;0;1;0;1;0;0
"15/09/2023";"06:22:00";"14";"Acidente c";"256.4";"BR-393/RJ";"Crescente";"Capotamento";1;0;0;0;0;0;0;0;0;0;0;0;0;1;0
"15/09/2023";"02:09:00";"50";"Acidente c";"139.5";"BR-393/RJ";"Crescente";"Capotamento";1;0;0;0;0;0;0;0;0;0;0;1;0;0;0
"15/09/2023";"07:30:00";"71";"Acidente c";"103";"BR-393/RJ";"Crescente";"Atropelamento de pedestre";1;0;0;0;0;0;0;0;0;0;2;0;1;0;0
"15/09/2023";"08:22:00";"74";"Acidente s";"160";"BR-393/RJ";"Decrescente";"Colisão c/ obstáculos";1;0;0;0;0;0;0;0;0;0;3;0;0;0;0
"16/09/2023";"01:08:00";"41";"Acidente s";"117.8";"BR-393/RJ";"Crescente";"Acidentes de outra natureza";2;0;0;0;0;0;0;0;0;0;2;0;0;0;0
"17/09/2023";"09:24:00";"22";"Acidente c";"175.417";"BR-393/RJ";"Decrescente";"Colisão com veículos (traseira)";1;0;0;1;0;0;0;0;0;0;0;2;0;0;0
"17/09/2023";"09:02:00";"56";"Acidente c";"222";"BR-393/RJ";"Crescente";"Acidentes de outra natureza";0;0;0;1;0;0;0;0;0;0;0;0;1;0;0
"18/09/2023";"11:40:00";"73";"Acidente s";"175";"BR-393/RJ";"Crescente";"Saídas de pista";1;0;0;0;0;0;0;0;0;0;1;0;0;0;0
"19/09/2023";"05:31:00";"64";"Acidente c";"175.6";"BR-393/RJ";"Crescente";"Acidentes de outra natureza";0;0;0;1;0;0;0;0;0;0;0;0;1;0;0
"21/09/2023";"07:48:00";"71";"Acidente s";"281";"BR-393/RJ";"Crescente";"Colisão lateral no mesmo sentido";2;0;0;0;0;0;0;0;0;0;3;1;0;0;0
"21/09/2023";"08:08:00";"73";"Acidente c";"181";"BR-393/RJ";"Crescente";"Acidentes de outra natureza";0;0;0;1;0;0;0;0;0;0;0;0;1;0;0
"23/09/2023";"11:11:00";"37";"Acidente c";"174.2";"BR-393/RJ";"Crescente";"Colisão c/ obstáculos";1;1;0;0;0;0;0;0;0;0;3;1;0;0;0
"23/09/2023";"10:41:00";"68";"Acidente s";"279.6";"BR-393/RJ";"Crescente";"Colisão lateral no mesmo sentido";2;0;1;0;0;0;0;0;0;0;3;0;0;0;0
"25/09/2023";"10:37:00";"79";"Acidente c";"224";"BR-393/RJ";"Decrescente";"Acidentes de outra natureza";0;0;0;1;0;0;0;0;0;0;0;0;1;0;0
"26/09/2023";"02:27:00";"45";"Acidente c";"268.8";"BR-393/RJ";"Crescente";"Acidentes de outra natureza";1;0;1;0;0;0;0;0;0;0;1;0;0;1;0
"26/09/2023";"11:03:00";"64";"Acidente c";"281.3";"BR-393/RJ";"Crescente";"Colisão com veículos (traseira)";1;0;1;0;0;0;0;0;0;0;2;2;0;0;0
"27/09/2023";"09:06:00";"20";"Acidente c";"281.5";"BR-393/RJ";"Crescente";"Engavetamento";3;0;0;0;0;0;0;0;0;0;3;2;0;0;0
"27/09/2023";"03:19:00";"49";"Acidente c";"211.8";"BR-393/RJ";"Decrescente";"Colisão lateral no sentido contrário";1;0;1;0;0;0;0;0;0;0;0;1;1;0;0
"28/09/2023";"04:22:00";"14";"Acidente c";"192.3";"BR-393/RJ";"Crescente";"Tombamento";0;0;1;0;0;0;0;0;0;0;0;0;1;0;0
"28/09/2023";"09:01:00";"24";"Acidente s";"258";"BR-393/RJ";"Crescente";"Colisão c/ obstáculos";1;0;0;0;0;0;0;0;0;0;1;0;0;0;0
"28/09/2023";"10:27:00";"32";"Acidente s";"191";"BR-393/RJ";"Crescente";"Colisão lateral no mesmo sentido";1;0;1;0;0;0;0;0;0;0;2;0;0;0;0
"28/09/2023";"04:50:00";"59";"Acidente s";"169";"BR-393/RJ";"Crescente";"Colisão lateral no mesmo sentido";1;0;1;0;0;0;0;0;0;0;2;1;0;0;0
"29/09/2023";"07:08:00";"20";"Acidente c";"124.4";"BR-393/RJ";"Decrescente";"Tombamento";0;0;1;0;0;0;0;0;0;0;0;0;1;0;0
"29/09/2023";"07:23:00";"21";"Acidente c";"262.9";"BR-393/RJ";"Crescente";"Colisão c/ obstáculos";0;0;1;0;0;0;0;0;0;0;0;0;1;0;0
"29/09/2023";"05:50:00";"49";"Acidente s";"215.2";"BR-393/RJ";"Crescente";"Acidentes de outra natureza";0;0;0;1;0;0;0;0;0;0;2;0;0;0;0
"30/09/2023";"11:51:00";"38";"Acidente s";"279.8";"BR-393/RJ";"Crescente";"Colisão com veículos (traseira)";1;0;1;0;0;0;0;0;0;0;4;0;0;0;0
"30/09/2023";"08:06:00";"74";"Acidente c";"192";"BR-393/RJ";"Crescente";"Saídas de pista";1;0;0;0;0;0;0;0;0;0;0;0;1;0;0
"01/10/2023";"06:22:00";"13";"Acidente s";"257.6";"BR-393/RJ";"Decrescente";"Saídas de pista";1;0;0;0;0;0;0;0;0;0;0;1;0;0;0
"01/10/2023";"08:12:00";"17";"Acidente s";"285";"BR-393/RJ";"Decrescente";"Acidentes de outra natureza";2;0;0;0;0;0;0;0;0;0;2;0;0;0;0
"01/10/2023";"04:27:00";"35";"Acidente c";"282.8";"BR-393/RJ";"Crescente";"Colisão c/ obstáculos";1;0;0;0;0;0;0;0;0;0;0;1;0;0;0
"01/10/2023";"06:17:00";"42";"Acidente c";"137";"BR-393/RJ";"Crescente";"Colisão c/ obstáculos";1;0;0;0;0;0;0;0;0;0;0;1;0;0;0
"02/10/2023";"09:30:00";"27";"Acidente c";"142";"BR-393/RJ";"Decrescente";"Atropelamento de pedestre";0;0;1;0;0;0;0;0;0;0;1;1;0;0;0
"02/10/2023";"02:04:00";"44";"Acidente c";"101.9";"BR-393/RJ";"Crescente";"Colisão com veículos (frontal)";2;0;1;0;0;0;0;0;0;0;3;0;0;0;1
"04/10/2023";"03:32:00";"17";"Acidente s";"277.699";"BR-393/RJ";"Crescente";"Atropelamento de animais";0;0;1;0;0;0;0;0;0;0;1;0;0;0;0
"04/10/2023";"07:36:00";"27";"Acidente s";"175.699";"BR-393/RJ";"Crescente";"Engavetamento";1;0;1;0;0;0;0;0;0;1;4;0;0;0;0
"04/10/2023";"01:40:00";"56";"Acidente c";"235";"BR-393/RJ";"Decrescente";"Acidentes de outra natureza";1;0;0;1;0;0;0;0;0;0;0;0;2;0;0
"04/10/2023";"03:49:00";"64";"Acidente s";"175.699";"BR-393/RJ";"Decrescente";"Colisão lateral no mesmo sentido";0;0;1;1;0;0;0;0;0;0;2;0;0;0;0
"04/10/2023";"11:05:00";"86";"Acidente s";"169.3";"BR-393/RJ";"Crescente";"Atropelamento de animais";0;0;1;0;0;0;0;0;0;0;2;0;0;0;0
"05/10/2023";"09:41:00";"26";"Acidente c";"262.899";"BR-393/RJ";"Decrescente";"Capotamento";1;0;0;0;0;0;0;0;0;0;0;1;0;0;0
"05/10/2023";"06:13:00";"53";"Acidente c";"176";"BR-393/RJ";"Crescente";"Atropelamento de pedestre";1;0;0;0;0;0;0;0;0;0;0;0;1;1;0
"05/10/2023";"08:14:00";"58";"Acidente c";"274.199";"BR-393/RJ";"Decrescente";"Colisão c/ obstáculos";1;0;0;0;0;0;0;0;0;0;0;1;0;0;0
"06/10/2023";"03:35:00";"61";"Acidente c";"200";"BR-393/RJ";"Decrescente";"Acidentes de outra natureza";0;0;0;1;0;0;0;0;0;0;0;0;2;0;0
"06/10/2023";"05:36:00";"72";"Acidente s";"286";"BR-393/RJ";"Crescente";"Engavetamento";3;0;0;0;0;0;0;0;0;0;4;0;0;0;0
"07/10/2023";"04:03:00";"58";"Acidente c";"281";"BR-393/RJ";"Crescente";"Colisão lateral no mesmo sentido";1;0;0;1;0;0;0;0;0;0;3;0;1;0;0
"07/10/2023";"05:03:00";"64";"Acidente s";"168";"BR-393/RJ";"Decrescente";"Colisão c/ obstáculos";1;0;0;0;0;0;0;0;0;0;1;0;0;0;0
"07/10/2023";"05:22:00";"65";"Acidente s";"162";"BR-393/RJ";"Decrescente";"Saídas de pista";1;0;0;0;0;0;0;0;0;0;1;0;0;0;0
"08/10/2023";"02:39:00";"42";"Acidente c";"262.6";"BR-393/RJ";"Decrescente";"Tombamento";0;0;1;0;0;0;0;0;0;0;0;0;1;0;0
"08/10/2023";"07:43:00";"61";"Acidente c";"235.699";"BR-393/RJ";"Crescente";"Colisão com veículos (frontal)";1;0;0;1;0;0;0;0;0;0;0;2;0;0;0
"08/10/2023";"07:58:00";"62";"Acidente c";"110";"BR-393/RJ";"Decrescente";"Acidentes de outra natureza";0;1;1;0;0;0;0;0;0;0;1;0;1;0;0
"10/10/2023";"01:27:00";"53";"Acidente s";"285.6";"BR-393/RJ";"Crescente";"Engavetamento";3;0;0;0;0;0;0;0;0;0;3;0;0;0;0
"11/10/2023";"01:21:00";"1";"Acidente s";"139";"BR-393/RJ";"Decrescente";"Colisão com veículos (traseira)";1;0;0;0;0;0;0;0;0;1;2;0;0;0;0
"11/10/2023";"05:18:00";"42";"Acidente s";"179.8";"BR-393/RJ";"Decrescente";"Saídas de pista";1;0;0;0;0;0;0;0;0;0;1;0;0;0;0
"12/10/2023";"02:41:00";"13";"Acidente s";"182.2";"BR-393/RJ";"Decrescente";"Colisão lateral no mesmo sentido";1;0;1;0;0;0;0;0;0;0;2;0;0;0;0
"12/10/2023";"08:55:00";"57";"Acidente c";"156";"BR-393/RJ";"Crescente";"Acidentes de outra natureza";1;0;0;0;0;0;0;0;0;0;0;1;0;0;0
"12/10/2023";"09:34:00";"60";"Acidente c";"216";"BR-393/RJ";"Crescente";"Colisão c/ obstáculos";0;0;1;0;0;0;0;0;0;0;0;0;1;0;0
"13/10/2023";"12:52:00";"4";"Acidente s";"247";"BR-393/RJ";"Decrescente";"Atropelamento de animais";0;0;1;0;0;0;0;0;0;0;1;0;0;0;0
"13/10/2023";"10:00:00";"36";"Acidente c";"175.599";"BR-393/RJ";"Decrescente";"Colisão lateral no mesmo sentido";1;0;0;1;0;0;0;0;0;0;0;1;1;0;0
"13/10/2023";"01:47:00";"46";"Acidente c";"177.699";"BR-393/RJ";"Decrescente";"Colisão com veículos (traseira)";2;0;0;0;0;0;0;0;0;0;2;1;0;0;0
"14/10/2023";"06:26:00";"44";"Acidente c";"169.699";"BR-393/RJ";"Crescente";"Acidentes de outra natureza";0;0;0;1;0;0;0;0;0;0;0;0;1;0;0
"15/10/2023";"06:12:00";"12";"Acidente s";"244.199";"BR-393/RJ";"Decrescente";"Capotamento";1;0;0;0;0;0;0;0;0;0;0;2;0;0;0
"16/10/2023";"12:30:00";"46";"Acidente s";"280.899";"BR-393/RJ";"Crescente";"Engavetamento";1;0;2;0;0;0;0;0;0;0;3;0;0;0;0
"16/10/2023";"02:00:00";"47";"Acidente c";"284.199";"BR-393/RJ";"Decrescente";"Engavetamento";3;0;2;0;0;0;0;0;0;0;10;1;0;0;0
"16/10/2023";"03:29:00";"53";"Acidente s";"284.8";"BR-393/RJ";"Decrescente";"Colisão com veículos (traseira)";2;0;0;0;0;0;0;0;0;0;2;0;0;0;0
"17/10/2023";"01:31:00";"45";"Acidente c";"102.799";"BR-393/RJ";"Crescente";"Acidentes de outra natureza";0;0;0;1;0;0;0;0;0;1;1;0;1;0;0
"17/10/2023";"06:21:00";"59";"Acidente s";"218.599";"BR-393/RJ";"Decrescente";"Colisão lateral no sentido contrário";1;0;1;0;0;0;0;0;0;0;2;0;0;0;0