data;horario;n_da_ocorrencia;tipo_de_ocorrencia;km;trecho;sentido;tipo_de_acidente;automovel;bicicleta;caminhao;moto;onibus;outros;tracao_animal;transporte_de_cargas_especiais;trator_maquinas;utilitarios;ilesos;levemente_feridos;moderadamente_feridos;gravemente_feridos;mortos
"18/10/2023";"07:33:00";"21";"Acidente c";"185.9";"BR-393/RJ";"Crescente";"Colisão lateral no sentido contrário";0;0;3;0;0;0;0;0;0;0;0;2;1;0;0
"18/10/2023";"01:13:00";"40";"Acidente c";"102";"BR-393/RJ";"Decrescente";"Acidentes de outra natureza";1;0;0;1;0;0;0;0;0;0;1;1;1;0;0
"18/10/2023";"11:04:00";"73";"Acidente c";"151.8";"BR-393/RJ";"Crescente";"Tombamento";0;0;1;0;0;0;0;0;0;0;0;0;1;0;0
"19/10/2023";"11:15:00";"42";"Acidente c";"118";"BR-393/RJ";"Decrescente";"Engavetamento";0;0;2;0;0;0;0;0;0;1;5;3;1;1;0
"19/10/2023";"09:35:00";"68";"Acidente s";"262.1";"BR-393/RJ";"Decrescente";"Saídas de pista";0;0;1;0;0;0;0;0;0;0;1;0;0;0;0
"20/10/2023";"05:27:00";"15";"Acidente s";"131.3";"BR-393/RJ";"Decrescente";"Tombamento";0;0;1;0;1;0;0;0;0;0;2;1;0;0;0
"20/10/2023";"11:52:00";"41";"Acidente s";"168.9";"BR-393/RJ";"Crescente";"Acidentes de outra natureza";1;1;0;0;0;0;0;0;0;0;3;0;0;0;0
"21/10/2023";"05:38:00";"15";"Acidente c";"172.5";"BR-393/RJ";"Decrescente";"Colisão c/ obstáculos";1;0;0;0;0;0;0;0;0;0;0;0;1;0;0
"21/10/2023";"06:37:00";"50";"Acidente c";"182";"BR-393/RJ";"Crescente";"Colisão com veículos (frontal)";0;0;0;2;0;0;0;0;0;0;1;1;0;0;0
"21/10/2023";"10:42:00";"58";"Acidente c";"281.5";"BR-393/RJ";"Decrescente";"Colisão com veículos (frontal)";1;0;0;1;0;0;0;0;0;0;1;0;0;1;0
"22/10/2023";"07:58:00";"12";"Acidente c";"136.599";"BR-393/RJ";"Decrescente";"Tombamento";0;0;1;0;0;0;0;0;0;0;0;1;0;0;0
"22/10/2023";"02:29:00";"23";"Acidente c";"281.199";"BR-393/RJ";"Decrescente";"Colisão lateral no mesmo sentido";1;0;0;1;0;0;0;0;0;0;4;0;1;0;0
"23/10/2023";"12:08:00";"1";"Acidente s";"278.8";"BR-393/RJ";"Crescente";"Colisão com veículos (traseira)";2;0;0;0;0;0;0;0;0;0;2;0;0;0;0
"24/10/2023";"07:53:00";"18";"Acidente c";"283.4";"BR-393/RJ";"Crescente";"Acidentes de outra natureza";0;0;0;1;0;0;0;0;0;1;1;0;1;0;0
"24/10/2023";"08:38:00";"72";"Acidente c";"286.199";"BR-393/RJ";"Decrescente";"Acidentes de outra natureza";0;0;0;1;0;0;0;0;0;0;0;0;1;0;0
"24/10/2023";"08:50:00";"77";"Acidente s";"195.3";"BR-393/RJ";"Crescente";"Tombamento";0;0;1;0;0;0;0;0;0;0;1;0;0;0;0
"25/10/2023";"01:42:00";"2";"Acidente c";"284.1";"BR-393/RJ";"Decrescente";"Colisão com veículos (frontal)";1;0;1;0;0;0;0;0;0;0;1;0;1;0;0
"25/10/2023";"03:00:00";"57";"Acidente c";"268";"BR-393/RJ";"Decrescente";"Colisão com veículos (traseira)";1;0;1;0;0;0;0;0;0;0;3;2;0;0;0
"25/10/2023";"04:13:00";"60";"Acidente s";"245.099";"BR-393/RJ";"Decrescente";"Colisão lateral no mesmo sentido";2;0;0;0;0;0;0;0;0;0;4;0;0;0;0
"25/10/2023";"05:58:00";"68";"Acidente s";"258";"BR-393/RJ";"Crescente";"Saídas de pista";1;0;0;0;0;0;0;0;0;0;2;0;0;0;0
"26/10/2023";"09:33:00";"57";"Acidente c";"233.8";"BR-393/RJ";"Decrescente";"Colisão lateral no mesmo sentido";1;0;1;0;0;0;0;0;0;0;2;0;1;0;0
"28/10/2023";"02:20:00";"38";"Acidente c";"242.3";"BR-393/RJ";"Crescente";"Tombamento";0;0;1;0;0;0;0;0;0;0;0;0;1;0;0
"28/10/2023";"04:16:00";"50";"Acidente c";"169.199";"BR-393/RJ";"Decrescente";"Colisão Lateral Sentido Oposto";1;0;1;0;0;0;0;0;0;0;1;1;0;0;0
"29/10/2023";"05:26:00";"49";"Acidente c";"238";"BR-393/RJ";"Crescente";"Acidentes de outra natureza";1;0;1;0;0;0;0;0;0;0;2;0;1;0;0
"29/10/2023";"09:34:00";"64";"Acidente s";"284.199";"BR-393/RJ";"Decrescente";"Colisão com veículos (traseira)";0;0;0;0;2;0;0;0;0;0;2;0;0;0;0
"29/10/2023";"09:50:00";"65";"Acidente s";"284.1";"BR-393/RJ";"Decrescente";"Saídas de pista";1;0;0;0;0;0;0;0;0;0;1;0;0;0;0
"29/10/2023";"10:30:00";"67";"Acidente s";"153";"BR-393/RJ";"Decrescente";"Saídas de pista";1;0;0;0;0;0;0;0;0;0;1;0;0;0;0
"30/10/2023";"10:28:00";"34";"Acidente s";"125.7";"BR-393/RJ";"Decrescente";"Colisão com veículos (traseira)";1;0;0;0;0;0;0;0;0;1;3;0;0;0;0
"01/11/2023";"05:38:00";"18";"Acidente c";"187.9";"BR-393/RJ";"Crescente";"Colisão lateral no mesmo sentido";1;0;1;0;0;0;0;0;0;0;2;0;1;0;0
"01/11/2023";"10:12:00";"42";"Acidente c";"107.9";"BR-393/RJ";"Crescente";"Colisão lateral no mesmo sentido";0;0;0;1;0;0;0;0;0;1;1;0;0;1;0
"01/11/2023";"03:07:00";"69";"Acidente s";"255.599";"BR-393/RJ";"Crescente";"Acidentes de outra natureza";2;0;0;0;0;0;0;0;0;0;2;0;0;0;0
"02/11/2023";"03:13:00";"64";"Acidente c";"228.8";"BR-393/RJ";"Decrescente";"Saídas de pista";0;0;1;0;0;0;0;0;0;0;0;1;0;0;0
"03/11/2023";"05:31:00";"15";"Acidente s";"142";"BR-393/RJ";"Crescente";"Capotamento";1;0;0;0;0;0;0;0;0;0;1;0;0;0;0
"05/11/2023";"12:16:00";"1";"Acidente c";"222";"BR-393/RJ";"Decrescente";"Atropelamento de pedestre";0;0;1;0;0;0;0;0;0;0;2;0;0;0;1
"05/11/2023";"09:14:00";"48";"Acidente c";"178";"BR-393/RJ";"Crescente";"Colisão com veículos (traseira)";0;0;2;0;0;0;0;0;0;0;0;1;0;1;0
"06/11/2023";"06:32:00";"48";"Acidente c";"285";"BR-393/RJ";"Crescente";"Acidentes de outra natureza";0;1;0;1;0;0;0;0;0;0;1;1;0;0;0
"07/11/2023";"12:09:00";"1";"Acidente s";"172.8";"BR-393/RJ";"Crescente";"Atropelamento de animais";0;0;1;0;1;0;0;0;0;0;0;26;0;0;0
"07/11/2023";"01:57:00";"3";"Acidente c";"207.2";"BR-393/RJ";"Crescente";"Colisão com veículos (frontal)";2;0;0;0;0;0;0;0;0;0;0;0;0;1;1
"07/11/2023";"07:37:00";"56";"Acidente c";"237";"BR-393/RJ";"Crescente";"Colisão lateral no sentido contrário";1;0;0;1;0;0;0;0;0;0;2;0;1;0;0
"08/11/2023";"06:02:00";"50";"Acidente c";"238.499";"BR-393/RJ";"Crescente";"Acidentes de outra natureza";1;0;1;0;0;0;0;0;0;0;1;1;0;0;0
"09/11/2023";"06:41:00";"55";"Acidente s";"282";"BR-393/RJ";"Decrescente";"Acidentes de outra natureza";1;0;0;1;0;0;0;0;0;0;1;1;0;0;0
"10/11/2023";"05:41:00";"11";"Acidente s";"182";"BR-393/RJ";"Crescente";"Colisão c/ obstáculos";0;0;1;0;0;0;0;0;0;0;1;0;0;0;0
"10/11/2023";"07:08:00";"14";"Acidente s";"195";"BR-393/RJ";"Crescente";"Colisão com veículos (traseira)";0;0;2;0;0;0;0;0;0;0;2;0;0;0;0
"10/11/2023";"09:50:00";"34";"Acidente c";"157";"BR-393/RJ";"Crescente";"Colisão lateral no mesmo sentido";1;0;0;0;0;0;0;0;0;1;5;3;0;0;0
"10/11/2023";"02:06:00";"55";"Acidente s";"280";"BR-393/RJ";"Decrescente";"Colisão com veículos (traseira)";1;0;0;1;0;0;0;0;0;0;2;0;0;0;0
"10/11/2023";"02:43:00";"59";"Acidente s";"265";"BR-393/RJ";"Crescente";"Colisão com veículos (traseira)";0;0;1;0;0;0;0;0;0;1;3;0;0;0;0
"10/11/2023";"05:40:00";"71";"Acidente s";"176";"BR-393/RJ";"Decrescente";"Colisão com veículos (traseira)";2;0;0;0;0;0;0;0;0;0;2;0;0;0;0
"10/11/2023";"11:10:00";"89";"Acidente s";"178";"BR-393/RJ";"Crescente";"Colisão com veículos (traseira)";2;0;0;0;0;0;0;0;0;0;2;0;0;0;0
"11/11/2023";"07:40:00";"60";"Acidente c";"169.699";"BR-393/RJ";"Crescente";"Colisão com veículos (frontal)";1;0;1;0;0;0;0;0;0;0;0;1;0;0;2
"11/11/2023";"08:36:00";"61";"Acidente c";"283";"BR-393/RJ";"Decrescente";"Acidentes de outra natureza";1;0;0;1;0;0;0;0;0;0;3;0;1;0;0
"12/11/2023";"12:31:00";"2";"Acidente s";"274";"BR-393/RJ";"Crescente";"Saídas de pista";1;0;0;0;0;0;0;0;0;0;1;0;0;0;0
"13/11/2023";"07:14:00";"22";"Acidente c";"263.1";"BR-393/RJ";"Crescente";"Colisão c/ obstáculos";0;0;0;0;0;0;0;0;0;1;1;4;2;0;0
"13/11/2023";"08:26:00";"26";"Acidente c";"208.9";"BR-393/RJ";"Decrescente";"Colisão c/ obstáculos";1;0;0;0;0;0;0;0;0;0;0;0;1;0;0
"14/11/2023";"07:26:00";"18";"Acidente c";"255.5";"BR-393/RJ";"Decrescente";"Acidentes de outra natureza";1;0;0;1;0;0;0;0;0;0;1;1;0;0;0
"15/11/2023";"06:47:00";"15";"Acidente c";"164.8";"BR-393/RJ";"Decrescente";"Tombamento";0;0;1;0;0;0;0;0;0;0;0;1;0;0;0
"15/11/2023";"03:41:00";"38";"Acidente s";"265";"BR-393/RJ";"Decrescente";"Colisão com veículos (traseira)";1;0;1;0;0;0;0;0;0;0;3;0;0;0;0
"15/11/2023";"07:18:00";"57";"Acidente s";"285";"BR-393/RJ";"Crescente";"Colisão lateral no sentido contrário";1;0;0;1;0;0;0;0;0;0;3;0;0;0;0
"16/11/2023";"07:06:00";"15";"Acidente c";"252.3";"BR-393/RJ";"Decrescente";"Colisão com veículos (traseira)";1;0;1;0;0;0;0;0;0;0;1;0;1;0;0
"17/11/2023";"09:42:00";"28";"Acidente c";"236.5";"BR-393/RJ";"Decrescente";"Acidentes de outra natureza";1;0;0;1;0;0;0;0;0;0;0;0;2;0;0
"17/11/2023";"10:07:00";"70";"Acidente c";"103";"BR-393/RJ";"Decrescente";"Acidentes de outra natureza";1;0;0;1;0;0;0;0;0;0;1;0;1;0;0
"18/11/2023";"01:00:00";"1";"Acidente c";"255.599";"BR-393/RJ";"Crescente";"Atropelamento de pedestre";1;0;0;0;0;0;0;0;0;0;1;0;0;1;0
"18/11/2023";"09:09:00";"71";"Acidente c";"161.9";"BR-393/RJ";"Decrescente";"Acidentes de outra natureza";0;0;0;1;0;0;0;0;0;0;0;0;1;0;0
"19/11/2023";"07:28:00";"37";"Acidente c";"171";"BR-393/RJ";"Decrescente";"Colisão com veículos (frontal)";2;0;0;0;0;0;0;0;0;0;1;0;2;0;0
"19/11/2023";"10:11:00";"40";"Acidente c";"284";"BR-393/RJ";"Decrescente";"Engavetamento";4;0;0;0;0;0;0;0;0;0;6;0;1;0;0
"20/11/2023";"01:48:00";"33";"Acidente c";"124.4";"BR-393/RJ";"Decrescente";"Acidentes de outra natureza";0;0;0;1;0;0;0;0;0;0;0;0;1;0;0
"20/11/2023";"08:43:00";"49";"Acidente s";"217";"BR-393/RJ";"Crescente";"Colisão c/ obstáculos";1;0;0;0;0;0;0;0;0;0;2;0;0;0;0
"21/11/2023";"10:16:00";"32";"Acidente c";"261.8";"BR-393/RJ";"Decrescente";"Colisão lateral no sentido contrário";2;0;1;0;0;0;0;0;0;0;0;1;0;2;0
"21/11/2023";"02:23:00";"50";"Acidente s";"268.199";"BR-393/RJ";"Decrescente";"Colisão com veículos (traseira)";2;0;0;0;0;0;0;0;0;0;3;0;0;0;0
"21/11/2023";"03:04:00";"54";"Acidente c";"232.199";"BR-393/RJ";"Crescente";"Colisão com veículos (traseira)";1;0;1;0;0;0;0;0;0;0;2;1;0;0;0
"22/11/2023";"05:16:00";"58";"Acidente s";"110";"BR-393/RJ";"Decrescente";"Saídas de pista";1;0;0;0;0;0;0;0;0;0;1;0;0;0;0
"22/11/2023";"06:46:00";"62";"Acidente s";"285";"BR-393/RJ";"Decrescente";"Colisão lateral no mesmo sentido";2;0;0;0;0;0;0;0;0;0;4;0;0;0;0
"23/11/2023";"01:45:00";"44";"Acidente c";"172.3";"BR-393/RJ";"Decrescente";"Saídas de pista";1;0;0;0;0;0;0;0;0;0;0;2;0;0;0
"23/11/2023";"03:34:00";"49";"Acidente s";"200.199";"BR-393/RJ";"Decrescente";"Acidentes de outra natureza";1;0;1;0;0;0;0;0;0;0;2;0;0;0;0
"23/11/2023";"05:18:00";"56";"Acidente c";"103";"BR-393/RJ";"Decrescente";"Acidentes de outra natureza";0;0;0;2;0;0;0;0;0;0;1;0;2;0;0
"24/11/2023";"05:12:00";"14";"Acidente s";"262.8";"BR-393/RJ";"Crescente";"Saídas de pista";1;0;0;0;0;0;0;0;0;0;1;0;0;0;0
"24/11/2023";"07:16:00";"17";"Acidente c";"133.099";"BR-393/RJ";"Decrescente";"Acidentes de outra natureza";1;0;0;1;0;0;0;0;0;0;1;1;0;0;0
"24/11/2023";"09:05:00";"23";"Acidente c";"201.8";"BR-393/RJ";"Decrescente";"Acidentes de outra natureza";2;0;0;0;0;0;0;0;0;0;0;2;1;0;0
"24/11/2023";"10:09:00";"26";"Acidente c";"242.9";"BR-393/RJ";"Decrescente";"Colisão lateral no mesmo sentido";1;0;0;2;0;0;0;0;0;0;1;0;2;0;0
"24/11/2023";"03:58:00";"44";"Acidente c";"177.8";"BR-393/RJ";"Decrescente";"Engavetamento";2;0;1;0;0;0;0;0;0;0;4;1;1;0;0
"25/11/2023";"07:34:00";"14";"Acidente c";"207.699";"BR-393/RJ";"Decrescente";"Acidentes de outra natureza";0;0;0;1;0;0;0;0;0;0;0;1;1;0;0
"25/11/2023";"11:54:00";"47";"Acidente c";"236.099";"BR-393/RJ";"Decrescente";"Colisão com veículos (traseira)";1;0;0;1;0;0;0;0;0;0;1;0;1;0;0
"28/11/2023";"09:22:00";"19";"Acidente s";"255.598";"BR-393/RJ";"Decrescente";"Colisão com veículos (traseira)";2;0;0;0;0;0;0;0;0;0;2;0;0;0;0
"28/11/2023";"09:40:00";"62";"Acidente s";"177";"BR-393/RJ";"Crescente";"Colisão com veículos (traseira)";1;0;0;0;0;0;0;0;0;0;1;0;0;0;0
"29/11/2023";"08:54:00";"21";"Acidente c";"285.199";"BR-393/RJ";"Decrescente";"Colisão c/ obstáculos";1;0;0;0;0;0;0;0;0;0;0;1;0;0;0
"30/11/2023";"09:16:00";"26";"Acidente s";"133.3";"BR-393/RJ";"Crescente";"Engavetamento";2;0;1;0;0;0;0;0;0;0;3;0;0;0;0
"01/12/2023";"12:09:00";"43";"Acidente c";"235.099";"BR-393/RJ";"Decrescente";"Acidentes de outra natureza";2;0;0;0;0;0;0;0;0;0;0;2;1;0;0
"02/12/2023";"12:05:00";"33";"Acidente c";"252.3";"BR-393/RJ";"Decrescente";"Acidentes de outra natureza";1;0;0;1;0;0;0;0;0;0;0;1;1;0;0
"02/12/2023";"01:40:00";"37";"Acidente c";"164.8";"BR-393/RJ";"Decrescente";"Colisão com veículos (frontal)";1;0;1;0;0;0;0;0;0;0;2;0;1;0;0
"03/12/2023";"04:42:00";"15";"Acidente c";"279";"BR-393/RJ";"Crescente";"Colisão com veículos (frontal)";1;0;0;0;1;0;0;0;0;0;1;0;0;1;0
"03/12/2023";"06:51:00";"18";"Acidente c";"177.699";"BR-393/RJ";"Decrescente";"Colisão com veículos (traseira)";0;0;2;0;0;0;0;0;0;0;0;2;0;0;0
"03/12/2023";"12:53:00";"34";"Acidente c";"235.699";"BR-393/RJ";"Crescente";"Colisão lateral no mesmo sentido";1;0;0;1;0;0;0;0;0;0;1;2;0;0;0
"03/12/2023";"04:09:00";"44";"Acidente c";"114";"BR-393/RJ";"Decrescente";"Acidentes de outra natureza";0;0;0;1;0;0;0;0;0;0;0;0;1;1;0
"03/12/2023";"10:30:00";"63";"Acidente c";"285";"BR-393/RJ";"Decrescente";"Colisão com veículos (traseira)";1;0;0;1;0;0;0;0;0;0;2;2;0;0;0
"04/12/2023";"10:12:00";"31";"Acidente c";"176";"BR-393/RJ";"Decrescente";"Colisão lateral no mesmo sentido";1;0;0;1;0;0;0;0;0;0;0;2;1;0;0
"04/12/2023";"11:11:00";"34";"Acidente s";"253";"BR-393/RJ";"Crescente";"Tombamento";0;0;1;0;0;0;0;0;0;0;1;0;0;0;0
"05/12/2023";"01:48:00";"12";"Acidente s";"274";"BR-393/RJ";"Crescente";"Colisão Lateral Sentido Oposto";1;0;1;0;0;0;0;0;0;0;3;0;0;0;0
"05/12/2023";"09:04:00";"26";"Acidente c";"186.8";"BR-393/RJ";"Crescente";"Colisão lateral no mesmo sentido";1;0;1;0;0;0;0;0;0;0;1;1;0;0;0
"05/12/2023";"01:22:00";"43";"Acidente c";"284.699";"BR-393/RJ";"Crescente";"Colisão com veículos (traseira)";1;0;0;1;0;0;0;0;0;0;1;1;0;0;0
"05/12/2023";"07:34:00";"61";"Acidente s";"283";"BR-393/RJ";"Crescente";"Colisão com veículos (frontal)";2;0;0;0;0;0;0;0;0;0;3;0;0;0;0
"06/12/2023";"12:19:00";"1";"Acidente c";"273";"BR-393/RJ";"Decrescente";"Colisão com veículos (traseira)";1;0;1;0;0;0;0;0;0;0;2;0;1;0;0
"06/12/2023";"08:01:00";"23";"Acidente s";"239.199";"BR-393/RJ";"Decrescente";"Colisão com veículos (traseira)";2;0;0;0;0;0;0;0;0;0;2;0;0;0;0
"06/12/2023";"10:09:00";"82";"Acidente c";"186";"BR-393/RJ";"Crescente";"Engavetamento";1;0;2;0;0;0;0;0;0;0;3;2;0;0;0
"07/12/2023";"05:11:00";"17";"Acidente c";"183";"BR-393/RJ";"Crescente";"Colisão lateral no sentido contrário";0;0;1;0;0;0;0;0;0;1;1;0;1;0;0
"07/12/2023";"12:14:00";"43";"Acidente c";"173";"BR-393/RJ";"Crescente";"Colisão lateral no mesmo sentido";2;0;1;0;0;0;0;0;0;0;2;0;1;0;0
"07/12/2023";"12:55:00";"45";"Acidente c";"206";"BR-393/RJ";"Decrescente";"Saídas de pista";0;0;1;0;0;0;0;0;0;0;0;0;1;0;0
"07/12/2023";"06:30:00";"66";"Acidente c";"281";"BR-393/RJ";"Decrescente";"Colisão lateral no mesmo sentido";1;0;0;1;0;0;0;0;0;0;1;0;1;0;0
"08/12/2023";"11:03:00";"42";"Acidente c";"177.699";"BR-393/RJ";"Crescente";"Colisão com veículos (traseira)";0;0;2;0;0;0;0;0;0;0;0;1;1;0;0
"08/12/2023";"05:21:00";"68";"Acidente c";"228.699";"BR-393/RJ";"Decrescente";"Tombamento";0;0;1;0;0;0;0;0;0;0;0;1;0;0;0
"09/12/2023";"05:01:00";"13";"Acidente c";"150";"BR-393/RJ";"Crescente";"Colisão c/ obstáculos";1;0;0;0;0;0;0;0;0;0;0;1;0;0;0
"09/12/2023";"07:08:00";"47";"Acidente s";"284";"BR-393/RJ";"Crescente";"Engavetamento";4;0;0;0;0;0;0;0;0;0;5;0;0;0;0
"10/12/2023";"06:03:00";"15";"Acidente c";"139.5";"BR-393/RJ";"Decrescente";"Acidentes de outra natureza";0;0;0;1;0;0;0;0;0;0;0;1;1;0;0
"10/12/2023";"11:26:00";"32";"Acidente c";"255";"BR-393/RJ";"Decrescente";"Acidentes de outra natureza";2;0;0;0;0;0;0;0;0;0;3;0;1;0;0
"11/12/2023";"02:51:00";"3";"Acidente s";"204";"BR-393/RJ";"Decrescente";"Saídas de pista";0;0;1;0;0;0;0;0;0;0;1;0;0;0;0
"11/12/2023";"12:57:00";"43";"Acidente c";"265";"BR-393/RJ";"Crescente";"Colisão c/ obstáculos";1;0;0;0;0;0;0;0;0;0;0;0;1;0;0
"11/12/2023";"04:11:00";"50";"Acidente s";"133.699";"BR-393/RJ";"Decrescente";"Colisão Lateral Mesmo Sentido";1;0;1;0;0;0;0;0;0;0;2;0;0;0;0
"12/12/2023";"05:00:00";"53";"Acidente c";"262.8";"BR-393/RJ";"Crescente";"Saídas de pista";1;0;0;0;0;0;0;0;0;0;0;0;1;0;0
"12/12/2023";"08:47:00";"61";"Acidente c";"237.3";"BR-393/RJ";"Crescente";"Colisão com veículos (traseira)";1;0;1;0;0;0;0;0;0;0;1;1;0;0;0
"13/12/2023";"11:10:00";"35";"Acidente s";"174";"BR-393/RJ";"Decrescente";"Acidentes de outra natureza";0;0;0;1;0;0;0;0;0;0;1;0;0;0;0
"14/12/2023";"08:59:00";"24";"Acidente s";"103";"BR-393/RJ";"Crescente";"Colisão com veículos (traseira)";1;0;1;0;0;0;0;0;0;0;3;0;0;0;0
"15/12/2023";"12:03:00";"1";"Acidente c";"174";"BR-393/RJ";"Decrescente";"Colisão c/ obstáculos";1;0;0;0;0;0;0;0;0;0;1;0;2;0;0
"15/12/2023";"01:00:00";"35";"Acidente c";"238.5";"BR-393/RJ";"Crescente";"Acidentes de outra natureza";2;0;0;0;0;0;0;0;0;0;4;0;2;0;0
"16/12/2023";"07:34:00";"15";"Acidente c";"177.001";"BR-393/RJ";"Decrescente";"Colisão com veículos (traseira)";1;0;0;1;0;0;0;0;0;0;1;1;0;0;0
"18/12/2023";"06:44:00";"62";"Acidente s";"3";"Alça Sul";"Crescente";"Colisão com veículos (traseira)";1;0;0;1;0;0;0;0;0;0;2;0;0;0;0
"18/12/2023";"06:52:00";"63";"Acidente s";"285";"BR-393/RJ";"Crescente";"Colisão c/ obstáculos";2;0;0;0;0;0;0;0;0;0;3;0;0;0;0
"19/12/2023";"07:55:00";"15";"Acidente s";"175";"BR-393/RJ";"Crescente";"Colisão com veículos (traseira)";1;0;1;0;0;0;0;0;0;0;3;0;0;0;0
"19/12/2023";"12:12:00";"33";"Acidente s";"255";"BR-393/RJ";"Crescente";"Acidentes de outra natureza";2;0;0;0;0;0;0;0;0;0;2;0;0;0;0
"19/12/2023";"02:48:00";"45";"Acidente s";"267";"BR-393/RJ";"Crescente";"Colisão Lateral Sentido Oposto";3;0;0;0;0;0;0;0;0;0;6;0;0;0;0
"20/12/2023";"11:30:00";"40";"Acidente s";"244";"BR-393/RJ";"Decrescente";"Colisão lateral no sentido contrário";2;0;0;0;0;0;0;0;0;0;5;0;0;0;0
"21/12/2023";"10:06:00";"32";"Acidente s";"255.001";"BR-393/RJ";"Crescente";"Colisão lateral no mesmo sentido";1;0;1;0;0;0;0;0;0;0;3;0;0;0;0
"21/12/2023";"11:03:00";"39";"Acidente s";"122.7";"BR-393/RJ";"Crescente";"Colisão com veículos (traseira)";2;0;0;0;0;0;0;0;0;0;4;0;0;0;0
"21/12/2023";"03:51:00";"58";"Acidente s";"265";"BR-393/RJ";"Decrescente";"Colisão c/ obstáculos";2;0;0;0;0;0;0;0;0;0;3;0;0;0;0
"21/12/2023";"06:23:00";"74";"Acidente c";"271";"BR-393/RJ";"Crescente";"Colisão com veículos (frontal)";2;0;0;0;0;0;0;0;0;0;3;0;4;0;0
"22/12/2023";"12:00:00";"85";"Acidente s";"127";"BR-393/RJ";"Decrescente";"Colisão c/ obstáculos";1;0;0;0;0;0;0;0;0;0;5;0;0;0;0
"22/12/2023";"06:35:00";"65";"Acidente s";"175";"BR-393/RJ";"Decrescente";"Saídas de pista";1;0;0;0;0;0;0;0;0;0;1;0;0;0;0
"22/12/2023";"07:25:00";"69";"Acidente s";"285";"BR-393/RJ";"Crescente";"Colisão lateral no mesmo sentido";1;0;1;0;0;0;0;0;0;0;3;0;0;0;0
"22/12/2023";"09:43:00";"81";"Acidente s";"283";"BR-393/RJ";"Decrescente";"Colisão com veículos (traseira)";1;0;0;1;0;0;0;0;0;0;2;0;0;0;0
"23/12/2023";"03:30:00";"6";"Acidente s";"260";"BR-393/RJ";"Decrescente";"Saídas de pista";1;0;0;0;0;0;0;0;0;0;1;0;0;0;0
"23/12/2023";"05:37:00";"20";"Acidente c";"222";"BR-393/RJ";"Crescente";"Colisão Lateral Sentido Oposto";1;0;1;0;0;0;0;0;0;0;0;2;1;3;0
"23/12/2023";"07:29:00";"22";"Acidente s";"221.599";"BR-393/RJ";"Decrescente";"Colisão com veículos (traseira)";1;0;1;0;0;0;0;0;0;0;1;1;0;0;0
"23/12/2023";"04:37:00";"56";"Acidente s";"114.5";"BR-393/RJ";"Decrescente";"Colisão c/ obstáculos";1;0;0;0;0;0;0;0;0;0;3;0;0;0;0
"23/12/2023";"04:48:00";"59";"Acidente c";"169.3";"BR-393/RJ";"Crescente";"Acidentes de outra natureza";1;0;0;0;0;0;0;0;0;0;0;0;1;0;0
"23/12/2023";"05:02:00";"61";"Acidente c";"146";"BR-393/RJ";"Decrescente";"Colisão c/ obstáculos";1;0;0;0;0;0;0;0;0;0;0;1;3;0;0
"25/12/2023";"03:26:00";"40";"Acidente s";"130.9";"BR-393/RJ";"Crescente";"Saídas de pista";1;0;0;0;0;0;0;0;0;0;5;0;0;0;0
"25/12/2023";"03:43:00";"42";"Acidente s";"139.5";"BR-393/RJ";"Crescente";"Saídas de pista";1;0;0;0;0;0;0;0;0;0;3;0;0;0;0
"25/12/2023";"06:00:00";"52";"Acidente s";"177";"BR-393/RJ";"Decrescente";"Acidentes de outra natureza";0;0;0;1;0;0;0;0;0;0;1;0;0;0;0
"26/12/2023";"11:42:00";"59";"Acidente s";"246";"BR-393/RJ";"Decrescente";"Colisão com veículos (traseira)";0;0;2;0;0;0;0;0;0;0;2;0;0;0;0
"28/12/2023";"12:59:00";"35";"Acidente s";"262";"BR-393/RJ";"Crescente";"Colisão Lateral Sentido Oposto";1;0;0;0;0;0;0;0;0;1;4;0;0;0;0
"29/12/2023";"01:44:00";"11";"Acidente c";"195.4";"BR-393/RJ";"Crescente";"Tombamento";0;0;1;0;0;0;0;0;0;0;0;0;1;0;0