data;horario;n_da_ocorrencia;tipo_de_ocorrencia;km;trecho;sentido;tipo_de_acidente;automovel;bicicleta;caminhao;moto;onibus;outros;tracao_animal;transporte_de_cargas_especiais;trator_maquinas;utilitarios;ilesos;levemente_feridos;moderadamente_feridos;gravemente_feridos;mortos
"29/12/2023";"11:18:00";"37";"Acidente s";"279.699";"BR-393/RJ";"Decrescente";"Engavetamento";3;0;0;0;0;0;0;0;0;0;7;0;0;0;0
"29/12/2023";"04:58:00";"60";"Acidente c";"127.9";"BR-393/RJ";"Decrescente";"Acidentes de outra natureza";1;0;0;0;0;1;0;0;0;0;4;0;0;1;0
"30/12/2023";"11:00:00";"25";"Acidente s";"157";"BR-393/RJ";"Decrescente";"Saídas de pista";1;0;0;0;0;0;0;0;0;0;1;0;0;0;0
"02/01/2024";"10:20:58";"26";"Com vítima";"155,400";"BR-393/RJ";"Decrescente";"Choque";0;0;0;0;0;0;0;0;0;0;0;2;0;0;0
"03/01/2024";"12:40:05";"5";"Com vítima";"205,699";"BR-393/RJ";"Decrescente";"Saída de pista";0;0;0;0;0;0;0;0;0;0;0;0;0;1;0
"03/01/2024";"08:36:24";"35";"Com vítima";"143,699";"BR-393/RJ";"Crescente";"Colisão lateral no mesmo sentido";0;0;0;0;0;0;0;0;0;0;0;0;0;2;0
"03/01/2024";"04:14:29";"63";"Sem vítima";"252,000";"BR-393/RJ";"Crescente";"Colisão transversal";0;0;0;0;0;0;0;0;0;0;4;0;0;0;0
"03/01/2024";"10:39:22";"3";"Sem vítima";"269,000";"BR-393/RJ";"Decrescente";"Saída de pista";0;0;0;0;0;0;0;0;0;0;1;0;0;0;0
"04/01/2024";"05:16:05";"18";"Com vítima";"197,599";"BR-393/RJ";"Crescente";"Capotamento";0;0;0;0;0;0;0;0;0;0;0;3;0;0;0
"05/01/2024";"10:48:02";"1";"Com vítima";"188,000";"BR-393/RJ";"Crescente";"Queda de moto";0;0;0;0;0;0;0;0;0;0;0;0;0;1;0
"07/01/2024";"01:26:20";"33";"Com vítima";"151,000";"BR-393/RJ";"Crescente";"Tombamento";0;0;0;0;0;0;0;0;0;0;0;0;0;1;0
"08/01/2024";"06:07:09";"30";"Sem vítima";"282,399";"BR-393/RJ";"Crescente";"Engavetamento";0;0;0;0;0;0;0;0;0;0;5;0;0;0;0
"08/01/2024";"06:55:56";"64";"Com vítima";"277,000";"BR-393/RJ";"Crescente";"Colisão traseira";0;0;0;0;0;0;0;0;0;0;0;0;0;6;0
"09/01/2024";"03:45:11";"56";"Com vítima";"158,599";"BR-393/RJ";"Decrescente";"Colisão lateral em sentido contrário";0;0;0;0;0;0;0;0;0;0;0;2;0;0;0
"13/01/2024";"10:23:58";"48";"Com vítima";"151,800";"BR-393/RJ";"Decrescente";"Colisão lateral em sentido contrário";0;0;0;0;0;0;0;0;0;0;0;4;0;0;0
"17/01/2024";"05:24:15";"20";"Com vítima";"169,500";"BR-393/RJ";"Crescente";"Capotamento";0;0;0;0;0;0;0;0;0;0;0;0;0;2;0
"17/01/2024";"06:39:59";"30";"Com vítima";"268,100";"BR-393/RJ";"Decrescente";"Colisão transversal";0;0;0;0;0;0;0;0;0;0;2;0;0;2;0
"18/01/2024";"05:33:21";"72";"Sem vítima";"162,000";"BR-393/RJ";"Crescente";"Saída de pista";0;0;0;0;0;0;0;0;0;0;1;0;0;0;0
"19/01/2024";"02:16:08";"14";"Sem vítima";"171,000";"BR-393/RJ";"Decrescente";"Atropelamento de animal";0;0;0;0;0;0;0;0;0;0;3;0;0;0;0
"19/01/2024";"06:03:17";"31";"Com vítima";"175,990";"BR-393/RJ";"Decrescente";"Colisão traseira";0;0;0;0;0;0;0;0;0;0;1;1;0;2;0
"19/01/2024";"07:19:48";"34";"Com vítima";"138,300";"BR-393/RJ";"Crescente";"Tombamento";0;0;0;0;0;0;0;0;0;0;0;0;0;1;0
"21/01/2024";"12:54:53";"12";"Com vítima";"236,500";"BR-393/RJ";"Decrescente";"Colisão frontal";0;0;0;0;0;0;0;0;0;0;0;0;0;2;0
"21/01/2024";"01:18:44";"39";"Com vítima";"168,199";"BR-393/RJ";"Crescente";"Colisão transversal";0;0;0;0;0;0;0;0;0;0;0;0;0;1;0
"23/01/2024";"01:22:36";"48";"Com vítima";"267,100";"BR-393/RJ";"Crescente";"Colisão lateral em sentido contrário";0;0;0;0;0;0;0;0;0;0;4;1;0;0;0
"25/01/2024";"04:28:10";"84";"Com vítima";"224,300";"BR-393/RJ";"Crescente";"Colisão lateral no mesmo sentido";0;0;0;0;0;0;0;0;0;0;0;1;0;2;0
"26/01/2024";"09:02:54";"44";"Sem vítima";"139,599";"BR-393/RJ";"Decrescente";"Colisão traseira";0;0;0;0;0;0;0;0;0;0;5;0;0;0;0
"26/01/2024";"04:42:28";"60";"Com vítima";"255,599";"BR-393/RJ";"Crescente";"Acidentes de outra natureza";0;0;0;0;0;0;0;0;0;0;0;0;0;0;0
"28/01/2024";"09:33:14";"26";"Com vítima";"285,899";"BR-393/RJ";"Decrescente";"Colisão traseira";0;0;0;0;0;0;0;0;0;0;4;1;0;1;0
"28/01/2024";"06:03:36";"53";"Com vítima";"259,700";"BR-393/RJ";"Crescente";"Colisão traseira";0;0;0;0;0;0;0;0;0;0;0;1;0;1;0
"28/01/2024";"11:28:05";"3";"Com vítima";"189,599";"BR-393/RJ";"Crescente";"Atropelamento de animal";0;0;0;0;0;0;0;0;0;0;0;1;0;0;0
"30/01/2024";"07:15:43";"68";"Sem vítima";"151,000";"BR-393/RJ";"Decrescente";"Choque";0;0;0;0;0;0;0;0;0;0;0;2;0;0;0
"04/02/2024";"12:06:52";"34";"Com vítima";"285,699";"BR-393/RJ";"Crescente";"Colisão traseira";0;0;0;0;0;0;0;0;0;0;1;3;0;0;0
"04/02/2024";"05:04:11";"50";"Sem vítima";"127,000";"BR-393/RJ";"Decrescente";"Choque";0;0;0;0;0;0;0;0;0;0;2;0;0;0;0
"07/02/2024";"03:47:49";"19";"Com vítima";"281,199";"BR-393/RJ";"Crescente";"Colisão transversal";0;0;0;0;0;0;0;0;0;0;1;1;0;0;0
"07/02/2024";"05:46:10";"31";"Com vítima";"214,599";"BR-393/RJ";"Crescente";"Queda de moto";0;0;0;0;0;0;0;0;0;0;0;0;0;1;0
"07/02/2024";"08:45:25";"48";"Com vítima";"236,700";"BR-393/RJ";"Decrescente";"Colisão transversal";0;0;0;0;0;0;0;0;0;0;1;0;0;1;0
"08/02/2024";"11:27:11";"1";"Com vítima";"142,000";"BR-393/RJ";"Decrescente";"Colisão traseira";0;0;0;0;0;0;0;0;0;0;0;3;0;0;0
"09/02/2024";"12:41:05";"53";"Com vítima";"132,300";"BR-393/RJ";"Decrescente";"Queda de moto";0;0;0;0;0;0;0;0;0;0;0;1;0;0;0
"09/02/2024";"01:58:24";"60";"Com vítima";"105,200";"BR-393/RJ";"Decrescente";"Colisão traseira";0;0;0;0;0;0;0;0;0;0;0;1;0;1;0
"10/02/2024";"04:32:48";"54";"Sem vítima";"247,000";"BR-393/RJ";"Crescente";"Colisão lateral em sentido contrário";0;0;0;0;0;0;0;0;0;0;12;2;0;0;0
"11/02/2024";"01:55:09";"38";"Sem vítima";"284,500";"BR-393/RJ";"Decrescente";"Choque";0;0;0;0;0;0;0;0;0;0;1;0;0;0;0
"12/02/2024";"08:12:27";"56";"Com vítima";"268,000";"BR-393/RJ";"Crescente";"Colisão lateral em sentido contrário";0;0;0;0;0;0;0;0;0;0;0;4;0;0;0
"12/02/2024";"10:41:47";"4";"Sem vítima";"141,000";"BR-393/RJ";"Decrescente";"Choque";0;0;0;0;0;0;0;0;0;0;2;0;0;0;0
"13/02/2024";"08:08:28";"25";"Com vítima";"219,000";"BR-393/RJ";"Crescente";"Choque";0;0;0;0;0;0;0;0;0;0;0;1;0;1;0
"14/02/2024";"11:05:43";"40";"Com vítima";"274,600";"BR-393/RJ";"Decrescente";"Saída de pista";0;0;0;0;0;0;0;0;0;0;0;1;0;0;0
"15/02/2024";"11:55:34";"42";"Com vítima";"188,900";"BR-393/RJ";"Crescente";"Saída de pista";0;0;0;0;0;0;0;0;0;0;0;0;0;1;0
"17/02/2024";"01:37:42";"17";"Sem vítima";"285,000";"BR-393/RJ";"Crescente";"Queda de moto";0;0;0;0;0;0;0;0;0;0;1;0;0;0;0
"17/02/2024";"12:13:26";"58";"Com vítima";"279,600";"BR-393/RJ";"Crescente";"Queda de moto";0;0;0;0;0;0;0;0;0;0;0;1;0;0;0
"17/02/2024";"05:14:19";"82";"Com vítima";"244,400";"BR-393/RJ";"Crescente";"Colisão frontal";0;0;0;0;0;0;0;0;0;0;0;1;0;0;0
"19/02/2024";"06:46:42";"27";"Sem vítima";"282,199";"BR-393/RJ";"Crescente";"Colisão traseira";0;0;0;0;0;0;0;0;0;0;3;0;0;0;0
"19/02/2024";"10:30:30";"42";"Com vítima";"264,200";"BR-393/RJ";"Decrescente";"Colisão lateral em sentido contrário";0;0;0;0;0;0;0;0;0;0;2;0;0;1;0
"19/02/2024";"04:32:55";"51";"Com vítima";"241,000";"BR-393/RJ";"Decrescente";"Colisão frontal";0;0;0;0;0;0;0;0;0;0;0;0;0;2;0
"24/02/2024";"08:52:05";"36";"Com vítima";"284,199";"BR-393/RJ";"Decrescente";"Colisão traseira";0;0;0;0;0;0;0;0;0;0;1;2;0;0;0
"25/02/2024";"10:19:40";"3";"Com vítima";"180,000";"BR-393/RJ";"Crescente";"Atropelamento de animal";0;0;0;0;0;0;0;0;0;0;0;0;0;1;0
"26/02/2024";"05:45:58";"75";"Com vítima";"168,990";"BR-393/RJ";"Decrescente";"Colisão lateral no mesmo sentido";0;0;0;0;0;0;0;0;0;0;0;0;0;1;0
"27/02/2024";"08:12:20";"70";"Com vítima";"134,000";"BR-393/RJ";"Decrescente";"Colisão lateral no mesmo sentido";0;0;0;0;0;0;0;0;0;0;0;0;0;0;0
"27/02/2024";"11:04:29";"1";"Sem vítima";"123,799";"BR-393/RJ";"Decrescente";"Tombamento";0;0;0;0;0;0;0;0;0;0;1;0;0;0;0
"28/02/2024";"01:25:18";"4";"Sem vítima";"201,000";"BR-393/RJ";"Decrescente";"Atropelamento de animal";0;0;0;0;0;0;0;0;0;0;1;0;0;0;0
"29/02/2024";"08:15:49";"59";"Com vítima";"240,199";"BR-393/RJ";"Crescente";"Capotamento";0;0;0;0;0;0;0;0;0;0;0;0;0;1;0
"03/03/2024";"01:26:14";"41";"Com vítima";"168,990";"BR-393/RJ";"Decrescente";"Colisão lateral em sentido contrário";0;0;0;0;0;0;0;0;0;0;0;0;0;2;0
"03/03/2024";"02:52:38";"46";"Sem vítima";"235,000";"BR-393/RJ";"Decrescente";"Colisão lateral no mesmo sentido";0;0;0;0;0;0;0;0;0;0;0;8;0;0;0
"04/03/2024";"08:19:48";"33";"Com vítima";"175,200";"BR-393/RJ";"Decrescente";"Queda de moto";0;0;0;0;0;0;0;0;0;0;0;0;0;1;0
"05/03/2024";"10:28:59";"41";"Com vítima";"139,000";"BR-393/RJ";"Decrescente";"Colisão traseira";0;0;0;0;0;0;0;0;0;0;0;1;0;0;0
"05/03/2024";"02:42:03";"54";"Sem vítima";"257,100";"BR-393/RJ";"Crescente";"Colisão traseira";0;0;0;0;0;0;0;0;0;0;4;0;0;0;0
"08/03/2024";"02:09:19";"58";"Com vítima";"267,300";"BR-393/RJ";"Decrescente";"Queda de moto";0;0;0;0;0;0;0;0;0;0;0;0;0;2;0
"09/03/2024";"06:16:18";"21";"Sem vítima";"242,199";"BR-393/RJ";"Decrescente";"Choque";0;0;0;0;0;0;0;0;0;0;1;0;0;0;0
"09/03/2024";"10:37:27";"40";"Com vítima";"282,400";"BR-393/RJ";"Crescente";"Colisão lateral no mesmo sentido";0;0;0;0;0;0;0;0;0;0;2;0;0;0;0
"09/03/2024";"12:32:04";"41";"Com vítima";"140,199";"BR-393/RJ";"Decrescente";"Saída de pista";0;0;0;0;0;0;0;0;0;0;0;0;0;1;0
"11/03/2024";"01:34:11";"51";"Com vítima";"283,899";"BR-393/RJ";"Decrescente";"Colisão lateral no mesmo sentido";0;0;0;0;0;0;0;0;0;0;3;0;0;0;0
"13/03/2024";"02:11:34";"53";"Com vítima";"167,599";"BR-393/RJ";"Crescente";"Colisão transversal";0;0;0;0;0;0;0;0;0;0;0;0;0;0;0
"14/03/2024";"12:11:09";"45";"Com vítima";"127,200";"BR-393/RJ";"Decrescente";"Colisão transversal";0;0;0;0;0;0;0;0;0;0;0;0;0;1;0
"15/03/2024";"12:56:14";"59";"Com vítima";"175,300";"BR-393/RJ";"Crescente";"Queda de moto";0;0;0;0;0;0;0;0;0;0;0;0;0;1;0
"15/03/2024";"05:12:41";"73";"Sem vítima";"284,000";"BR-393/RJ";"Decrescente";"Colisão traseira";0;0;0;0;0;0;0;0;0;0;3;0;0;0;0
"17/03/2024";"08:54:21";"57";"Com vítima";"106,000";"BR-393/RJ";"Decrescente";"Queda de moto";0;0;0;0;0;0;0;0;0;0;0;0;0;1;0
"19/03/2024";"02:42:26";"65";"Sem vítima";"282,600";"BR-393/RJ";"Decrescente";"Engavetamento";0;0;0;0;0;0;0;0;0;0;3;0;0;0;0
"23/03/2024";"12:32:01";"49";"Com vítima";"283,699";"BR-393/RJ";"Decrescente";"Colisão traseira";0;0;0;0;0;0;0;0;0;0;0;2;0;0;0
"24/03/2024";"12:12:35";"36";"Com vítima";"175,300";"BR-393/RJ";"Crescente";"Queda de moto";0;0;0;0;0;0;0;0;0;0;0;0;0;2;0
"25/03/2024";"12:17:37";"56";"Com vítima";"137,900";"BR-393/RJ";"Decrescente";"Choque";0;0;0;0;0;0;0;0;0;0;0;1;0;0;0
"26/03/2024";"07:18:34";"63";"Com vítima";"235,699";"BR-393/RJ";"Crescente";"Colisão transversal";0;0;0;0;0;0;0;0;0;0;0;0;0;2;0
"28/03/2024";"05:32:15";"69";"Com vítima";"216,500";"BR-393/RJ";"Crescente";"Saída de pista";0;0;0;0;0;0;0;0;0;0;0;1;0;0;0
"30/03/2024";"11:17:58";"30";"Com vítima";"248,500";"BR-393/RJ";"Crescente";"Queda de moto";0;0;0;0;0;0;0;0;0;0;0;0;0;2;0
"30/03/2024";"01:52:10";"38";"Com vítima";"285,000";"BR-393/RJ";"Crescente";"Queda de moto";0;0;0;0;0;0;0;0;0;0;0;1;0;0;0
"31/03/2024";"09:42:32";"18";"Com vítima";"282,600";"BR-393/RJ";"Crescente";"Colisão traseira";0;0;0;0;0;0;0;0;0;0;5;0;0;0;0
"31/03/2024";"01:16:24";"29";"Com vítima";"170,900";"BR-393/RJ";"Decrescente";"Colisão lateral em sentido contrário";0;0;0;0;0;0;0;0;0;0;4;0;0;0;0
"02/04/2024";"04:18:34";"55";"Com vítima";"167,000";"BR-393/RJ";"Decrescente";"Colisão lateral no mesmo sentido";0;0;0;1;0;0;0;0;0;0;0;0;0;2;0
"06/04/2024";"08:12:08";"52";"Sem vítima";"285,800";"BR-393/RJ";"Decrescente";"Capotamento";1;0;0;0;0;0;0;0;0;0;0;0;0;0;0
"09/04/2024";"09:54:36";"42";"Com vítima";"201,800";"BR-393/RJ";"Decrescente";"Colisão lateral no mesmo sentido";0;0;0;1;0;0;0;0;0;0;0;0;0;1;0
"10/04/2024";"05:31:11";"17";"Com vítima";"282,600";"BR-393/RJ";"Crescente";"Colisão lateral em sentido contrário";0;0;1;0;0;0;0;0;0;0;0;0;0;1;0
"12/04/2024";"07:40:32";"33";"Com vítima";"124,000";"BR-393/RJ";"Decrescente";"Tombamento";0;0;1;0;0;0;0;0;0;0;0;0;0;1;0
"13/04/2024";"05:05:37";"16";"Com vítima";"143,199";"BR-393/RJ";"Crescente";"Acidentes de outra natureza";0;0;0;0;0;0;0;0;0;0;0;0;0;0;0
"14/04/2024";"12:55:39";"6";"Com vítima";"252,199";"BR-393/RJ";"Decrescente";"Capotamento";1;0;0;0;0;0;0;0;0;0;0;0;0;1;0
"16/04/2024";"02:05:45";"14";"Com vítima";"215,900";"BR-393/RJ";"Decrescente";"Saída de pista";0;0;1;0;0;0;0;0;0;0;0;0;0;1;0
"17/04/2024";"07:20:09";"24";"Sem vítima";"281,700";"BR-393/RJ";"Crescente";"Colisão frontal";0;0;1;0;0;0;0;0;0;0;1;0;0;0;0
"18/04/2024";"05:10:51";"16";"Com vítima";"133,199";"BR-393/RJ";"Crescente";"Acidentes de outra natureza";0;0;0;0;0;0;0;0;0;0;0;0;0;0;0
"19/04/2024";"06:29:23";"20";"Com vítima";"133,990";"BR-393/RJ";"Decrescente";"Queda de moto";0;0;0;1;0;0;0;0;0;0;0;1;0;0;0
"20/04/2024";"10:07:43";"25";"Com vítima";"284,600";"BR-393/RJ";"Crescente";"Colisão lateral no mesmo sentido";1;0;0;0;0;0;0;0;0;0;1;0;0;0;0
"20/04/2024";"05:50:12";"43";"Com vítima";"280,899";"BR-393/RJ";"Decrescente";"Colisão lateral em sentido contrário";1;0;0;0;0;0;0;0;0;0;0;0;0;1;0
"22/04/2024";"04:53:42";"15";"Com vítima";"106,700";"BR-393/RJ";"Crescente";"Saída de pista";1;0;0;0;0;0;0;0;0;0;0;0;0;0;0
"24/04/2024";"06:56:49";"25";"Com vítima";"106,900";"BR-393/RJ";"Decrescente";"Colisão lateral no mesmo sentido";1;0;0;0;0;0;0;0;0;0;1;0;0;0;0
"24/04/2024";"11:08:59";"43";"Com vítima";"207,900";"BR-393/RJ";"Crescente";"Colisão lateral no mesmo sentido";1;0;0;0;0;0;0;0;0;0;0;0;0;1;0
"25/04/2024";"05:53:52";"32";"Com vítima";"218,599";"BR-393/RJ";"Crescente";"Colisão transversal";1;0;0;0;0;0;0;0;0;0;0;0;0;1;0
"25/04/2024";"02:06:25";"56";"Com vítima";"185,900";"BR-393/RJ";"Crescente";"Saída de pista";1;0;0;0;0;0;0;0;0;0;0;1;0;0;0
"25/04/2024";"02:59:26";"60";"Com vítima";"105,900";"BR-393/RJ";"Decrescente";"Colisão transversal";0;0;0;1;0;0;0;0;0;0;0;0;0;1;0
"26/04/2024";"09:56:46";"50";"Com vítima";"282,100";"BR-393/RJ";"Crescente";"Queda de moto";0;0;0;1;0;0;0;0;0;0;0;0;0;1;0
"03/05/2024";"11:48:41";"50";"Com vítima";"104,299";"BR-393/RJ";"Crescente";"Acidentes de outra natureza";0;0;0;0;0;0;0;0;0;0;0;0;0;0;0
"04/05/2024";"03:42:14";"17";"Com vítima";"254,300";"BR-393/RJ";"Decrescente";"Queda de moto";0;0;0;1;0;0;0;0;0;0;0;0;0;1;0
"05/05/2024";"04:42:01";"41";"Sem vítima";"280,699";"BR-393/RJ";"Crescente";"Colisão lateral em sentido contrário";1;0;0;0;0;0;0;0;0;0;1;0;0;0;0
"06/05/2024";"05:11:23";"19";"Com vítima";"132,300";"BR-393/RJ";"Decrescente";"Colisão traseira";0;0;0;1;0;0;0;0;0;0;0;0;0;1;0
"06/05/2024";"03:48:04";"57";"Com vítima";"285,199";"BR-393/RJ";"Decrescente";"Colisão transversal";1;0;0;0;0;0;0;0;0;0;1;0;0;0;0
"07/05/2024";"05:18:55";"18";"Com vítima";"171,599";"BR-393/RJ";"Crescente";"Colisão transversal";1;0;0;0;0;0;0;0;0;0;0;1;0;0;0
"07/05/2024";"12:11:49";"36";"Com vítima";"234,900";"BR-393/RJ";"Decrescente";"Colisão traseira";1;0;0;0;0;0;0;0;0;0;0;1;0;0;0
"08/05/2024";"04:25:55";"17";"Com vítima";"231,900";"BR-393/RJ";"Crescente";"Queda de moto";0;0;0;1;0;0;0;0;0;0;0;1;0;0;0
"08/05/2024";"11:30:19";"38";"Com vítima";"245,300";"BR-393/RJ";"Crescente";"Colisão transversal";1;0;0;0;0;0;0;0;0;0;1;0;0;0;0
"08/05/2024";"02:27:11";"46";"Com vítima";"284,000";"BR-393/RJ";"Crescente";"Colisão lateral no mesmo sentido";0;0;0;0;1;0;0;0;0;0;1;0;0;0;0
"10/05/2024";"05:30:09";"55";"Sem vítima";"282,899";"BR-393/RJ";"Decrescente";"Engavetamento";1;0;0;0;0;0;0;0;0;0;1;0;0;0;0
"13/05/2024";"06:57:11";"64";"Sem vítima";"247,800";"BR-393/RJ";"Crescente";"Colisão frontal";0;0;1;0;0;0;0;0;0;0;1;0;0;0;0
"15/05/2024";"09:22:15";"23";"Com vítima";"143,200";"BR-393/RJ";"Decrescente";"Colisão transversal";1;0;0;0;0;0;0;0;0;0;1;0;0;0;0
"15/05/2024";"12:26:45";"30";"Com vítima";"157,150";"BR-393/RJ";"Crescente";"Colisão lateral no mesmo sentido";0;0;1;0;0;0;0;0;0;0;1;0;0;0;0
"16/05/2024";"03:10:10";"51";"Com vítima";"281,699";"BR-393/RJ";"Crescente";"Colisão lateral no mesmo sentido";0;0;0;1;0;0;0;0;0;0;0;0;0;1;0
"18/05/2024";"08:49:06";"22";"Com vítima";"284,100";"BR-393/RJ";"Decrescente";"Colisão frontal";1;0;0;0;0;0;0;0;0;0;1;0;0;0;0
"18/05/2024";"04:47:58";"45";"Sem vítima";"238,000";"BR-393/RJ";"Decrescente";"Queda de moto";0;0;0;1;0;0;0;0;0;0;1;0;0;0;0
"19/05/2024";"12:32:49";"3";"Com vítima";"196,800";"BR-393/RJ";"Crescente";"Saída de pista";1;0;0;0;0;0;0;0;0;0;0;1;0;0;0
"21/05/2024";"04:55:54";"54";"Com vítima";"168,400";"BR-393/RJ";"Crescente";"Colisão lateral no mesmo sentido";0;1;0;0;0;0;0;0;0;0;0;0;0;0;0
"23/05/2024";"06:50:23";"33";"Com vítima";"255,500";"BR-393/RJ";"Decrescente";"Colisão lateral no mesmo sentido";1;0;0;0;0;0;0;0;0;0;0;1;0;0;0
"23/05/2024";"07:49:44";"36";"Com vítima";"250,300";"BR-393/RJ";"Crescente";"Atropelamento de ciclista";0;1;0;0;0;0;0;0;0;0;0;0;0;0;0
"24/05/2024";"05:59:50";"20";"Com vítima";"176,199";"BR-393/RJ";"Decrescente";"Colisão traseira";0;0;1;0;0;0;0;0;0;0;1;0;0;0;0
"24/05/2024";"01:42:35";"51";"Sem vítima";"169,990";"BR-393/RJ";"Crescente";"Colisão transversal";1;0;0;0;0;0;0;0;0;0;0;0;0;0;0
"25/05/2024";"01:10:00";"53";"Com vítima";"237,800";"BR-393/RJ";"Decrescente";"Queda de moto";0;0;0;1;0;0;0;0;0;0;0;1;0;0;0
"25/05/2024";"04:48:09";"66";"Com vítima";"237,000";"BR-393/RJ";"Crescente";"Queda de moto";0;0;0;1;0;0;0;0;0;0;0;1;0;0;0
"26/05/2024";"04:10:15";"17";"Com vítima";"161,900";"BR-393/RJ";"Decrescente";"Queda de moto";0;0;0;1;0;0;0;0;0;0;0;1;0;0;0
"26/05/2024";"08:46:58";"27";"Com vítima";"262,699";"BR-393/RJ";"Crescente";"Saída de pista";1;0;0;0;0;0;0;0;0;0;1;0;0;0;0
"26/05/2024";"10:41:16";"29";"Com vítima";"130,200";"BR-393/RJ";"Decrescente";"Queda de moto";0;0;0;1;0;0;0;0;0;0;0;1;0;0;0
"26/05/2024";"01:15:44";"41";"Com vítima";"154,990";"BR-393/RJ";"Decrescente";"Queda de moto";0;0;0;1;0;0;0;0;0;0;0;1;0;0;0
"26/05/2024";"04:09:39";"46";"Com vítima";"175,599";"BR-393/RJ";"Decrescente";"Colisão lateral no mesmo sentido";1;0;0;0;0;0;0;0;0;0;1;0;0;0;0
"27/05/2024";"10:04:35";"49";"Sem vítima";"281,000";"BR-393/RJ";"Crescente";"Colisão lateral no mesmo sentido";1;0;0;0;0;0;0;0;0;0;1;0;0;0;0
"29/05/2024";"02:56:22";"67";"Com vítima";"274,000";"BR-393/RJ";"Decrescente";"Queda de moto";0;0;0;1;0;0;0;0;0;0;0;0;0;1;0
"30/05/2024";"03:40:02";"44";"Com vítima";"221,400";"BR-393/RJ";"Decrescente";"Saída de pista";0;0;1;0;0;0;0;0;0;0;0;1;0;0;0
"31/05/2024";"10:28:08";"39";"Com vítima";"102,500";"BR-393/RJ";"Decrescente";"Colisão frontal";1;0;0;0;0;0;0;0;0;0;0;0;0;0;0
"01/06/2024";"09:04:22";"27";"Com vítima";"282,899";"BR-393/RJ";"Decrescente";"Colisão lateral no mesmo sentido";0;0;1;0;0;0;0;0;0;0;0;1;0;0;0
"01/06/2024";"06:04:25";"60";"Com vítima";"239,800";"BR-393/RJ";"Crescente";"Colisão frontal";0;0;0;1;0;0;0;0;0;0;0;0;0;0;0
"02/06/2024";"04:24:29";"13";"Com vítima";"284,199";"BR-393/RJ";"Decrescente";"Engavetamento";1;0;0;0;0;0;0;0;0;0;1;0;0;0;0
"03/06/2024";"06:44:34";"22";"Com vítima";"285,500";"BR-393/RJ";"Crescente";"Engavetamento";1;0;0;0;0;0;0;0;0;0;1;0;0;0;0
"04/06/2024";"09:20:09";"60";"Com vítima";"177,200";"BR-393/RJ";"Crescente";"Choque";1;0;0;0;0;0;0;0;0;0;0;0;0;1;0
"05/06/2024";"04:41:17";"15";"Com vítima";"138,199";"BR-393/RJ";"Crescente";"Tombamento";0;0;1;0;0;0;0;0;0;0;0;0;0;1;0
"08/06/2024";"04:39:02";"53";"Com vítima";"237,800";"BR-393/RJ";"Decrescente";"Saída de pista";1;0;0;0;0;0;0;0;0;0;0;1;0;0;0
"09/06/2024";"06:52:37";"46";"Com vítima";"240,400";"BR-393/RJ";"Crescente";"Saída de pista";0;0;0;1;0;0;0;0;0;0;0;0;0;0;0
"10/06/2024";"12:32:56";"40";"Com vítima";"202,400";"BR-393/RJ";"Decrescente";"Choque";0;0;1;0;0;0;0;0;0;0;0;0;0;1;0
"12/06/2024";"07:43:22";"72";"Com vítima";"251,500";"BR-393/RJ";"Crescente";"Colisão lateral no mesmo sentido";0;1;0;1;0;0;0;0;0;0;0;0;0;1;0
"16/06/2024";"03:59:43";"16";"Com vítima";"152,000";"BR-393/RJ";"Crescente";"Saída de pista";1;0;0;0;0;0;0;0;0;0;0;1;0;0;0
"17/06/2024";"03:07:54";"17";"Com vítima";"274,300";"BR-393/RJ";"Decrescente";"Colisão frontal";1;0;0;0;0;0;0;0;0;1;0;0;0;3;0
"18/06/2024";"05:48:50";"17";"Com vítima";"103,000";"BR-393/RJ";"Decrescente";"Colisão traseira";1;0;0;1;0;0;0;0;0;0;1;1;0;0;0
"18/06/2024";"11:37:16";"72";"Com vítima";"242,000";"BR-393/RJ";"Crescente";"Saída de pista";1;0;0;0;0;0;0;0;0;0;0;0;0;1;0
"19/06/2024";"08:37:42";"35";"Com vítima";"283,500";"BR-393/RJ";"Crescente";"Colisão transversal";0;0;0;1;0;0;0;0;0;0;0;1;0;0;0
"24/06/2024";"02:20:57";"12";"Com vítima";"171,500";"BR-393/RJ";"Decrescente";"Colisão traseira";0;0;1;0;0;0;0;0;0;1;2;0;0;1;0