data;horario;n_da_ocorrencia;tipo_de_ocorrencia;km;trecho;sentido;tipo_de_acidente;automovel;bicicleta;caminhao;moto;onibus;outros;tracao_animal;transporte_de_cargas_especiais;trator_maquinas;utilitarios;ilesos;levemente_feridos;moderadamente_feridos;gravemente_feridos;mortos
"24/06/2024";"04:21:30";"14";"Com vítima";"172,599";"BR-393/RJ";"Decrescente";"Colisão traseira";1;0;0;1;0;0;0;0;0;0;1;0;0;1;0
"26/06/2024";"09:08:17";"34";"Com vítima";"240,500";"BR-393/RJ";"Decrescente";"Queda de moto";0;0;0;1;0;0;0;0;0;0;0;0;0;0;0
"27/06/2024";"06:34:26";"20";"Com vítima";"207,000";"BR-393/RJ";"Decrescente";"Colisão traseira";2;0;0;0;0;0;0;0;0;0;0;2;0;0;0
"27/06/2024";"01:44:31";"41";"Com vítima";"282,199";"BR-393/RJ";"Decrescente";"Colisão transversal";1;0;1;1;0;0;0;0;0;0;2;1;0;0;0
"29/06/2024";"09:37:17";"31";"Com vítima";"281,300";"BR-393/RJ";"Crescente";"Colisão transversal";1;0;0;1;0;0;0;0;0;0;3;0;0;1;0
"29/06/2024";"10:22:16";"32";"Com vítima";"283,500";"BR-393/RJ";"Decrescente";"Colisão transversal";0;0;0;2;0;0;0;0;0;0;0;0;0;2;0
"29/06/2024";"12:49:00";"42";"Sem vítima";"280,600";"BR-393/RJ";"Crescente";"Colisão traseira";1;0;1;0;0;0;0;0;0;0;3;0;0;0;0
"30/06/2024";"12:03:01";"2";"Com vítima";"242,500";"BR-393/RJ";"Decrescente";"Choque";1;0;0;0;0;0;0;0;0;0;0;0;0;1;0
"30/06/2024";"03:34:25";"35";"Sem vítima";"129,600";"BR-393/RJ";"Crescente";"Colisão lateral no mesmo sentido";1;0;0;0;0;0;0;0;0;0;1;0;0;0;0
"01/07/2024";"03:36:14";"45";"Com vítima";"134,990";"BR-393/RJ";"Decrescente";"Queda de moto";0;0;0;1;0;0;0;0;0;0;0;0;0;1;0
"04/07/2024";"03:50:49";"61";"Sem vítima";"280,500";"BR-393/RJ";"Crescente";"Colisão traseira";2;0;0;0;0;0;0;0;0;0;2;0;0;0;0
"05/07/2024";"12:08:28";"38";"Com vítima";"279,500";"BR-393/RJ";"Crescente";"Queda de moto";0;0;0;1;0;0;0;0;0;0;0;1;0;0;0
"05/07/2024";"11:54:54";"3";"Com vítima";"141,400";"BR-393/RJ";"Decrescente";"Saída de pista";1;0;0;0;0;0;0;0;0;0;0;0;0;1;0
"06/07/2024";"07:22:39";"19";"Com vítima";"158,400";"BR-393/RJ";"Decrescente";"Capotamento";1;0;1;0;0;0;0;0;0;0;2;1;0;1;0
"07/07/2024";"11:51:01";"17";"Com vítima";"242,914";"BR-393/RJ";"Crescente";"Saída de pista";1;0;0;0;0;0;0;0;0;0;0;1;0;0;0
"08/07/2024";"02:10:55";"8";"Com vítima";"198,800";"BR-393/RJ";"Decrescente";"Atropelamento de animal";1;0;0;0;0;0;0;0;0;0;0;1;0;0;0
"09/07/2024";"04:55:07";"9";"Sem vítima";"225,199";"BR-393/RJ";"Decrescente";"Saída de pista";1;0;0;0;0;0;0;0;0;0;1;0;0;0;0
"10/07/2024";"09:01:37";"30";"Com vítima";"105,300";"BR-393/RJ";"Decrescente";"Acidentes de outra natureza";0;0;0;1;0;0;0;0;0;0;0;0;0;4;0
"10/07/2024";"09:45:12";"34";"Sem vítima";"140,199";"BR-393/RJ";"Decrescente";"Tombamento";1;0;0;0;0;0;0;0;0;0;0;0;0;0;0
"11/07/2024";"05:22:41";"14";"Com vítima";"250,800";"BR-393/RJ";"Crescente";"Saída de pista";1;0;0;0;0;0;0;0;0;0;0;1;0;0;0
"12/07/2024";"02:49:50";"53";"Com vítima";"282,399";"BR-393/RJ";"Decrescente";"Colisão lateral no mesmo sentido";1;0;0;1;0;0;0;0;0;0;2;0;0;1;0
"13/07/2024";"01:29:55";"44";"Com vítima";"136,400";"BR-393/RJ";"Decrescente";"Capotamento";1;0;0;0;0;0;0;0;0;0;0;0;0;1;0
"16/07/2024";"04:03:37";"59";"Sem vítima";"276,100";"BR-393/RJ";"Crescente";"Colisão traseira";2;0;0;0;0;0;0;0;0;0;4;0;0;0;0
"17/07/2024";"07:12:40";"25";"Com vítima";"244,599";"BR-393/RJ";"Decrescente";"Colisão traseira";2;0;0;0;0;0;0;0;0;0;1;1;0;0;0
"17/07/2024";"02:41:53";"56";"Com vítima";"169,500";"BR-393/RJ";"Crescente";"Saída de pista";0;0;0;0;0;0;0;0;0;1;0;0;0;1;0
"18/07/2024";"09:51:38";"46";"Com vítima";"106,000";"BR-393/RJ";"Decrescente";"Colisão lateral no mesmo sentido";1;0;0;1;0;0;0;0;0;0;1;0;0;0;0
"19/07/2024";"07:36:52";"24";"Com vítima";"281,100";"BR-393/RJ";"Crescente";"Queda de moto";0;0;0;1;0;0;0;0;0;0;0;1;0;0;0
"19/07/2024";"12:28:27";"49";"Com vítima";"205,800";"BR-393/RJ";"Crescente";"Choque";1;0;0;0;0;0;0;0;0;0;0;0;0;3;0
"21/07/2024";"12:44:23";"37";"Com vítima";"258,990";"BR-393/RJ";"Decrescente";"Queda de moto";0;0;0;1;0;0;0;0;0;0;1;0;0;0;0
"21/07/2024";"07:54:32";"55";"Sem vítima";"219,900";"BR-393/RJ";"Decrescente";"Atropelamento de animal";0;0;1;0;0;0;0;0;0;0;1;0;0;0;0
"22/07/2024";"06:42:54";"22";"Com vítima";"168,500";"BR-393/RJ";"Decrescente";"Queda de moto";0;0;0;1;0;0;0;0;0;0;0;1;0;0;0
"24/07/2024";"07:02:58";"21";"Sem vítima";"284,300";"BR-393/RJ";"Decrescente";"Choque";1;0;0;0;0;0;0;0;0;0;1;0;0;0;0
"26/07/2024";"05:49:20";"76";"Sem vítima";"187,100";"BR-393/RJ";"Decrescente";"Saída de pista";0;0;1;0;0;0;0;0;0;0;0;0;0;0;0
"26/07/2024";"12:13:57";"57";"Com vítima";"130,900";"BR-393/RJ";"Decrescente";"Colisão traseira";1;0;1;0;0;0;0;0;0;0;5;1;0;0;0
"28/07/2024";"07:39:00";"18";"Sem vítima";"257,800";"BR-393/RJ";"Crescente";"Queda de moto";0;0;0;1;0;0;0;0;0;0;0;0;0;1;0
"28/07/2024";"01:26:42";"43";"Com vítima";"175,618";"BR-393/RJ";"Crescente";"Colisão transversal";1;0;0;0;0;0;0;0;0;0;0;1;0;0;0
"28/07/2024";"06:37:37";"70";"Sem vítima";"155,699";"BR-393/RJ";"Decrescente";"Acidentes de outra natureza";1;0;0;0;0;0;0;0;0;0;5;0;0;0;0
"29/07/2024";"03:09:46";"59";"Com vítima";"190,699";"BR-393/RJ";"Crescente";"Saída de pista";1;0;0;0;0;0;0;0;0;0;2;0;0;1;0
"30/07/2024";"04:35:14";"64";"Com vítima";"239,300";"BR-393/RJ";"Decrescente";"Saída de pista";0;0;1;0;0;0;0;0;0;0;0;1;0;0;0
"31/07/2024";"08:59:01";"28";"Com vítima";"260,600";"BR-393/RJ";"Crescente";"Saída de pista";0;0;1;0;0;0;0;0;0;0;0;1;0;0;0
"01/08/2024";"01:49:14";"3";"Com vítima";"249,701";"BR-393/RJ";"Crescente";"Colisão lateral no mesmo sentido";0;0;0;1;0;0;0;0;0;0;0;0;0;0;0
"01/08/2024";"06:04:56";"13";"Com vítima";"186,800";"BR-393/RJ";"Decrescente";"Colisão lateral em sentido contrário";0;0;1;0;0;0;0;0;0;0;0;0;0;1;0
"03/08/2024";"09:54:11";"31";"Com vítima";"106,299";"BR-393/RJ";"Decrescente";"Queda de moto";0;0;0;1;0;0;0;0;0;0;0;0;0;0;0
"05/08/2024";"04:05:08";"8";"Com vítima";"280,100";"BR-393/RJ";"Crescente";"Colisão transversal";1;0;0;1;0;0;0;0;0;0;1;0;0;1;0
"06/08/2024";"10:50:51";"55";"Sem vítima";"284,301";"BR-393/RJ";"Crescente";"Engavetamento";3;0;0;0;0;0;0;0;0;0;5;0;0;0;0
"06/08/2024";"03:52:09";"67";"Com vítima";"168,199";"BR-393/RJ";"Decrescente";"Colisão lateral no mesmo sentido";1;0;0;1;0;0;0;0;0;0;1;0;0;1;0
"07/08/2024";"05:27:30";"13";"Com vítima";"230,699";"BR-393/RJ";"Decrescente";"Colisão lateral no mesmo sentido";1;0;0;0;0;0;0;0;0;0;0;1;0;0;0
"08/08/2024";"06:13:56";"7";"Com vítima";"173,400";"BR-393/RJ";"Decrescente";"Colisão traseira";1;0;1;0;0;0;0;0;0;0;0;3;0;0;0
"08/08/2024";"10:06:22";"41";"Com vítima";"219,699";"BR-393/RJ";"Crescente";"Acidentes de outra natureza";1;0;0;0;0;0;0;0;0;0;0;0;0;1;0
"08/08/2024";"02:21:20";"47";"Com vítima";"171,500";"BR-393/RJ";"Crescente";"Colisão transversal";1;0;0;0;0;0;0;0;0;1;0;3;0;0;0
"09/08/2024";"07:14:49";"63";"Sem vítima";"271,600";"BR-393/RJ";"Decrescente";"Queda de moto";0;0;0;1;0;0;0;0;0;0;1;0;0;0;0
"10/08/2024";"01:50:02";"8";"Sem vítima";"169,199";"BR-393/RJ";"Decrescente";"Atropelamento de animal";1;0;0;0;0;0;0;0;0;0;3;0;0;0;0
"11/08/2024";"12:11:50";"34";"Com vítima";"155,000";"BR-393/RJ";"Decrescente";"Colisão lateral no mesmo sentido";1;0;0;1;0;0;0;0;0;0;4;0;0;1;0
"13/08/2024";"06:58:40";"63";"Sem vítima";"177,699";"BR-393/RJ";"Crescente";"Colisão traseira";0;0;2;0;0;0;0;0;0;0;4;0;0;0;0
"14/08/2024";"04:50:05";"9";"Com vítima";"134,699";"BR-393/RJ";"Decrescente";"Colisão lateral em sentido contrário";2;0;0;0;0;0;0;0;0;0;1;1;0;1;0
"14/08/2024";"04:55:39";"10";"Com vítima";"280,899";"BR-393/RJ";"Crescente";"Colisão transversal";0;0;0;2;0;0;0;0;0;0;2;0;0;1;0
"14/08/2024";"10:42:49";"38";"Com vítima";"280,100";"BR-393/RJ";"Crescente";"Colisão transversal";1;0;0;1;0;0;0;0;0;0;3;1;0;0;0
"14/08/2024";"03:26:48";"55";"Sem vítima";"285,899";"BR-393/RJ";"Decrescente";"Colisão traseira";2;0;0;0;0;0;0;0;0;0;3;0;0;0;0
"15/08/2024";"07:22:18";"40";"Com vítima";"285,899";"BR-393/RJ";"Crescente";"Colisão traseira";2;0;0;0;0;0;0;0;0;0;0;1;0;0;0
"16/08/2024";"05:19:34";"16";"Com vítima";"175,199";"BR-393/RJ";"Decrescente";"Colisão traseira";1;0;0;1;0;0;0;0;0;0;2;1;0;0;0
"16/08/2024";"12:32:44";"56";"Com vítima";"259,600";"BR-393/RJ";"Decrescente";"Choque";1;0;0;0;0;0;0;0;0;0;0;1;0;2;0
"17/08/2024";"09:24:29";"23";"Com vítima";"179,900";"BR-393/RJ";"Crescente";"Colisão frontal";2;0;0;0;0;0;0;0;0;0;0;0;0;3;0
"18/08/2024";"06:30:28";"20";"Com vítima";"164,500";"BR-393/RJ";"Decrescente";"Colisão lateral em sentido contrário";1;0;0;0;0;0;0;0;0;0;0;1;0;0;0
"18/08/2024";"07:52:03";"68";"Com vítima";"220,199";"BR-393/RJ";"Decrescente";"Queda de moto";1;0;0;1;0;0;0;0;0;0;1;0;0;0;0
"19/08/2024";"04:49:57";"10";"Sem vítima";"286,000";"BR-393/RJ";"Crescente";"Engavetamento";1;0;0;0;0;0;0;0;0;0;1;0;0;0;0
"19/08/2024";"05:59:42";"61";"Com vítima";"285,399";"BR-393/RJ";"Crescente";"Colisão lateral no mesmo sentido";2;0;0;0;0;0;0;0;0;0;0;2;0;0;0
"21/08/2024";"09:22:00";"44";"Com vítima";"149,990";"BR-393/RJ";"Crescente";"Saída de pista";0;0;1;0;0;0;0;0;0;0;0;1;0;0;0
"22/08/2024";"03:39:00";"54";"Sem vítima";"279,899";"BR-393/RJ";"Crescente";"Colisão traseira";1;0;0;0;0;0;0;0;0;1;2;0;0;0;0
"24/08/2024";"03:58:00";"11";"Com vítima";"179,000";"BR-393/RJ";"Crescente";"Choque";1;0;0;0;0;0;0;0;0;0;0;1;0;0;0
"24/08/2024";"07:42:00";"52";"Com vítima";"280,000";"BR-393/RJ";"Crescente";"Colisão transversal";1;0;0;1;0;0;0;0;0;0;0;1;0;1;0
"25/08/2024";"02:07:00";"39";"Com vítima";"285,000";"BR-393/RJ";"Decrescente";"Colisão transversal";2;0;0;0;0;0;0;0;0;0;0;3;0;0;0
"26/08/2024";"04:34:00";"7";"Com vítima";"233,900";"BR-393/RJ";"Decrescente";"Colisão lateral no mesmo sentido";0;0;1;1;0;0;0;0;0;0;1;0;0;1;0
"28/08/2024";"03:34:00";"59";"Com vítima";"236,000";"BR-393/RJ";"Decrescente";"Queda de moto";0;0;0;1;0;0;0;0;0;0;0;0;0;1;0
"29/08/2024";"03:40:00";"3";"Com vítima";"262,199";"BR-393/RJ";"Crescente";"Colisão lateral no mesmo sentido";1;0;1;0;0;0;0;0;0;0;1;0;0;2;0
"29/08/2024";"01:15:00";"49";"Sem vítima";"162,900";"BR-393/RJ";"Crescente";"Queda de moto";0;0;0;1;0;0;0;0;0;0;0;0;0;0;0
"30/08/2024";"06:18:00";"60";"Com vítima";"257,800";"BR-393/RJ";"Decrescente";"Tombamento";0;0;1;0;0;0;0;0;0;0;0;0;0;1;0
"02/09/2024";"07:56:00";"32";"Com vítima";"285,000";"BR-393/RJ";"Crescente";"Queda de moto";0;0;0;1;0;0;0;0;0;0;0;0;0;1;0
"02/09/2024";"03:42:00";"61";"Com vítima";"122,000";"BR-393/RJ";"Decrescente";"Saída de pista";1;0;0;0;0;0;0;0;0;0;0;0;0;1;0
"03/09/2024";"03:58:00";"43";"Com vítima";"285,500";"BR-393/RJ";"Decrescente";"Engavetamento";3;0;0;0;0;0;0;0;0;0;7;0;0;1;0
"03/09/2024";"04:17:00";"44";"Sem vítima";"203,500";"BR-393/RJ";"Decrescente";"Atropelamento de animal";0;0;1;0;0;0;0;0;0;0;1;0;0;0;0
"04/09/2024";"07:29:00";"76";"Com vítima";"271,399";"BR-393/RJ";"Decrescente";"Colisão frontal";0;0;1;0;0;0;0;0;0;2;0;4;0;0;0
"06/09/2024";"01:50:00";"45";"Com vítima";"168,000";"BR-393/RJ";"Crescente";"Colisão transversal";1;0;0;0;0;0;0;0;0;0;0;1;0;0;0
"07/09/2024";"07:41:00";"28";"Com vítima";"137,300";"BR-393/RJ";"Decrescente";"Colisão traseira";1;0;0;1;0;0;0;0;0;0;3;0;0;1;0
"07/09/2024";"07:43:00";"61";"Com vítima";"235,300";"BR-393/RJ";"Decrescente";"Colisão lateral no mesmo sentido";2;0;0;0;0;0;0;0;0;0;1;0;0;1;0
"07/09/2024";"08:26:00";"62";"Sem vítima";"239,000";"BR-393/RJ";"Crescente";"Saída de pista";1;0;0;0;0;0;0;0;0;0;2;0;0;0;0
"08/09/2024";"09:04:00";"31";"Com vítima";"186,699";"BR-393/RJ";"Decrescente";"Queda de moto";0;0;0;1;0;0;0;0;0;0;0;0;0;0;0
"08/09/2024";"03:26:00";"56";"Com vítima";"226,300";"BR-393/RJ";"Decrescente";"Saída de pista";1;0;1;0;0;0;0;0;0;0;1;0;0;0;0
"10/09/2024";"03:30:00";"9";"Com vítima";"244,000";"BR-393/RJ";"Decrescente";"Queda de moto";0;0;0;1;0;0;0;0;0;0;0;0;0;1;0
"10/09/2024";"04:42:00";"13";"Com vítima";"107,000";"BR-393/RJ";"Decrescente";"Colisão transversal";1;0;0;1;0;0;0;0;0;0;1;1;0;0;0
"11/09/2024";"05:55:00";"16";"Sem vítima";"284,000";"BR-393/RJ";"Decrescente";"Colisão traseira";2;0;0;0;0;0;0;0;0;0;5;0;0;0;0
"11/09/2024";"11:33:00";"41";"Sem vítima";"207,800";"BR-393/RJ";"Crescente";"Colisão lateral em sentido contrário";1;0;1;0;0;0;0;0;0;0;2;0;0;0;0
"12/09/2024";"11:01:00";"55";"Com vítima";"253,700";"BR-393/RJ";"Decrescente";"Queda de moto";0;0;0;1;0;0;0;0;0;0;0;1;0;0;0
"14/09/2024";"10:56:00";"20";"Com vítima";"235,000";"BR-393/RJ";"Decrescente";"Colisão transversal";1;0;0;1;0;0;0;0;0;0;5;0;0;1;0
"15/09/2024";"02:17:00";"9";"Com vítima";"247,699";"BR-393/RJ";"Decrescente";"Colisão frontal";2;0;0;0;0;0;0;0;0;0;0;1;0;2;0
"17/09/2024";"05:18:00";"6";"Com vítima";"239,800";"BR-393/RJ";"Decrescente";"Queda de moto";0;0;0;1;0;0;0;0;0;0;0;1;0;0;0
"17/09/2024";"05:17:00";"49";"Com vítima";"139,500";"BR-393/RJ";"Decrescente";"Queda de moto";0;0;0;1;0;0;0;0;0;0;0;1;0;0;0
"18/09/2024";"03:42:00";"12";"Com vítima";"174,400";"BR-393/RJ";"Crescente";"Acidentes de outra natureza";1;0;0;0;0;0;0;0;0;0;0;1;0;0;0
"18/09/2024";"04:03:00";"64";"Com vítima";"168,000";"BR-393/RJ";"Decrescente";"Colisão lateral no mesmo sentido";1;0;0;1;0;0;0;0;0;0;2;0;0;1;0
"21/09/2024";"06:38:00";"18";"Com vítima";"250,300";"BR-393/RJ";"Crescente";"Colisão transversal";1;0;0;1;0;0;0;0;0;0;1;1;0;0;0
"22/09/2024";"02:39:00";"44";"Com vítima";"255,100";"BR-393/RJ";"Crescente";"Acidentes de outra natureza";0;0;2;0;0;0;0;0;0;0;0;5;0;0;0
"23/09/2024";"04:23:00";"10";"Com vítima";"284,000";"BR-393/RJ";"Decrescente";"Colisão frontal";1;0;0;1;0;0;0;0;0;0;1;0;0;1;0
"23/09/2024";"07:50:00";"35";"Sem vítima";"282,000";"BR-393/RJ";"Decrescente";"Colisão traseira";1;0;0;0;0;0;0;0;0;0;1;0;0;0;0
"23/09/2024";"02:35:00";"64";"Com vítima";"250,400";"BR-393/RJ";"Crescente";"Colisão lateral no mesmo sentido";1;0;0;0;0;0;0;0;0;0;0;2;0;0;0
"28/09/2024";"01:32:00";"10";"Com vítima";"124,000";"BR-393/RJ";"Crescente";"Queda de moto";0;0;0;1;0;0;0;0;0;0;0;1;0;0;0
"30/09/2024";"06:25:00";"19";"Sem vítima";"286,000";"BR-393/RJ";"Crescente";"Engavetamento";3;0;0;0;0;0;0;0;0;0;3;0;0;0;0
"01/10/2024";"05:35:00";"24";"Com vítima";"280,900";"BR-393/RJ";"Crescente";"Engavetamento";3;0;0;0;0;0;0;0;0;0;2;3;0;0;0
"02/10/2024";"06:03:00";"57";"Com vítima";"245,599";"BR-393/RJ";"Decrescente";"Colisão lateral em sentido contrário";2;0;0;0;0;0;0;0;0;0;0;0;0;2;0
"06/10/2024";"09:11:00";"25";"Com vítima";"105,900";"BR-393/RJ";"Crescente";"Colisão lateral no mesmo sentido";1;0;0;1;0;0;0;0;0;0;2;1;0;0;0
"06/10/2024";"11:54:00";"31";"Com vítima";"102,500";"BR-393/RJ";"Decrescente";"Colisão frontal";1;0;0;1;0;0;0;0;0;0;3;0;0;1;0
"10/10/2024";"04:02:00";"12";"Com vítima";"172,300";"BR-393/RJ";"Decrescente";"Capotamento";1;0;0;0;0;0;0;0;0;0;0;2;0;0;0
"10/10/2024";"09:59:00";"38";"Com vítima";"171,000";"BR-393/RJ";"Crescente";"Queda de moto";0;0;0;1;0;0;0;0;0;0;0;0;0;0;0
"10/10/2024";"04:04:00";"52";"Com vítima";"177,500";"BR-393/RJ";"Crescente";"Queda de moto";0;0;0;1;0;0;0;0;0;0;0;0;0;1;0
"11/10/2024";"02:32:00";"8";"Com vítima";"139,600";"BR-393/RJ";"Decrescente";"Capotamento";1;0;0;0;0;0;0;0;0;0;1;0;0;1;0
"11/10/2024";"06:25:00";"32";"Com vítima";"114,299";"BR-393/RJ";"Crescente";"Colisão frontal";2;0;0;0;0;0;0;0;0;0;1;0;0;2;0
"11/10/2024";"06:14:00";"67";"Com vítima";"201,900";"BR-393/RJ";"Crescente";"Colisão transversal";2;0;0;0;0;0;0;0;0;0;0;0;0;2;0
"12/10/2024";"10:11:00";"24";"Sem vítima";"108,000";"BR-393/RJ";"Crescente";"Choque";0;0;1;0;0;0;0;0;0;0;1;0;0;0;0
"16/10/2024";"02:58:00";"9";"Com vítima";"114,299";"BR-393/RJ";"Decrescente";"Choque";0;0;1;0;0;0;0;0;0;0;0;0;0;3;0
"17/10/2024";"01:50:00";"54";"Com vítima";"280,100";"BR-393/RJ";"Decrescente";"Colisão transversal";0;0;0;2;0;0;0;0;0;2;10;0;0;5;0
"20/10/2024";"02:54:00";"6";"Com vítima";"180,000";"BR-393/RJ";"Decrescente";"Colisão lateral em sentido contrário";1;0;1;0;0;0;0;0;0;0;0;2;0;1;0
"20/10/2024";"01:01:00";"31";"Com vítima";"242,300";"BR-393/RJ";"Crescente";"Capotamento";1;0;0;0;0;0;0;0;0;0;0;2;0;0;0
"20/10/2024";"01:24:00";"32";"Com vítima";"162,900";"BR-393/RJ";"Crescente";"Colisão lateral no mesmo sentido";1;0;1;0;0;0;0;0;0;0;2;1;0;0;0
"21/10/2024";"12:12:00";"58";"Com vítima";"138,400";"BR-393/RJ";"Crescente";"Choque";1;0;0;0;0;0;0;0;0;0;0;3;0;0;0
"21/10/2024";"01:12:00";"63";"Com vítima";"174,300";"BR-393/RJ";"Decrescente";"Acidentes de outra natureza";0;0;1;0;0;0;0;0;0;0;0;1;0;0;0
"22/10/2024";"08:49:00";"50";"Com vítima";"104,000";"BR-393/RJ";"Crescente";"Colisão traseira";0;0;0;1;0;0;0;0;0;0;0;2;0;0;0
"23/10/2024";"04:58:00";"73";"Com vítima";"146,950";"BR-393/RJ";"Decrescente";"Atropelamento de animal";0;0;0;1;0;0;0;0;0;0;0;0;0;1;0
"24/10/2024";"04:23:00";"59";"Com vítima";"206,900";"BR-393/RJ";"Decrescente";"Saída de pista";1;0;0;0;0;0;0;0;0;0;0;2;0;0;0
"26/10/2024";"08:40:00";"25";"Com vítima";"267,000";"BR-393/RJ";"Crescente";"Capotamento";1;0;0;0;0;0;0;0;0;0;0;0;0;1;0
"26/10/2024";"06:01:00";"57";"Com vítima";"276,300";"BR-393/RJ";"Crescente";"Capotamento";1;0;0;0;0;0;0;0;0;0;0;0;0;1;0
"26/10/2024";"06:47:00";"59";"Com vítima";"141,600";"BR-393/RJ";"Decrescente";"Saída de pista";1;0;0;0;0;0;0;0;0;0;0;2;0;0;0
"26/10/2024";"06:54:00";"60";"Com vítima";"132,900";"BR-393/RJ";"Decrescente";"Choque";1;0;0;0;0;0;0;0;0;0;0;0;0;1;0
"27/10/2024";"11:00:00";"3";"Com vítima";"233,700";"BR-393/RJ";"Crescente";"Choque";1;0;0;0;0;0;0;0;0;0;0;0;0;1;0
"28/10/2024";"10:03:00";"2";"Com vítima";"193,000";"BR-393/RJ";"Decrescente";"Atropelamento de animal";0;0;1;0;0;0;0;0;0;0;0;0;0;1;0
"31/10/2024";"04:08:00";"53";"Com vítima";"171,300";"BR-393/RJ";"Crescente";"Acidentes de outra natureza";1;0;0;0;0;0;0;0;0;0;0;1;0;0;0
"02/11/2024";"09:26:00";"20";"Com vítima";"285,899";"BR-393/RJ";"Decrescente";"Colisão traseira";1;0;0;1;0;0;0;0;0;0;5;0;0;0;0
"03/11/2024";"10:43:00";"21";"Com vítima";"235,990";"BR-393/RJ";"Crescente";"Colisão transversal";1;0;0;1;0;0;0;0;0;0;0;1;0;0;0
"04/11/2024";"05:23:00";"12";"Com vítima";"233,800";"BR-393/RJ";"Crescente";"Colisão frontal";3;0;0;0;0;0;0;0;0;0;0;2;0;1;0
"04/11/2024";"08:39:00";"28";"Com vítima";"281,699";"BR-393/RJ";"Decrescente";"Colisão lateral em sentido contrário";1;0;0;1;0;0;0;0;0;0;1;0;0;1;0
"04/11/2024";"12:35:00";"44";"Com vítima";"246,800";"BR-393/RJ";"Decrescente";"Queda de moto";0;0;0;1;0;0;0;0;0;0;0;1;0;0;0
"05/11/2024";"08:16:00";"34";"Com vítima";"281,500";"BR-393/RJ";"Decrescente";"Colisão lateral no mesmo sentido";1;0;0;1;0;0;0;0;0;0;1;0;0;1;0
"06/11/2024";"11:45:00";"40";"Com vítima";"168,900";"BR-393/RJ";"Crescente";"Colisão transversal";2;0;0;0;0;0;0;0;0;0;4;1;0;0;0
"07/11/2024";"11:47:00";"2";"Com vítima";"278,899";"BR-393/RJ";"Decrescente";"Saída de pista";1;0;0;0;0;0;0;0;0;0;0;1;0;0;0
"08/11/2024";"11:51:00";"48";"Com vítima";"274,399";"BR-393/RJ";"Decrescente";"Saída de pista";1;0;0;0;0;0;0;0;0;0;0;0;0;1;0
"10/11/2024";"07:24:00";"73";"Com vítima";"285,000";"BR-393/RJ";"Decrescente";"Saída de pista";1;0;0;0;0;0;0;0;0;0;0;1;0;2;0
"11/11/2024";"12:06:00";"59";"Com vítima";"229,699";"BR-393/RJ";"Crescente";"Queda de moto";0;0;0;1;0;0;0;0;0;0;0;0;0;1;0
"12/11/2024";"01:53:00";"10";"Sem vítima";"183,800";"BR-393/RJ";"Crescente";"Atropelamento de animal";1;0;0;0;0;0;0;0;0;0;3;0;0;0;0
"12/11/2024";"03:17:00";"66";"Com vítima";"283,500";"BR-393/RJ";"Decrescente";"Colisão lateral no mesmo sentido";0;0;0;2;0;0;0;0;0;0;0;0;0;4;0
"13/11/2024";"09:39:00";"4";"Com vítima";"172,599";"BR-393/RJ";"Decrescente";"Atropelamento de animal";0;0;1;0;0;0;0;0;0;0;0;1;0;0;0
"17/11/2024";"07:26:00";"45";"Com vítima";"167,900";"BR-393/RJ";"Crescente";"Colisão lateral no mesmo sentido";1;0;0;1;0;0;0;0;0;0;1;1;0;1;0
"17/11/2024";"04:45:00";"106";"Com vítima";"143,500";"BR-393/RJ";"Decrescente";"Queda de moto";0;0;0;1;0;0;0;0;0;0;0;0;0;1;0
"20/11/2024";"06:51:00";"66";"Com vítima";"104,600";"BR-393/RJ";"Decrescente";"Colisão frontal";1;0;0;1;0;0;0;0;0;0;1;0;0;0;0
"21/11/2024";"07:47:00";"66";"Com vítima";"210,000";"BR-393/RJ";"Decrescente";"Colisão lateral no mesmo sentido";0;0;0;1;0;0;0;0;0;0;0;0;0;0;0
"22/11/2024";"04:26:00";"10";"Com vítima";"243,199";"BR-393/RJ";"Decrescente";"Saída de pista";1;0;0;0;0;0;0;0;0;0;0;0;0;0;0
"22/11/2024";"06:37:00";"22";"Com vítima";"232,000";"BR-393/RJ";"Decrescente";"Colisão transversal";1;0;1;0;0;0;0;0;0;0;0;1;0;1;0
"25/11/2024";"01:05:00";"45";"Com vítima";"278,699";"BR-393/RJ";"Crescente";"Colisão traseira";2;0;0;0;0;0;0;0;0;0;2;0;0;1;0